2025-12-29 23:25:35 UTC - email_service - INFO - [unknown:unknown:0] -
Logging service initialized - log rotation: 9.5MB max, backup count: 100, cleanup scheduled via cron service at 02:00 AM daily (14 days retention)


2025-12-29 23:25:35 UTC - email_service - INFO - [email_service.py:__init__:36] -
Email service initialized


2026-01-27 06:58:20 UTC - email_service - ERROR - [main.py:health_check:151] -
Health check failed
Context:
  error: [Errno 99] Cannot assign requested address
  timestamp: 2026-01-27T04:58:20.139764


2026-02-17 00:59:38 UTC - email_service - INFO - [unknown:unknown:0] -
Logging service initialized - log rotation: 9.5MB max, backup count: 100, cleanup scheduled via cron service at 02:00 AM daily (14 days retention)


2026-02-17 00:59:38 UTC - email_service - INFO - [email_service.py:__init__:36] -
Email service initialized


2026-02-17 01:02:13 UTC - email_service - ERROR - [main.py:health_check:151] -
Health check failed
Context:
  error: [Errno 99] Cannot assign requested address
  timestamp: 2026-02-16T23:02:13.954338


2026-02-17 01:04:25 UTC - email_service - ERROR - [main.py:health_check:151] -
Health check failed
Context:
  error: [Errno 99] Cannot assign requested address
  timestamp: 2026-02-16T23:04:24.999482


2026-02-17 01:06:36 UTC - email_service - ERROR - [main.py:health_check:151] -
Health check failed
Context:
  error: [Errno 99] Cannot assign requested address
  timestamp: 2026-02-16T23:06:36.072142


2026-02-17 01:08:47 UTC - email_service - ERROR - [main.py:health_check:151] -
Health check failed
Context:
  error: [Errno 99] Cannot assign requested address
  timestamp: 2026-02-16T23:08:47.143788


2026-02-17 01:10:58 UTC - email_service - ERROR - [main.py:health_check:151] -
Health check failed
Context:
  error: [Errno 99] Cannot assign requested address
  timestamp: 2026-02-16T23:10:58.215000


2026-02-17 01:13:09 UTC - email_service - ERROR - [main.py:health_check:151] -
Health check failed
Context:
  error: [Errno 99] Cannot assign requested address
  timestamp: 2026-02-16T23:13:09.287527


2026-02-17 01:15:20 UTC - email_service - ERROR - [main.py:health_check:151] -
Health check failed
Context:
  error: [Errno 99] Cannot assign requested address
  timestamp: 2026-02-16T23:15:20.366596


2026-02-17 01:17:31 UTC - email_service - ERROR - [main.py:health_check:151] -
Health check failed
Context:
  error: [Errno 99] Cannot assign requested address
  timestamp: 2026-02-16T23:17:31.435244


2026-02-17 01:19:42 UTC - email_service - ERROR - [main.py:health_check:151] -
Health check failed
Context:
  error: [Errno 99] Cannot assign requested address
  timestamp: 2026-02-16T23:19:42.506245


2026-02-17 01:21:53 UTC - email_service - ERROR - [main.py:health_check:151] -
Health check failed
Context:
  error: [Errno 99] Cannot assign requested address
  timestamp: 2026-02-16T23:21:53.575592


2026-02-17 01:24:04 UTC - email_service - ERROR - [main.py:health_check:151] -
Health check failed
Context:
  error: [Errno 99] Cannot assign requested address
  timestamp: 2026-02-16T23:24:04.648504


2026-02-17 01:26:15 UTC - email_service - ERROR - [main.py:health_check:151] -
Health check failed
Context:
  error: [Errno 99] Cannot assign requested address
  timestamp: 2026-02-16T23:26:15.721169


2026-02-17 01:28:26 UTC - email_service - ERROR - [main.py:health_check:151] -
Health check failed
Context:
  error: [Errno 99] Cannot assign requested address
  timestamp: 2026-02-16T23:28:26.792378


2026-02-17 01:30:37 UTC - email_service - ERROR - [main.py:health_check:151] -
Health check failed
Context:
  error: [Errno 99] Cannot assign requested address
  timestamp: 2026-02-16T23:30:37.864185


2026-02-17 01:32:48 UTC - email_service - ERROR - [main.py:health_check:151] -
Health check failed
Context:
  error: [Errno 99] Cannot assign requested address
  timestamp: 2026-02-16T23:32:48.935880


2026-02-17 01:35:00 UTC - email_service - ERROR - [main.py:health_check:151] -
Health check failed
Context:
  error: [Errno 99] Cannot assign requested address
  timestamp: 2026-02-16T23:35:00.008594


2026-02-17 01:37:11 UTC - email_service - ERROR - [main.py:health_check:151] -
Health check failed
Context:
  error: [Errno 99] Cannot assign requested address
  timestamp: 2026-02-16T23:37:11.080240


2026-02-17 01:39:22 UTC - email_service - ERROR - [main.py:health_check:151] -
Health check failed
Context:
  error: [Errno 99] Cannot assign requested address
  timestamp: 2026-02-16T23:39:22.151891


2026-02-17 01:41:33 UTC - email_service - ERROR - [main.py:health_check:151] -
Health check failed
Context:
  error: [Errno 99] Cannot assign requested address
  timestamp: 2026-02-16T23:41:33.224031


2026-02-17 01:43:44 UTC - email_service - ERROR - [main.py:health_check:151] -
Health check failed
Context:
  error: [Errno 99] Cannot assign requested address
  timestamp: 2026-02-16T23:43:44.295412


2026-02-17 01:45:55 UTC - email_service - ERROR - [main.py:health_check:151] -
Health check failed
Context:
  error: [Errno 99] Cannot assign requested address
  timestamp: 2026-02-16T23:45:55.368390


2026-02-17 01:48:06 UTC - email_service - ERROR - [main.py:health_check:151] -
Health check failed
Context:
  error: [Errno 99] Cannot assign requested address
  timestamp: 2026-02-16T23:48:06.440506


2026-02-17 01:50:17 UTC - email_service - ERROR - [main.py:health_check:151] -
Health check failed
Context:
  error: [Errno 99] Cannot assign requested address
  timestamp: 2026-02-16T23:50:17.511741


2026-02-17 01:52:28 UTC - email_service - ERROR - [main.py:health_check:151] -
Health check failed
Context:
  error: [Errno 99] Cannot assign requested address
  timestamp: 2026-02-16T23:52:28.583919


2026-02-17 01:54:39 UTC - email_service - ERROR - [main.py:health_check:151] -
Health check failed
Context:
  error: [Errno 99] Cannot assign requested address
  timestamp: 2026-02-16T23:54:39.654770


2026-02-17 01:56:50 UTC - email_service - ERROR - [main.py:health_check:151] -
Health check failed
Context:
  error: [Errno 99] Cannot assign requested address
  timestamp: 2026-02-16T23:56:50.727926


2026-02-17 01:59:01 UTC - email_service - ERROR - [main.py:health_check:151] -
Health check failed
Context:
  error: [Errno 99] Cannot assign requested address
  timestamp: 2026-02-16T23:59:01.799499


2026-02-17 02:01:12 UTC - email_service - ERROR - [main.py:health_check:151] -
Health check failed
Context:
  error: [Errno 99] Cannot assign requested address
  timestamp: 2026-02-17T00:01:12.871051


2026-02-17 02:03:23 UTC - email_service - ERROR - [main.py:health_check:151] -
Health check failed
Context:
  error: [Errno 99] Cannot assign requested address
  timestamp: 2026-02-17T00:03:23.943902


2026-02-17 02:05:35 UTC - email_service - ERROR - [main.py:health_check:151] -
Health check failed
Context:
  error: [Errno 99] Cannot assign requested address
  timestamp: 2026-02-17T00:05:35.016864


2026-02-17 02:07:46 UTC - email_service - ERROR - [main.py:health_check:151] -
Health check failed
Context:
  error: [Errno 99] Cannot assign requested address
  timestamp: 2026-02-17T00:07:46.087707


2026-02-17 02:09:57 UTC - email_service - ERROR - [main.py:health_check:151] -
Health check failed
Context:
  error: [Errno 99] Cannot assign requested address
  timestamp: 2026-02-17T00:09:57.159171


2026-02-17 02:12:08 UTC - email_service - ERROR - [main.py:health_check:151] -
Health check failed
Context:
  error: [Errno 99] Cannot assign requested address
  timestamp: 2026-02-17T00:12:08.232152


2026-02-17 02:14:19 UTC - email_service - ERROR - [main.py:health_check:151] -
Health check failed
Context:
  error: [Errno 99] Cannot assign requested address
  timestamp: 2026-02-17T00:14:19.303593


2026-02-17 02:16:30 UTC - email_service - ERROR - [main.py:health_check:151] -
Health check failed
Context:
  error: [Errno 99] Cannot assign requested address
  timestamp: 2026-02-17T00:16:30.375476


2026-02-17 02:18:41 UTC - email_service - ERROR - [main.py:health_check:151] -
Health check failed
Context:
  error: [Errno 99] Cannot assign requested address
  timestamp: 2026-02-17T00:18:41.448853


2026-02-17 02:20:52 UTC - email_service - ERROR - [main.py:health_check:151] -
Health check failed
Context:
  error: [Errno 99] Cannot assign requested address
  timestamp: 2026-02-17T00:20:52.518989


2026-02-17 02:23:03 UTC - email_service - ERROR - [main.py:health_check:151] -
Health check failed
Context:
  error: [Errno 99] Cannot assign requested address
  timestamp: 2026-02-17T00:23:03.591454


2026-02-17 02:25:14 UTC - email_service - ERROR - [main.py:health_check:151] -
Health check failed
Context:
  error: [Errno 99] Cannot assign requested address
  timestamp: 2026-02-17T00:25:14.663412


2026-02-17 02:27:25 UTC - email_service - ERROR - [main.py:health_check:151] -
Health check failed
Context:
  error: [Errno 99] Cannot assign requested address
  timestamp: 2026-02-17T00:27:25.735010


2026-02-17 02:29:36 UTC - email_service - ERROR - [main.py:health_check:151] -
Health check failed
Context:
  error: [Errno 99] Cannot assign requested address
  timestamp: 2026-02-17T00:29:36.808089


2026-02-17 02:31:47 UTC - email_service - ERROR - [main.py:health_check:151] -
Health check failed
Context:
  error: [Errno 99] Cannot assign requested address
  timestamp: 2026-02-17T00:31:47.879600


2026-02-17 02:33:58 UTC - email_service - ERROR - [main.py:health_check:151] -
Health check failed
Context:
  error: [Errno 99] Cannot assign requested address
  timestamp: 2026-02-17T00:33:58.952973


2026-02-17 02:36:10 UTC - email_service - ERROR - [main.py:health_check:151] -
Health check failed
Context:
  error: [Errno 99] Cannot assign requested address
  timestamp: 2026-02-17T00:36:10.023493


2026-02-17 02:38:21 UTC - email_service - ERROR - [main.py:health_check:151] -
Health check failed
Context:
  error: [Errno 99] Cannot assign requested address
  timestamp: 2026-02-17T00:38:21.095561


2026-02-17 02:40:32 UTC - email_service - ERROR - [main.py:health_check:151] -
Health check failed
Context:
  error: [Errno 99] Cannot assign requested address
  timestamp: 2026-02-17T00:40:32.167477


2026-02-17 02:42:43 UTC - email_service - ERROR - [main.py:health_check:151] -
Health check failed
Context:
  error: [Errno 99] Cannot assign requested address
  timestamp: 2026-02-17T00:42:43.239477


2026-02-17 02:44:54 UTC - email_service - ERROR - [main.py:health_check:151] -
Health check failed
Context:
  error: [Errno 99] Cannot assign requested address
  timestamp: 2026-02-17T00:44:54.313746


2026-02-17 02:47:05 UTC - email_service - ERROR - [main.py:health_check:151] -
Health check failed
Context:
  error: [Errno 99] Cannot assign requested address
  timestamp: 2026-02-17T00:47:05.382675


2026-02-17 02:49:16 UTC - email_service - ERROR - [main.py:health_check:151] -
Health check failed
Context:
  error: [Errno 99] Cannot assign requested address
  timestamp: 2026-02-17T00:49:16.457131


2026-02-17 02:51:27 UTC - email_service - ERROR - [main.py:health_check:151] -
Health check failed
Context:
  error: [Errno 99] Cannot assign requested address
  timestamp: 2026-02-17T00:51:27.527605


2026-02-17 02:53:38 UTC - email_service - ERROR - [main.py:health_check:151] -
Health check failed
Context:
  error: [Errno 99] Cannot assign requested address
  timestamp: 2026-02-17T00:53:38.602701


2026-02-17 02:55:49 UTC - email_service - ERROR - [main.py:health_check:151] -
Health check failed
Context:
  error: [Errno 99] Cannot assign requested address
  timestamp: 2026-02-17T00:55:49.671067


2026-02-17 02:58:00 UTC - email_service - ERROR - [main.py:health_check:151] -
Health check failed
Context:
  error: [Errno 99] Cannot assign requested address
  timestamp: 2026-02-17T00:58:00.749900


2026-02-17 03:00:11 UTC - email_service - ERROR - [main.py:health_check:151] -
Health check failed
Context:
  error: [Errno 99] Cannot assign requested address
  timestamp: 2026-02-17T01:00:11.815460


2026-02-17 03:02:22 UTC - email_service - ERROR - [main.py:health_check:151] -
Health check failed
Context:
  error: [Errno 99] Cannot assign requested address
  timestamp: 2026-02-17T01:02:22.887641


2026-02-17 03:04:33 UTC - email_service - ERROR - [main.py:health_check:151] -
Health check failed
Context:
  error: [Errno 99] Cannot assign requested address
  timestamp: 2026-02-17T01:04:33.959210


2026-02-17 03:06:45 UTC - email_service - ERROR - [main.py:health_check:151] -
Health check failed
Context:
  error: [Errno 99] Cannot assign requested address
  timestamp: 2026-02-17T01:06:45.030496


2026-02-17 03:08:56 UTC - email_service - ERROR - [main.py:health_check:151] -
Health check failed
Context:
  error: [Errno 99] Cannot assign requested address
  timestamp: 2026-02-17T01:08:56.106982


2026-02-17 03:11:07 UTC - email_service - ERROR - [main.py:health_check:151] -
Health check failed
Context:
  error: [Errno 99] Cannot assign requested address
  timestamp: 2026-02-17T01:11:07.174611


2026-02-17 03:13:18 UTC - email_service - ERROR - [main.py:health_check:151] -
Health check failed
Context:
  error: [Errno 99] Cannot assign requested address
  timestamp: 2026-02-17T01:13:18.246719


2026-02-17 03:15:29 UTC - email_service - ERROR - [main.py:health_check:151] -
Health check failed
Context:
  error: [Errno 99] Cannot assign requested address
  timestamp: 2026-02-17T01:15:29.319361


2026-02-17 03:17:40 UTC - email_service - ERROR - [main.py:health_check:151] -
Health check failed
Context:
  error: [Errno 99] Cannot assign requested address
  timestamp: 2026-02-17T01:17:40.393820


2026-02-17 03:19:51 UTC - email_service - ERROR - [main.py:health_check:151] -
Health check failed
Context:
  error: [Errno 99] Cannot assign requested address
  timestamp: 2026-02-17T01:19:51.462953


2026-02-17 03:22:02 UTC - email_service - ERROR - [main.py:health_check:151] -
Health check failed
Context:
  error: [Errno 99] Cannot assign requested address
  timestamp: 2026-02-17T01:22:02.534908


2026-02-17 03:24:13 UTC - email_service - ERROR - [main.py:health_check:151] -
Health check failed
Context:
  error: [Errno 99] Cannot assign requested address
  timestamp: 2026-02-17T01:24:13.606727


2026-02-17 03:26:24 UTC - email_service - ERROR - [main.py:health_check:151] -
Health check failed
Context:
  error: [Errno 99] Cannot assign requested address
  timestamp: 2026-02-17T01:26:24.678768


2026-02-17 03:28:35 UTC - email_service - ERROR - [main.py:health_check:151] -
Health check failed
Context:
  error: [Errno 99] Cannot assign requested address
  timestamp: 2026-02-17T01:28:35.751781


2026-02-17 03:30:46 UTC - email_service - ERROR - [main.py:health_check:151] -
Health check failed
Context:
  error: [Errno 99] Cannot assign requested address
  timestamp: 2026-02-17T01:30:46.825250


2026-02-17 03:32:57 UTC - email_service - ERROR - [main.py:health_check:151] -
Health check failed
Context:
  error: [Errno 99] Cannot assign requested address
  timestamp: 2026-02-17T01:32:57.894663


2026-02-17 03:35:08 UTC - email_service - ERROR - [main.py:health_check:151] -
Health check failed
Context:
  error: [Errno 99] Cannot assign requested address
  timestamp: 2026-02-17T01:35:08.966519


2026-02-17 03:37:20 UTC - email_service - ERROR - [main.py:health_check:151] -
Health check failed
Context:
  error: [Errno 99] Cannot assign requested address
  timestamp: 2026-02-17T01:37:20.043447


2026-02-17 03:39:31 UTC - email_service - ERROR - [main.py:health_check:151] -
Health check failed
Context:
  error: [Errno 99] Cannot assign requested address
  timestamp: 2026-02-17T01:39:31.113147


2026-02-17 03:41:42 UTC - email_service - ERROR - [main.py:health_check:151] -
Health check failed
Context:
  error: [Errno 99] Cannot assign requested address
  timestamp: 2026-02-17T01:41:42.183224


2026-02-17 03:43:53 UTC - email_service - ERROR - [main.py:health_check:151] -
Health check failed
Context:
  error: [Errno 99] Cannot assign requested address
  timestamp: 2026-02-17T01:43:53.255492


2026-02-17 03:46:04 UTC - email_service - ERROR - [main.py:health_check:151] -
Health check failed
Context:
  error: [Errno 99] Cannot assign requested address
  timestamp: 2026-02-17T01:46:04.327402


2026-02-17 03:48:15 UTC - email_service - ERROR - [main.py:health_check:151] -
Health check failed
Context:
  error: [Errno 99] Cannot assign requested address
  timestamp: 2026-02-17T01:48:15.399858


2026-02-17 03:50:26 UTC - email_service - ERROR - [main.py:health_check:151] -
Health check failed
Context:
  error: [Errno 99] Cannot assign requested address
  timestamp: 2026-02-17T01:50:26.472304


2026-02-17 03:52:37 UTC - email_service - ERROR - [main.py:health_check:151] -
Health check failed
Context:
  error: [Errno 99] Cannot assign requested address
  timestamp: 2026-02-17T01:52:37.542866


2026-02-17 03:54:48 UTC - email_service - ERROR - [main.py:health_check:151] -
Health check failed
Context:
  error: [Errno 99] Cannot assign requested address
  timestamp: 2026-02-17T01:54:48.614728


2026-02-17 03:56:59 UTC - email_service - ERROR - [main.py:health_check:151] -
Health check failed
Context:
  error: [Errno 99] Cannot assign requested address
  timestamp: 2026-02-17T01:56:59.687704


2026-02-17 03:59:10 UTC - email_service - ERROR - [main.py:health_check:151] -
Health check failed
Context:
  error: [Errno 99] Cannot assign requested address
  timestamp: 2026-02-17T01:59:10.758922


2026-02-17 04:01:21 UTC - email_service - ERROR - [main.py:health_check:151] -
Health check failed
Context:
  error: [Errno 99] Cannot assign requested address
  timestamp: 2026-02-17T02:01:21.830507


2026-02-17 04:03:32 UTC - email_service - ERROR - [main.py:health_check:151] -
Health check failed
Context:
  error: [Errno 99] Cannot assign requested address
  timestamp: 2026-02-17T02:03:32.902976


2026-02-17 04:05:43 UTC - email_service - ERROR - [main.py:health_check:151] -
Health check failed
Context:
  error: [Errno 99] Cannot assign requested address
  timestamp: 2026-02-17T02:05:43.974629


2026-02-17 04:07:55 UTC - email_service - ERROR - [main.py:health_check:151] -
Health check failed
Context:
  error: [Errno 99] Cannot assign requested address
  timestamp: 2026-02-17T02:07:55.046674


2026-02-17 04:10:06 UTC - email_service - ERROR - [main.py:health_check:151] -
Health check failed
Context:
  error: [Errno 99] Cannot assign requested address
  timestamp: 2026-02-17T02:10:06.119968


2026-02-17 04:12:17 UTC - email_service - ERROR - [main.py:health_check:151] -
Health check failed
Context:
  error: [Errno 99] Cannot assign requested address
  timestamp: 2026-02-17T02:12:17.192058


2026-02-17 04:14:28 UTC - email_service - ERROR - [main.py:health_check:151] -
Health check failed
Context:
  error: [Errno 99] Cannot assign requested address
  timestamp: 2026-02-17T02:14:28.265879


2026-02-17 04:16:39 UTC - email_service - ERROR - [main.py:health_check:151] -
Health check failed
Context:
  error: [Errno 99] Cannot assign requested address
  timestamp: 2026-02-17T02:16:39.336012


2026-02-17 04:18:50 UTC - email_service - ERROR - [main.py:health_check:151] -
Health check failed
Context:
  error: [Errno 99] Cannot assign requested address
  timestamp: 2026-02-17T02:18:50.406555


2026-02-17 04:21:01 UTC - email_service - ERROR - [main.py:health_check:151] -
Health check failed
Context:
  error: [Errno 99] Cannot assign requested address
  timestamp: 2026-02-17T02:21:01.479668


2026-02-17 04:23:12 UTC - email_service - ERROR - [main.py:health_check:151] -
Health check failed
Context:
  error: [Errno 99] Cannot assign requested address
  timestamp: 2026-02-17T02:23:12.551905


2026-02-17 04:25:23 UTC - email_service - ERROR - [main.py:health_check:151] -
Health check failed
Context:
  error: [Errno 99] Cannot assign requested address
  timestamp: 2026-02-17T02:25:23.623546


2026-02-17 04:27:34 UTC - email_service - ERROR - [main.py:health_check:151] -
Health check failed
Context:
  error: [Errno 99] Cannot assign requested address
  timestamp: 2026-02-17T02:27:34.695052


2026-02-17 04:29:45 UTC - email_service - ERROR - [main.py:health_check:151] -
Health check failed
Context:
  error: [Errno 99] Cannot assign requested address
  timestamp: 2026-02-17T02:29:45.766520


2026-02-17 04:31:56 UTC - email_service - ERROR - [main.py:health_check:151] -
Health check failed
Context:
  error: [Errno 99] Cannot assign requested address
  timestamp: 2026-02-17T02:31:56.839256


2026-02-17 04:34:07 UTC - email_service - ERROR - [main.py:health_check:151] -
Health check failed
Context:
  error: [Errno 99] Cannot assign requested address
  timestamp: 2026-02-17T02:34:07.913831


2026-02-17 04:36:18 UTC - email_service - ERROR - [main.py:health_check:151] -
Health check failed
Context:
  error: [Errno 99] Cannot assign requested address
  timestamp: 2026-02-17T02:36:18.984194


2026-02-17 04:38:30 UTC - email_service - ERROR - [main.py:health_check:151] -
Health check failed
Context:
  error: [Errno 99] Cannot assign requested address
  timestamp: 2026-02-17T02:38:30.055725


2026-02-17 04:40:41 UTC - email_service - ERROR - [main.py:health_check:151] -
Health check failed
Context:
  error: [Errno 99] Cannot assign requested address
  timestamp: 2026-02-17T02:40:41.127378


2026-02-17 04:42:52 UTC - email_service - ERROR - [main.py:health_check:151] -
Health check failed
Context:
  error: [Errno 99] Cannot assign requested address
  timestamp: 2026-02-17T02:42:52.199281


2026-02-17 04:45:03 UTC - email_service - ERROR - [main.py:health_check:151] -
Health check failed
Context:
  error: [Errno 99] Cannot assign requested address
  timestamp: 2026-02-17T02:45:03.270605


2026-02-17 04:47:14 UTC - email_service - ERROR - [main.py:health_check:151] -
Health check failed
Context:
  error: [Errno 99] Cannot assign requested address
  timestamp: 2026-02-17T02:47:14.343264


2026-02-17 04:49:25 UTC - email_service - ERROR - [main.py:health_check:151] -
Health check failed
Context:
  error: [Errno 99] Cannot assign requested address
  timestamp: 2026-02-17T02:49:25.415845


2026-02-17 04:51:36 UTC - email_service - ERROR - [main.py:health_check:151] -
Health check failed
Context:
  error: [Errno 99] Cannot assign requested address
  timestamp: 2026-02-17T02:51:36.486601


2026-02-17 04:53:47 UTC - email_service - ERROR - [main.py:health_check:151] -
Health check failed
Context:
  error: [Errno 99] Cannot assign requested address
  timestamp: 2026-02-17T02:53:47.559292


2026-02-17 04:55:58 UTC - email_service - ERROR - [main.py:health_check:151] -
Health check failed
Context:
  error: [Errno 99] Cannot assign requested address
  timestamp: 2026-02-17T02:55:58.632103


2026-02-17 04:58:09 UTC - email_service - ERROR - [main.py:health_check:151] -
Health check failed
Context:
  error: [Errno 99] Cannot assign requested address
  timestamp: 2026-02-17T02:58:09.703388


2026-02-17 05:00:20 UTC - email_service - ERROR - [main.py:health_check:151] -
Health check failed
Context:
  error: [Errno 99] Cannot assign requested address
  timestamp: 2026-02-17T03:00:20.775067


2026-02-17 05:02:31 UTC - email_service - ERROR - [main.py:health_check:151] -
Health check failed
Context:
  error: [Errno 99] Cannot assign requested address
  timestamp: 2026-02-17T03:02:31.847471


2026-02-17 05:04:42 UTC - email_service - ERROR - [main.py:health_check:151] -
Health check failed
Context:
  error: [Errno 99] Cannot assign requested address
  timestamp: 2026-02-17T03:04:42.918818


2026-02-17 05:06:53 UTC - email_service - ERROR - [main.py:health_check:151] -
Health check failed
Context:
  error: [Errno 99] Cannot assign requested address
  timestamp: 2026-02-17T03:06:53.993218


2026-02-17 05:09:05 UTC - email_service - ERROR - [main.py:health_check:151] -
Health check failed
Context:
  error: [Errno 99] Cannot assign requested address
  timestamp: 2026-02-17T03:09:05.065059


2026-02-17 05:11:16 UTC - email_service - ERROR - [main.py:health_check:151] -
Health check failed
Context:
  error: [Errno 99] Cannot assign requested address
  timestamp: 2026-02-17T03:11:16.134758


2026-02-17 05:13:27 UTC - email_service - ERROR - [main.py:health_check:151] -
Health check failed
Context:
  error: [Errno 99] Cannot assign requested address
  timestamp: 2026-02-17T03:13:27.207230


2026-02-17 05:15:38 UTC - email_service - ERROR - [main.py:health_check:151] -
Health check failed
Context:
  error: [Errno 99] Cannot assign requested address
  timestamp: 2026-02-17T03:15:38.278943


2026-02-17 05:17:49 UTC - email_service - ERROR - [main.py:health_check:151] -
Health check failed
Context:
  error: [Errno 99] Cannot assign requested address
  timestamp: 2026-02-17T03:17:49.350984


2026-02-17 05:20:00 UTC - email_service - ERROR - [main.py:health_check:151] -
Health check failed
Context:
  error: [Errno 99] Cannot assign requested address
  timestamp: 2026-02-17T03:20:00.426715


2026-02-17 05:22:11 UTC - email_service - ERROR - [main.py:health_check:151] -
Health check failed
Context:
  error: [Errno 99] Cannot assign requested address
  timestamp: 2026-02-17T03:22:11.494854


2026-02-17 05:24:22 UTC - email_service - ERROR - [main.py:health_check:151] -
Health check failed
Context:
  error: [Errno 99] Cannot assign requested address
  timestamp: 2026-02-17T03:24:22.566844


2026-02-17 05:26:33 UTC - email_service - ERROR - [main.py:health_check:151] -
Health check failed
Context:
  error: [Errno 99] Cannot assign requested address
  timestamp: 2026-02-17T03:26:33.638985


2026-02-17 05:28:44 UTC - email_service - ERROR - [main.py:health_check:151] -
Health check failed
Context:
  error: [Errno 99] Cannot assign requested address
  timestamp: 2026-02-17T03:28:44.711742


2026-02-17 05:30:55 UTC - email_service - ERROR - [main.py:health_check:151] -
Health check failed
Context:
  error: [Errno 99] Cannot assign requested address
  timestamp: 2026-02-17T03:30:55.782936


2026-02-17 05:33:06 UTC - email_service - ERROR - [main.py:health_check:151] -
Health check failed
Context:
  error: [Errno 99] Cannot assign requested address
  timestamp: 2026-02-17T03:33:06.858884


2026-02-17 05:35:17 UTC - email_service - ERROR - [main.py:health_check:151] -
Health check failed
Context:
  error: [Errno 99] Cannot assign requested address
  timestamp: 2026-02-17T03:35:17.926655


2026-02-17 05:37:28 UTC - email_service - ERROR - [main.py:health_check:151] -
Health check failed
Context:
  error: [Errno 99] Cannot assign requested address
  timestamp: 2026-02-17T03:37:28.998920


2026-02-17 05:39:40 UTC - email_service - ERROR - [main.py:health_check:151] -
Health check failed
Context:
  error: [Errno 99] Cannot assign requested address
  timestamp: 2026-02-17T03:39:40.070647


2026-02-17 05:41:51 UTC - email_service - ERROR - [main.py:health_check:151] -
Health check failed
Context:
  error: [Errno 99] Cannot assign requested address
  timestamp: 2026-02-17T03:41:51.147154


2026-02-17 05:44:02 UTC - email_service - ERROR - [main.py:health_check:151] -
Health check failed
Context:
  error: [Errno 99] Cannot assign requested address
  timestamp: 2026-02-17T03:44:02.214966


2026-02-17 05:46:13 UTC - email_service - ERROR - [main.py:health_check:151] -
Health check failed
Context:
  error: [Errno 99] Cannot assign requested address
  timestamp: 2026-02-17T03:46:13.286657


2026-02-17 05:48:24 UTC - email_service - ERROR - [main.py:health_check:151] -
Health check failed
Context:
  error: [Errno 99] Cannot assign requested address
  timestamp: 2026-02-17T03:48:24.359530


2026-02-17 05:50:35 UTC - email_service - ERROR - [main.py:health_check:151] -
Health check failed
Context:
  error: [Errno 99] Cannot assign requested address
  timestamp: 2026-02-17T03:50:35.433837


2026-02-17 05:52:46 UTC - email_service - ERROR - [main.py:health_check:151] -
Health check failed
Context:
  error: [Errno 99] Cannot assign requested address
  timestamp: 2026-02-17T03:52:46.503239


2026-02-17 05:54:57 UTC - email_service - ERROR - [main.py:health_check:151] -
Health check failed
Context:
  error: [Errno 99] Cannot assign requested address
  timestamp: 2026-02-17T03:54:57.580554


2026-02-17 05:57:08 UTC - email_service - ERROR - [main.py:health_check:151] -
Health check failed
Context:
  error: [Errno 99] Cannot assign requested address
  timestamp: 2026-02-17T03:57:08.647469


2026-02-17 05:59:19 UTC - email_service - ERROR - [main.py:health_check:151] -
Health check failed
Context:
  error: [Errno 99] Cannot assign requested address
  timestamp: 2026-02-17T03:59:19.718877


2026-02-17 06:01:30 UTC - email_service - ERROR - [main.py:health_check:151] -
Health check failed
Context:
  error: [Errno 99] Cannot assign requested address
  timestamp: 2026-02-17T04:01:30.791580


2026-02-17 06:03:41 UTC - email_service - ERROR - [main.py:health_check:151] -
Health check failed
Context:
  error: [Errno 99] Cannot assign requested address
  timestamp: 2026-02-17T04:03:41.863052


2026-02-17 06:05:52 UTC - email_service - ERROR - [main.py:health_check:151] -
Health check failed
Context:
  error: [Errno 99] Cannot assign requested address
  timestamp: 2026-02-17T04:05:52.939159


2026-02-17 06:08:04 UTC - email_service - ERROR - [main.py:health_check:151] -
Health check failed
Context:
  error: [Errno 99] Cannot assign requested address
  timestamp: 2026-02-17T04:08:04.006464


2026-02-17 06:10:15 UTC - email_service - ERROR - [main.py:health_check:151] -
Health check failed
Context:
  error: [Errno 99] Cannot assign requested address
  timestamp: 2026-02-17T04:10:15.082911


2026-02-17 06:12:26 UTC - email_service - ERROR - [main.py:health_check:151] -
Health check failed
Context:
  error: [Errno 99] Cannot assign requested address
  timestamp: 2026-02-17T04:12:26.151315


2026-02-17 06:14:37 UTC - email_service - ERROR - [main.py:health_check:151] -
Health check failed
Context:
  error: [Errno 99] Cannot assign requested address
  timestamp: 2026-02-17T04:14:37.223027


2026-02-17 06:16:48 UTC - email_service - ERROR - [main.py:health_check:151] -
Health check failed
Context:
  error: [Errno 99] Cannot assign requested address
  timestamp: 2026-02-17T04:16:48.294745


2026-02-17 06:18:59 UTC - email_service - ERROR - [main.py:health_check:151] -
Health check failed
Context:
  error: [Errno 99] Cannot assign requested address
  timestamp: 2026-02-17T04:18:59.367345


2026-02-17 06:21:10 UTC - email_service - ERROR - [main.py:health_check:151] -
Health check failed
Context:
  error: [Errno 99] Cannot assign requested address
  timestamp: 2026-02-17T04:21:10.438823


2026-02-17 06:23:21 UTC - email_service - ERROR - [main.py:health_check:151] -
Health check failed
Context:
  error: [Errno 99] Cannot assign requested address
  timestamp: 2026-02-17T04:23:21.510706


2026-02-17 06:25:32 UTC - email_service - ERROR - [main.py:health_check:151] -
Health check failed
Context:
  error: [Errno 99] Cannot assign requested address
  timestamp: 2026-02-17T04:25:32.582757


2026-02-17 06:27:43 UTC - email_service - ERROR - [main.py:health_check:151] -
Health check failed
Context:
  error: [Errno 99] Cannot assign requested address
  timestamp: 2026-02-17T04:27:43.654803


2026-02-17 06:29:54 UTC - email_service - ERROR - [main.py:health_check:151] -
Health check failed
Context:
  error: [Errno 99] Cannot assign requested address
  timestamp: 2026-02-17T04:29:54.727777


2026-02-17 06:32:05 UTC - email_service - ERROR - [main.py:health_check:151] -
Health check failed
Context:
  error: [Errno 99] Cannot assign requested address
  timestamp: 2026-02-17T04:32:05.799208


2026-02-17 06:34:16 UTC - email_service - ERROR - [main.py:health_check:151] -
Health check failed
Context:
  error: [Errno 99] Cannot assign requested address
  timestamp: 2026-02-17T04:34:16.871715


2026-02-17 06:36:27 UTC - email_service - ERROR - [main.py:health_check:151] -
Health check failed
Context:
  error: [Errno 99] Cannot assign requested address
  timestamp: 2026-02-17T04:36:27.943651


2026-02-17 06:38:39 UTC - email_service - ERROR - [main.py:health_check:151] -
Health check failed
Context:
  error: [Errno 99] Cannot assign requested address
  timestamp: 2026-02-17T04:38:39.014640


2026-02-17 06:40:50 UTC - email_service - ERROR - [main.py:health_check:151] -
Health check failed
Context:
  error: [Errno 99] Cannot assign requested address
  timestamp: 2026-02-17T04:40:50.086769


2026-02-17 06:43:01 UTC - email_service - ERROR - [main.py:health_check:151] -
Health check failed
Context:
  error: [Errno 99] Cannot assign requested address
  timestamp: 2026-02-17T04:43:01.158976


2026-02-17 06:45:12 UTC - email_service - ERROR - [main.py:health_check:151] -
Health check failed
Context:
  error: [Errno 99] Cannot assign requested address
  timestamp: 2026-02-17T04:45:12.230552


2026-02-17 06:47:23 UTC - email_service - ERROR - [main.py:health_check:151] -
Health check failed
Context:
  error: [Errno 99] Cannot assign requested address
  timestamp: 2026-02-17T04:47:23.303303


2026-02-17 06:49:34 UTC - email_service - ERROR - [main.py:health_check:151] -
Health check failed
Context:
  error: [Errno 99] Cannot assign requested address
  timestamp: 2026-02-17T04:49:34.374799


2026-02-17 06:51:45 UTC - email_service - ERROR - [main.py:health_check:151] -
Health check failed
Context:
  error: [Errno 99] Cannot assign requested address
  timestamp: 2026-02-17T04:51:45.446995


2026-02-17 06:53:56 UTC - email_service - ERROR - [main.py:health_check:151] -
Health check failed
Context:
  error: [Errno 99] Cannot assign requested address
  timestamp: 2026-02-17T04:53:56.518887


2026-02-17 06:56:07 UTC - email_service - ERROR - [main.py:health_check:151] -
Health check failed
Context:
  error: [Errno 99] Cannot assign requested address
  timestamp: 2026-02-17T04:56:07.590978


2026-02-17 06:58:18 UTC - email_service - ERROR - [main.py:health_check:151] -
Health check failed
Context:
  error: [Errno 99] Cannot assign requested address
  timestamp: 2026-02-17T04:58:18.664034


2026-02-17 07:00:29 UTC - email_service - ERROR - [main.py:health_check:151] -
Health check failed
Context:
  error: [Errno 99] Cannot assign requested address
  timestamp: 2026-02-17T05:00:29.734821


2026-02-17 07:02:40 UTC - email_service - ERROR - [main.py:health_check:151] -
Health check failed
Context:
  error: [Errno 99] Cannot assign requested address
  timestamp: 2026-02-17T05:02:40.807603


2026-02-17 07:04:51 UTC - email_service - ERROR - [main.py:health_check:151] -
Health check failed
Context:
  error: [Errno 99] Cannot assign requested address
  timestamp: 2026-02-17T05:04:51.878836


2026-02-17 07:07:02 UTC - email_service - ERROR - [main.py:health_check:151] -
Health check failed
Context:
  error: [Errno 99] Cannot assign requested address
  timestamp: 2026-02-17T05:07:02.951806


2026-02-17 07:09:14 UTC - email_service - ERROR - [main.py:health_check:151] -
Health check failed
Context:
  error: [Errno 99] Cannot assign requested address
  timestamp: 2026-02-17T05:09:14.022860


2026-02-17 07:11:25 UTC - email_service - ERROR - [main.py:health_check:151] -
Health check failed
Context:
  error: [Errno 99] Cannot assign requested address
  timestamp: 2026-02-17T05:11:25.094829


2026-02-17 07:13:36 UTC - email_service - ERROR - [main.py:health_check:151] -
Health check failed
Context:
  error: [Errno 99] Cannot assign requested address
  timestamp: 2026-02-17T05:13:36.166823


2026-02-17 07:15:47 UTC - email_service - ERROR - [main.py:health_check:151] -
Health check failed
Context:
  error: [Errno 99] Cannot assign requested address
  timestamp: 2026-02-17T05:15:47.238685


2026-02-17 07:17:58 UTC - email_service - ERROR - [main.py:health_check:151] -
Health check failed
Context:
  error: [Errno 99] Cannot assign requested address
  timestamp: 2026-02-17T05:17:58.310713


2026-02-17 07:20:09 UTC - email_service - ERROR - [main.py:health_check:151] -
Health check failed
Context:
  error: [Errno 99] Cannot assign requested address
  timestamp: 2026-02-17T05:20:09.389046


2026-02-17 07:22:20 UTC - email_service - ERROR - [main.py:health_check:151] -
Health check failed
Context:
  error: [Errno 99] Cannot assign requested address
  timestamp: 2026-02-17T05:22:20.454723


2026-02-17 07:24:31 UTC - email_service - ERROR - [main.py:health_check:151] -
Health check failed
Context:
  error: [Errno 99] Cannot assign requested address
  timestamp: 2026-02-17T05:24:31.527170


2026-02-17 07:26:42 UTC - email_service - ERROR - [main.py:health_check:151] -
Health check failed
Context:
  error: [Errno 99] Cannot assign requested address
  timestamp: 2026-02-17T05:26:42.599155


2026-02-17 07:28:53 UTC - email_service - ERROR - [main.py:health_check:151] -
Health check failed
Context:
  error: [Errno 99] Cannot assign requested address
  timestamp: 2026-02-17T05:28:53.673171


2026-02-17 07:31:04 UTC - email_service - ERROR - [main.py:health_check:151] -
Health check failed
Context:
  error: [Errno 99] Cannot assign requested address
  timestamp: 2026-02-17T05:31:04.742813


2026-02-17 07:33:15 UTC - email_service - ERROR - [main.py:health_check:151] -
Health check failed
Context:
  error: [Errno 99] Cannot assign requested address
  timestamp: 2026-02-17T05:33:15.819151


2026-02-17 07:35:26 UTC - email_service - ERROR - [main.py:health_check:151] -
Health check failed
Context:
  error: [Errno 99] Cannot assign requested address
  timestamp: 2026-02-17T05:35:26.886428


2026-02-17 07:37:37 UTC - email_service - ERROR - [main.py:health_check:151] -
Health check failed
Context:
  error: [Errno 99] Cannot assign requested address
  timestamp: 2026-02-17T05:37:37.959786


2026-02-17 07:39:49 UTC - email_service - ERROR - [main.py:health_check:151] -
Health check failed
Context:
  error: [Errno 99] Cannot assign requested address
  timestamp: 2026-02-17T05:39:49.031923


2026-02-17 07:42:00 UTC - email_service - ERROR - [main.py:health_check:151] -
Health check failed
Context:
  error: [Errno 99] Cannot assign requested address
  timestamp: 2026-02-17T05:42:00.116333


2026-02-17 07:44:11 UTC - email_service - ERROR - [main.py:health_check:151] -
Health check failed
Context:
  error: [Errno 99] Cannot assign requested address
  timestamp: 2026-02-17T05:44:11.174949


2026-02-17 07:46:22 UTC - email_service - ERROR - [main.py:health_check:151] -
Health check failed
Context:
  error: [Errno 99] Cannot assign requested address
  timestamp: 2026-02-17T05:46:22.246720


2026-02-17 07:48:33 UTC - email_service - ERROR - [main.py:health_check:151] -
Health check failed
Context:
  error: [Errno 99] Cannot assign requested address
  timestamp: 2026-02-17T05:48:33.319869


2026-02-17 07:50:44 UTC - email_service - ERROR - [main.py:health_check:151] -
Health check failed
Context:
  error: [Errno 99] Cannot assign requested address
  timestamp: 2026-02-17T05:50:44.392399


2026-02-17 07:52:55 UTC - email_service - ERROR - [main.py:health_check:151] -
Health check failed
Context:
  error: [Errno 99] Cannot assign requested address
  timestamp: 2026-02-17T05:52:55.462883


2026-02-17 07:55:06 UTC - email_service - ERROR - [main.py:health_check:151] -
Health check failed
Context:
  error: [Errno 99] Cannot assign requested address
  timestamp: 2026-02-17T05:55:06.534713


2026-02-17 07:57:17 UTC - email_service - ERROR - [main.py:health_check:151] -
Health check failed
Context:
  error: [Errno 99] Cannot assign requested address
  timestamp: 2026-02-17T05:57:17.607202


2026-02-17 07:59:28 UTC - email_service - ERROR - [main.py:health_check:151] -
Health check failed
Context:
  error: [Errno 99] Cannot assign requested address
  timestamp: 2026-02-17T05:59:28.679629


2026-02-17 08:01:39 UTC - email_service - ERROR - [main.py:health_check:151] -
Health check failed
Context:
  error: [Errno 99] Cannot assign requested address
  timestamp: 2026-02-17T06:01:39.751464


2026-02-17 08:03:50 UTC - email_service - ERROR - [main.py:health_check:151] -
Health check failed
Context:
  error: [Errno 99] Cannot assign requested address
  timestamp: 2026-02-17T06:03:50.824795


2026-02-17 08:06:01 UTC - email_service - ERROR - [main.py:health_check:151] -
Health check failed
Context:
  error: [Errno 99] Cannot assign requested address
  timestamp: 2026-02-17T06:06:01.895211


2026-02-17 08:08:12 UTC - email_service - ERROR - [main.py:health_check:151] -
Health check failed
Context:
  error: [Errno 99] Cannot assign requested address
  timestamp: 2026-02-17T06:08:12.967338


2026-02-17 08:10:24 UTC - email_service - ERROR - [main.py:health_check:151] -
Health check failed
Context:
  error: [Errno 99] Cannot assign requested address
  timestamp: 2026-02-17T06:10:24.038958


2026-02-17 08:12:35 UTC - email_service - ERROR - [main.py:health_check:151] -
Health check failed
Context:
  error: [Errno 99] Cannot assign requested address
  timestamp: 2026-02-17T06:12:35.112284


2026-02-17 08:14:46 UTC - email_service - ERROR - [main.py:health_check:151] -
Health check failed
Context:
  error: [Errno 99] Cannot assign requested address
  timestamp: 2026-02-17T06:14:46.182911


2026-02-17 08:16:57 UTC - email_service - ERROR - [main.py:health_check:151] -
Health check failed
Context:
  error: [Errno 99] Cannot assign requested address
  timestamp: 2026-02-17T06:16:57.255511


2026-02-17 08:19:08 UTC - email_service - ERROR - [main.py:health_check:151] -
Health check failed
Context:
  error: [Errno 99] Cannot assign requested address
  timestamp: 2026-02-17T06:19:08.326912


2026-02-17 08:21:19 UTC - email_service - ERROR - [main.py:health_check:151] -
Health check failed
Context:
  error: [Errno 99] Cannot assign requested address
  timestamp: 2026-02-17T06:21:19.398961


2026-02-17 08:23:30 UTC - email_service - ERROR - [main.py:health_check:151] -
Health check failed
Context:
  error: [Errno 99] Cannot assign requested address
  timestamp: 2026-02-17T06:23:30.471424


2026-02-17 08:25:41 UTC - email_service - ERROR - [main.py:health_check:151] -
Health check failed
Context:
  error: [Errno 99] Cannot assign requested address
  timestamp: 2026-02-17T06:25:41.542902


2026-02-17 08:27:52 UTC - email_service - ERROR - [main.py:health_check:151] -
Health check failed
Context:
  error: [Errno 99] Cannot assign requested address
  timestamp: 2026-02-17T06:27:52.614924


2026-02-17 08:30:03 UTC - email_service - ERROR - [main.py:health_check:151] -
Health check failed
Context:
  error: [Errno 99] Cannot assign requested address
  timestamp: 2026-02-17T06:30:03.687579


2026-02-17 08:32:14 UTC - email_service - ERROR - [main.py:health_check:151] -
Health check failed
Context:
  error: [Errno 99] Cannot assign requested address
  timestamp: 2026-02-17T06:32:14.759496


2026-02-17 08:34:25 UTC - email_service - ERROR - [main.py:health_check:151] -
Health check failed
Context:
  error: [Errno 99] Cannot assign requested address
  timestamp: 2026-02-17T06:34:25.832537


2026-02-17 08:36:36 UTC - email_service - ERROR - [main.py:health_check:151] -
Health check failed
Context:
  error: [Errno 99] Cannot assign requested address
  timestamp: 2026-02-17T06:36:36.903745


2026-02-17 08:38:47 UTC - email_service - ERROR - [main.py:health_check:151] -
Health check failed
Context:
  error: [Errno 99] Cannot assign requested address
  timestamp: 2026-02-17T06:38:47.975193


2026-02-17 08:40:59 UTC - email_service - ERROR - [main.py:health_check:151] -
Health check failed
Context:
  error: [Errno 99] Cannot assign requested address
  timestamp: 2026-02-17T06:40:59.047710


2026-02-17 08:43:10 UTC - email_service - ERROR - [main.py:health_check:151] -
Health check failed
Context:
  error: [Errno 99] Cannot assign requested address
  timestamp: 2026-02-17T06:43:10.119483


2026-02-17 08:45:21 UTC - email_service - ERROR - [main.py:health_check:151] -
Health check failed
Context:
  error: [Errno 99] Cannot assign requested address
  timestamp: 2026-02-17T06:45:21.193026


2026-02-17 08:47:32 UTC - email_service - ERROR - [main.py:health_check:151] -
Health check failed
Context:
  error: [Errno 99] Cannot assign requested address
  timestamp: 2026-02-17T06:47:32.263848


2026-02-17 08:49:43 UTC - email_service - ERROR - [main.py:health_check:151] -
Health check failed
Context:
  error: [Errno 99] Cannot assign requested address
  timestamp: 2026-02-17T06:49:43.334922


2026-02-17 08:51:54 UTC - email_service - ERROR - [main.py:health_check:151] -
Health check failed
Context:
  error: [Errno 99] Cannot assign requested address
  timestamp: 2026-02-17T06:51:54.406817


2026-02-17 08:54:05 UTC - email_service - ERROR - [main.py:health_check:151] -
Health check failed
Context:
  error: [Errno 99] Cannot assign requested address
  timestamp: 2026-02-17T06:54:05.479802


2026-02-17 08:56:16 UTC - email_service - ERROR - [main.py:health_check:151] -
Health check failed
Context:
  error: [Errno 99] Cannot assign requested address
  timestamp: 2026-02-17T06:56:16.551546


2026-02-17 08:58:27 UTC - email_service - ERROR - [main.py:health_check:151] -
Health check failed
Context:
  error: [Errno 99] Cannot assign requested address
  timestamp: 2026-02-17T06:58:27.622979


2026-02-17 09:00:38 UTC - email_service - ERROR - [main.py:health_check:151] -
Health check failed
Context:
  error: [Errno 99] Cannot assign requested address
  timestamp: 2026-02-17T07:00:38.695930


2026-02-17 09:02:49 UTC - email_service - ERROR - [main.py:health_check:151] -
Health check failed
Context:
  error: [Errno 99] Cannot assign requested address
  timestamp: 2026-02-17T07:02:49.767720


2026-02-17 09:05:00 UTC - email_service - ERROR - [main.py:health_check:151] -
Health check failed
Context:
  error: [Errno 99] Cannot assign requested address
  timestamp: 2026-02-17T07:05:00.840224


2026-02-17 09:07:11 UTC - email_service - ERROR - [main.py:health_check:151] -
Health check failed
Context:
  error: [Errno 99] Cannot assign requested address
  timestamp: 2026-02-17T07:07:11.911559


2026-02-17 09:09:22 UTC - email_service - ERROR - [main.py:health_check:151] -
Health check failed
Context:
  error: [Errno 99] Cannot assign requested address
  timestamp: 2026-02-17T07:09:22.982982


2026-02-17 09:11:34 UTC - email_service - ERROR - [main.py:health_check:151] -
Health check failed
Context:
  error: [Errno 99] Cannot assign requested address
  timestamp: 2026-02-17T07:11:34.054721


2026-02-17 09:13:45 UTC - email_service - ERROR - [main.py:health_check:151] -
Health check failed
Context:
  error: [Errno 99] Cannot assign requested address
  timestamp: 2026-02-17T07:13:45.126823


2026-02-17 09:15:56 UTC - email_service - ERROR - [main.py:health_check:151] -
Health check failed
Context:
  error: [Errno 99] Cannot assign requested address
  timestamp: 2026-02-17T07:15:56.199607


2026-02-17 09:18:07 UTC - email_service - ERROR - [main.py:health_check:151] -
Health check failed
Context:
  error: [Errno 99] Cannot assign requested address
  timestamp: 2026-02-17T07:18:07.272746


2026-02-17 09:20:18 UTC - email_service - ERROR - [main.py:health_check:151] -
Health check failed
Context:
  error: [Errno 99] Cannot assign requested address
  timestamp: 2026-02-17T07:20:18.343290


2026-02-17 09:22:29 UTC - email_service - ERROR - [main.py:health_check:151] -
Health check failed
Context:
  error: [Errno 99] Cannot assign requested address
  timestamp: 2026-02-17T07:22:29.415292


2026-02-17 09:24:40 UTC - email_service - ERROR - [main.py:health_check:151] -
Health check failed
Context:
  error: [Errno 99] Cannot assign requested address
  timestamp: 2026-02-17T07:24:40.491171


2026-02-17 09:26:51 UTC - email_service - ERROR - [main.py:health_check:151] -
Health check failed
Context:
  error: [Errno 99] Cannot assign requested address
  timestamp: 2026-02-17T07:26:51.558905


2026-02-17 09:29:02 UTC - email_service - ERROR - [main.py:health_check:151] -
Health check failed
Context:
  error: [Errno 99] Cannot assign requested address
  timestamp: 2026-02-17T07:29:02.630639


2026-02-17 09:31:13 UTC - email_service - ERROR - [main.py:health_check:151] -
Health check failed
Context:
  error: [Errno 99] Cannot assign requested address
  timestamp: 2026-02-17T07:31:13.703753


2026-02-17 09:33:24 UTC - email_service - ERROR - [main.py:health_check:151] -
Health check failed
Context:
  error: [Errno 99] Cannot assign requested address
  timestamp: 2026-02-17T07:33:24.774943


2026-02-17 09:35:35 UTC - email_service - ERROR - [main.py:health_check:151] -
Health check failed
Context:
  error: [Errno 99] Cannot assign requested address
  timestamp: 2026-02-17T07:35:35.846781


2026-02-17 09:37:46 UTC - email_service - ERROR - [main.py:health_check:151] -
Health check failed
Context:
  error: [Errno 99] Cannot assign requested address
  timestamp: 2026-02-17T07:37:46.919187


2026-02-17 09:39:57 UTC - email_service - ERROR - [main.py:health_check:151] -
Health check failed
Context:
  error: [Errno 99] Cannot assign requested address
  timestamp: 2026-02-17T07:39:57.990739


2026-02-17 09:42:09 UTC - email_service - ERROR - [main.py:health_check:151] -
Health check failed
Context:
  error: [Errno 99] Cannot assign requested address
  timestamp: 2026-02-17T07:42:09.062774


2026-02-17 09:44:20 UTC - email_service - ERROR - [main.py:health_check:151] -
Health check failed
Context:
  error: [Errno 99] Cannot assign requested address
  timestamp: 2026-02-17T07:44:20.134912


2026-02-17 09:46:31 UTC - email_service - ERROR - [main.py:health_check:151] -
Health check failed
Context:
  error: [Errno 99] Cannot assign requested address
  timestamp: 2026-02-17T07:46:31.206749


2026-02-17 09:48:42 UTC - email_service - ERROR - [main.py:health_check:151] -
Health check failed
Context:
  error: [Errno 99] Cannot assign requested address
  timestamp: 2026-02-17T07:48:42.279918


2026-02-17 09:50:53 UTC - email_service - ERROR - [email_service.py:send_email:95] -
Failed to send email
Context:
  error: [Errno 99] Cannot assign requested address
  subject: Error Notification - cron-service
  template: error_notification.html
  timestamp: 2026-02-17T07:50:53.353743


2026-02-17 09:50:53 UTC - email_service - ERROR - [main.py:send_error_notification:125] -
Failed to send error notification
Context:
  error: 500: Failed to send error notification
  service: cron-service
  timestamp: 2026-02-17T07:50:53.358274


2026-02-17 09:53:04 UTC - email_service - ERROR - [main.py:health_check:151] -
Health check failed
Context:
  error: [Errno 99] Cannot assign requested address
  timestamp: 2026-02-17T07:53:04.423065


2026-02-17 09:55:15 UTC - email_service - ERROR - [main.py:health_check:151] -
Health check failed
Context:
  error: [Errno 99] Cannot assign requested address
  timestamp: 2026-02-17T07:55:15.494708


2026-02-17 09:57:26 UTC - email_service - ERROR - [email_service.py:send_email:95] -
Failed to send email
Context:
  error: [Errno 99] Cannot assign requested address
  subject: Error Notification - cron-service
  template: error_notification.html
  timestamp: 2026-02-17T07:57:26.566577


2026-02-17 09:57:26 UTC - email_service - ERROR - [main.py:send_error_notification:125] -
Failed to send error notification
Context:
  error: 500: Failed to send error notification
  service: cron-service
  timestamp: 2026-02-17T07:57:26.569994


2026-02-17 09:59:37 UTC - email_service - ERROR - [main.py:health_check:151] -
Health check failed
Context:
  error: [Errno 99] Cannot assign requested address
  timestamp: 2026-02-17T07:59:37.638996


2026-02-17 10:01:48 UTC - email_service - ERROR - [main.py:health_check:151] -
Health check failed
Context:
  error: [Errno 99] Cannot assign requested address
  timestamp: 2026-02-17T08:01:48.710489


2026-02-17 10:03:59 UTC - email_service - ERROR - [main.py:health_check:151] -
Health check failed
Context:
  error: [Errno 99] Cannot assign requested address
  timestamp: 2026-02-17T08:03:59.783010


2026-02-17 10:06:10 UTC - email_service - ERROR - [main.py:health_check:151] -
Health check failed
Context:
  error: [Errno 99] Cannot assign requested address
  timestamp: 2026-02-17T08:06:10.857485


2026-02-17 10:08:21 UTC - email_service - ERROR - [main.py:health_check:151] -
Health check failed
Context:
  error: [Errno 99] Cannot assign requested address
  timestamp: 2026-02-17T08:08:21.927369


2026-02-17 10:10:32 UTC - email_service - ERROR - [main.py:health_check:151] -
Health check failed
Context:
  error: [Errno 99] Cannot assign requested address
  timestamp: 2026-02-17T08:10:32.998999


2026-02-17 10:12:44 UTC - email_service - ERROR - [email_service.py:send_email:95] -
Failed to send email
Context:
  error: [Errno 99] Cannot assign requested address
  subject: Error Notification - cron-service
  template: error_notification.html
  timestamp: 2026-02-17T08:12:44.070817


2026-02-17 10:12:44 UTC - email_service - ERROR - [main.py:send_error_notification:125] -
Failed to send error notification
Context:
  error: 500: Failed to send error notification
  service: cron-service
  timestamp: 2026-02-17T08:12:44.074680


2026-02-17 10:14:55 UTC - email_service - ERROR - [main.py:health_check:151] -
Health check failed
Context:
  error: [Errno 99] Cannot assign requested address
  timestamp: 2026-02-17T08:14:55.143447


2026-02-17 10:17:06 UTC - email_service - ERROR - [main.py:health_check:151] -
Health check failed
Context:
  error: [Errno 99] Cannot assign requested address
  timestamp: 2026-02-17T08:17:06.220554


2026-02-17 10:19:17 UTC - email_service - ERROR - [main.py:health_check:151] -
Health check failed
Context:
  error: [Errno 99] Cannot assign requested address
  timestamp: 2026-02-17T08:19:17.293150


2026-02-17 10:21:28 UTC - email_service - ERROR - [main.py:health_check:151] -
Health check failed
Context:
  error: [Errno 99] Cannot assign requested address
  timestamp: 2026-02-17T08:21:28.358636


2026-02-17 10:23:39 UTC - email_service - ERROR - [main.py:health_check:151] -
Health check failed
Context:
  error: [Errno 99] Cannot assign requested address
  timestamp: 2026-02-17T08:23:39.430991


2026-02-17 10:25:50 UTC - email_service - ERROR - [main.py:health_check:151] -
Health check failed
Context:
  error: [Errno 99] Cannot assign requested address
  timestamp: 2026-02-17T08:25:50.502689


2026-02-17 10:28:01 UTC - email_service - ERROR - [main.py:health_check:151] -
Health check failed
Context:
  error: [Errno 99] Cannot assign requested address
  timestamp: 2026-02-17T08:28:01.574827


2026-02-17 10:30:12 UTC - email_service - ERROR - [main.py:health_check:151] -
Health check failed
Context:
  error: [Errno 99] Cannot assign requested address
  timestamp: 2026-02-17T08:30:12.646319


2026-02-17 10:32:23 UTC - email_service - ERROR - [main.py:health_check:151] -
Health check failed
Context:
  error: [Errno 99] Cannot assign requested address
  timestamp: 2026-02-17T08:32:23.718729


2026-02-17 10:34:34 UTC - email_service - ERROR - [main.py:health_check:151] -
Health check failed
Context:
  error: [Errno 99] Cannot assign requested address
  timestamp: 2026-02-17T08:34:34.790079


2026-02-17 10:36:45 UTC - email_service - ERROR - [main.py:health_check:151] -
Health check failed
Context:
  error: [Errno 99] Cannot assign requested address
  timestamp: 2026-02-17T08:36:45.862520


2026-02-17 10:38:56 UTC - email_service - ERROR - [main.py:health_check:151] -
Health check failed
Context:
  error: [Errno 99] Cannot assign requested address
  timestamp: 2026-02-17T08:38:56.938797


2026-02-17 10:41:08 UTC - email_service - ERROR - [main.py:health_check:151] -
Health check failed
Context:
  error: [Errno 99] Cannot assign requested address
  timestamp: 2026-02-17T08:41:08.006599


2026-02-17 10:43:19 UTC - email_service - ERROR - [main.py:health_check:151] -
Health check failed
Context:
  error: [Errno 99] Cannot assign requested address
  timestamp: 2026-02-17T08:43:19.080933


2026-02-17 10:45:30 UTC - email_service - ERROR - [main.py:health_check:151] -
Health check failed
Context:
  error: [Errno 99] Cannot assign requested address
  timestamp: 2026-02-17T08:45:30.150108


2026-02-17 10:47:41 UTC - email_service - ERROR - [main.py:health_check:151] -
Health check failed
Context:
  error: [Errno 99] Cannot assign requested address
  timestamp: 2026-02-17T08:47:41.222666


2026-02-17 10:49:52 UTC - email_service - ERROR - [main.py:health_check:151] -
Health check failed
Context:
  error: [Errno 99] Cannot assign requested address
  timestamp: 2026-02-17T08:49:52.294962


2026-02-17 10:52:03 UTC - email_service - ERROR - [main.py:health_check:151] -
Health check failed
Context:
  error: [Errno 99] Cannot assign requested address
  timestamp: 2026-02-17T08:52:03.366456


2026-02-17 10:54:14 UTC - email_service - ERROR - [main.py:health_check:151] -
Health check failed
Context:
  error: [Errno 99] Cannot assign requested address
  timestamp: 2026-02-17T08:54:14.443040


2026-02-17 10:56:25 UTC - email_service - ERROR - [main.py:health_check:151] -
Health check failed
Context:
  error: [Errno 99] Cannot assign requested address
  timestamp: 2026-02-17T08:56:25.512018


2026-02-17 10:58:36 UTC - email_service - ERROR - [main.py:health_check:151] -
Health check failed
Context:
  error: [Errno 99] Cannot assign requested address
  timestamp: 2026-02-17T08:58:36.582633


2026-02-17 11:00:47 UTC - email_service - ERROR - [main.py:health_check:151] -
Health check failed
Context:
  error: [Errno 99] Cannot assign requested address
  timestamp: 2026-02-17T09:00:47.654948


2026-02-17 11:02:58 UTC - email_service - ERROR - [main.py:health_check:151] -
Health check failed
Context:
  error: [Errno 99] Cannot assign requested address
  timestamp: 2026-02-17T09:02:58.726781


2026-02-17 11:05:09 UTC - email_service - ERROR - [main.py:health_check:151] -
Health check failed
Context:
  error: [Errno 99] Cannot assign requested address
  timestamp: 2026-02-17T09:05:09.798614


2026-02-17 11:07:20 UTC - email_service - ERROR - [main.py:health_check:151] -
Health check failed
Context:
  error: [Errno 99] Cannot assign requested address
  timestamp: 2026-02-17T09:07:20.870169


2026-02-17 11:09:31 UTC - email_service - ERROR - [main.py:health_check:151] -
Health check failed
Context:
  error: [Errno 99] Cannot assign requested address
  timestamp: 2026-02-17T09:09:31.942766


2026-02-17 11:11:43 UTC - email_service - ERROR - [main.py:health_check:151] -
Health check failed
Context:
  error: [Errno 99] Cannot assign requested address
  timestamp: 2026-02-17T09:11:43.014505


2026-02-17 11:13:54 UTC - email_service - ERROR - [main.py:health_check:151] -
Health check failed
Context:
  error: [Errno 99] Cannot assign requested address
  timestamp: 2026-02-17T09:13:54.088551


2026-02-17 11:16:05 UTC - email_service - ERROR - [main.py:health_check:151] -
Health check failed
Context:
  error: [Errno 99] Cannot assign requested address
  timestamp: 2026-02-17T09:16:05.158560


2026-02-17 11:18:16 UTC - email_service - ERROR - [main.py:health_check:151] -
Health check failed
Context:
  error: [Errno 99] Cannot assign requested address
  timestamp: 2026-02-17T09:18:16.230274


2026-02-17 11:20:27 UTC - email_service - ERROR - [main.py:health_check:151] -
Health check failed
Context:
  error: [Errno 99] Cannot assign requested address
  timestamp: 2026-02-17T09:20:27.302576


2026-02-17 11:22:38 UTC - email_service - ERROR - [main.py:health_check:151] -
Health check failed
Context:
  error: [Errno 99] Cannot assign requested address
  timestamp: 2026-02-17T09:22:38.379330


2026-02-17 11:24:49 UTC - email_service - ERROR - [main.py:health_check:151] -
Health check failed
Context:
  error: [Errno 99] Cannot assign requested address
  timestamp: 2026-02-17T09:24:49.448321


2026-02-17 11:27:00 UTC - email_service - ERROR - [main.py:health_check:151] -
Health check failed
Context:
  error: [Errno 99] Cannot assign requested address
  timestamp: 2026-02-17T09:27:00.518663


2026-02-17 11:29:11 UTC - email_service - ERROR - [main.py:health_check:151] -
Health check failed
Context:
  error: [Errno 99] Cannot assign requested address
  timestamp: 2026-02-17T09:29:11.591198


2026-02-17 11:31:22 UTC - email_service - ERROR - [main.py:health_check:151] -
Health check failed
Context:
  error: [Errno 99] Cannot assign requested address
  timestamp: 2026-02-17T09:31:22.666117


2026-02-17 11:33:33 UTC - email_service - ERROR - [main.py:health_check:151] -
Health check failed
Context:
  error: [Errno 99] Cannot assign requested address
  timestamp: 2026-02-17T09:33:33.734571


2026-02-17 11:35:44 UTC - email_service - ERROR - [main.py:health_check:151] -
Health check failed
Context:
  error: [Errno 99] Cannot assign requested address
  timestamp: 2026-02-17T09:35:44.807041


2026-02-17 11:37:55 UTC - email_service - ERROR - [main.py:health_check:151] -
Health check failed
Context:
  error: [Errno 99] Cannot assign requested address
  timestamp: 2026-02-17T09:37:55.878310


2026-02-17 11:40:06 UTC - email_service - ERROR - [main.py:health_check:151] -
Health check failed
Context:
  error: [Errno 99] Cannot assign requested address
  timestamp: 2026-02-17T09:40:06.950674


2026-02-17 11:42:18 UTC - email_service - ERROR - [main.py:health_check:151] -
Health check failed
Context:
  error: [Errno 99] Cannot assign requested address
  timestamp: 2026-02-17T09:42:18.023058


2026-02-17 11:44:29 UTC - email_service - ERROR - [main.py:health_check:151] -
Health check failed
Context:
  error: [Errno 99] Cannot assign requested address
  timestamp: 2026-02-17T09:44:29.094372


2026-02-17 11:46:40 UTC - email_service - ERROR - [main.py:health_check:151] -
Health check failed
Context:
  error: [Errno 99] Cannot assign requested address
  timestamp: 2026-02-17T09:46:40.166369


2026-02-17 11:48:51 UTC - email_service - ERROR - [main.py:health_check:151] -
Health check failed
Context:
  error: [Errno 99] Cannot assign requested address
  timestamp: 2026-02-17T09:48:51.239323


2026-02-17 11:51:02 UTC - email_service - ERROR - [main.py:health_check:151] -
Health check failed
Context:
  error: [Errno 99] Cannot assign requested address
  timestamp: 2026-02-17T09:51:02.310324


2026-02-17 11:53:13 UTC - email_service - ERROR - [main.py:health_check:151] -
Health check failed
Context:
  error: [Errno 99] Cannot assign requested address
  timestamp: 2026-02-17T09:53:13.382393


2026-02-17 11:55:24 UTC - email_service - ERROR - [main.py:health_check:151] -
Health check failed
Context:
  error: [Errno 99] Cannot assign requested address
  timestamp: 2026-02-17T09:55:24.454475


2026-02-17 11:57:35 UTC - email_service - ERROR - [main.py:health_check:151] -
Health check failed
Context:
  error: [Errno 99] Cannot assign requested address
  timestamp: 2026-02-17T09:57:35.526321


2026-02-17 11:59:46 UTC - email_service - ERROR - [main.py:health_check:151] -
Health check failed
Context:
  error: [Errno 99] Cannot assign requested address
  timestamp: 2026-02-17T09:59:46.598761


2026-02-17 12:01:57 UTC - email_service - ERROR - [main.py:health_check:151] -
Health check failed
Context:
  error: [Errno 99] Cannot assign requested address
  timestamp: 2026-02-17T10:01:57.672099


2026-02-17 12:04:08 UTC - email_service - ERROR - [main.py:health_check:151] -
Health check failed
Context:
  error: [Errno 99] Cannot assign requested address
  timestamp: 2026-02-17T10:04:08.742692


2026-02-17 12:06:19 UTC - email_service - ERROR - [main.py:health_check:151] -
Health check failed
Context:
  error: [Errno 99] Cannot assign requested address
  timestamp: 2026-02-17T10:06:19.814388


2026-02-17 12:08:30 UTC - email_service - ERROR - [main.py:health_check:151] -
Health check failed
Context:
  error: [Errno 99] Cannot assign requested address
  timestamp: 2026-02-17T10:08:30.886457


2026-02-17 12:10:41 UTC - email_service - ERROR - [main.py:health_check:151] -
Health check failed
Context:
  error: [Errno 99] Cannot assign requested address
  timestamp: 2026-02-17T10:10:41.958672


2026-02-17 12:12:53 UTC - email_service - ERROR - [main.py:health_check:151] -
Health check failed
Context:
  error: [Errno 99] Cannot assign requested address
  timestamp: 2026-02-17T10:12:53.030398


2026-02-17 12:15:04 UTC - email_service - ERROR - [main.py:health_check:151] -
Health check failed
Context:
  error: [Errno 99] Cannot assign requested address
  timestamp: 2026-02-17T10:15:04.102345


2026-02-17 12:17:15 UTC - email_service - ERROR - [main.py:health_check:151] -
Health check failed
Context:
  error: [Errno 99] Cannot assign requested address
  timestamp: 2026-02-17T10:17:15.174324


2026-02-17 12:19:26 UTC - email_service - ERROR - [main.py:health_check:151] -
Health check failed
Context:
  error: [Errno 99] Cannot assign requested address
  timestamp: 2026-02-17T10:19:26.246646


2026-02-17 12:21:37 UTC - email_service - ERROR - [main.py:health_check:151] -
Health check failed
Context:
  error: [Errno 99] Cannot assign requested address
  timestamp: 2026-02-17T10:21:37.319995


2026-02-17 12:23:48 UTC - email_service - ERROR - [main.py:health_check:151] -
Health check failed
Context:
  error: [Errno 99] Cannot assign requested address
  timestamp: 2026-02-17T10:23:48.390327


2026-02-17 12:25:59 UTC - email_service - ERROR - [main.py:health_check:151] -
Health check failed
Context:
  error: [Errno 99] Cannot assign requested address
  timestamp: 2026-02-17T10:25:59.462488


2026-02-17 12:28:10 UTC - email_service - ERROR - [main.py:health_check:151] -
Health check failed
Context:
  error: [Errno 99] Cannot assign requested address
  timestamp: 2026-02-17T10:28:10.534897


2026-02-17 12:30:21 UTC - email_service - ERROR - [main.py:health_check:151] -
Health check failed
Context:
  error: [Errno 99] Cannot assign requested address
  timestamp: 2026-02-17T10:30:21.606269


2026-02-17 12:32:32 UTC - email_service - ERROR - [main.py:health_check:151] -
Health check failed
Context:
  error: [Errno 99] Cannot assign requested address
  timestamp: 2026-02-17T10:32:32.678580


2026-02-17 12:34:43 UTC - email_service - ERROR - [main.py:health_check:151] -
Health check failed
Context:
  error: [Errno 99] Cannot assign requested address
  timestamp: 2026-02-17T10:34:43.751635


2026-02-17 12:36:54 UTC - email_service - ERROR - [main.py:health_check:151] -
Health check failed
Context:
  error: [Errno 99] Cannot assign requested address
  timestamp: 2026-02-17T10:36:54.822510


2026-02-17 12:39:05 UTC - email_service - ERROR - [main.py:health_check:151] -
Health check failed
Context:
  error: [Errno 99] Cannot assign requested address
  timestamp: 2026-02-17T10:39:05.894238


2026-02-17 12:41:16 UTC - email_service - ERROR - [main.py:health_check:151] -
Health check failed
Context:
  error: [Errno 99] Cannot assign requested address
  timestamp: 2026-02-17T10:41:16.966074


2026-02-17 12:43:28 UTC - email_service - ERROR - [main.py:health_check:151] -
Health check failed
Context:
  error: [Errno 99] Cannot assign requested address
  timestamp: 2026-02-17T10:43:28.038601


2026-02-17 12:45:39 UTC - email_service - ERROR - [main.py:health_check:151] -
Health check failed
Context:
  error: [Errno 99] Cannot assign requested address
  timestamp: 2026-02-17T10:45:39.110418


2026-02-17 12:47:50 UTC - email_service - ERROR - [main.py:health_check:151] -
Health check failed
Context:
  error: [Errno 99] Cannot assign requested address
  timestamp: 2026-02-17T10:47:50.183049


2026-02-17 12:50:01 UTC - email_service - ERROR - [main.py:health_check:151] -
Health check failed
Context:
  error: [Errno 99] Cannot assign requested address
  timestamp: 2026-02-17T10:50:01.254282


2026-02-17 12:52:12 UTC - email_service - ERROR - [main.py:health_check:151] -
Health check failed
Context:
  error: [Errno 99] Cannot assign requested address
  timestamp: 2026-02-17T10:52:12.326253


2026-02-17 12:54:23 UTC - email_service - ERROR - [main.py:health_check:151] -
Health check failed
Context:
  error: [Errno 99] Cannot assign requested address
  timestamp: 2026-02-17T10:54:23.402576


2026-02-17 12:56:34 UTC - email_service - ERROR - [main.py:health_check:151] -
Health check failed
Context:
  error: [Errno 99] Cannot assign requested address
  timestamp: 2026-02-17T10:56:34.470389


2026-02-17 12:58:45 UTC - email_service - ERROR - [main.py:health_check:151] -
Health check failed
Context:
  error: [Errno 99] Cannot assign requested address
  timestamp: 2026-02-17T10:58:45.542616


2026-02-17 13:00:56 UTC - email_service - ERROR - [main.py:health_check:151] -
Health check failed
Context:
  error: [Errno 99] Cannot assign requested address
  timestamp: 2026-02-17T11:00:56.614865


2026-02-17 13:03:07 UTC - email_service - ERROR - [main.py:health_check:151] -
Health check failed
Context:
  error: [Errno 99] Cannot assign requested address
  timestamp: 2026-02-17T11:03:07.686839


2026-02-17 13:05:18 UTC - email_service - ERROR - [main.py:health_check:151] -
Health check failed
Context:
  error: [Errno 99] Cannot assign requested address
  timestamp: 2026-02-17T11:05:18.758663


2026-02-17 13:07:29 UTC - email_service - ERROR - [main.py:health_check:151] -
Health check failed
Context:
  error: [Errno 99] Cannot assign requested address
  timestamp: 2026-02-17T11:07:29.831549


2026-02-17 13:09:40 UTC - email_service - ERROR - [main.py:health_check:151] -
Health check failed
Context:
  error: [Errno 99] Cannot assign requested address
  timestamp: 2026-02-17T11:09:40.902325


2026-02-17 13:11:51 UTC - email_service - ERROR - [main.py:health_check:151] -
Health check failed
Context:
  error: [Errno 99] Cannot assign requested address
  timestamp: 2026-02-17T11:11:51.974345


2026-02-17 13:14:03 UTC - email_service - ERROR - [main.py:health_check:151] -
Health check failed
Context:
  error: [Errno 99] Cannot assign requested address
  timestamp: 2026-02-17T11:14:03.046298


2026-02-17 13:16:14 UTC - email_service - ERROR - [main.py:health_check:151] -
Health check failed
Context:
  error: [Errno 99] Cannot assign requested address
  timestamp: 2026-02-17T11:16:14.118766


2026-02-17 13:18:25 UTC - email_service - ERROR - [main.py:health_check:151] -
Health check failed
Context:
  error: [Errno 99] Cannot assign requested address
  timestamp: 2026-02-17T11:18:25.190347


2026-02-17 13:20:36 UTC - email_service - ERROR - [main.py:health_check:151] -
Health check failed
Context:
  error: [Errno 99] Cannot assign requested address
  timestamp: 2026-02-17T11:20:36.262676


2026-02-17 13:22:47 UTC - email_service - ERROR - [main.py:health_check:151] -
Health check failed
Context:
  error: [Errno 99] Cannot assign requested address
  timestamp: 2026-02-17T11:22:47.334483


2026-02-17 13:24:58 UTC - email_service - ERROR - [main.py:health_check:151] -
Health check failed
Context:
  error: [Errno 99] Cannot assign requested address
  timestamp: 2026-02-17T11:24:58.407289


2026-02-17 13:27:09 UTC - email_service - ERROR - [main.py:health_check:151] -
Health check failed
Context:
  error: [Errno 99] Cannot assign requested address
  timestamp: 2026-02-17T11:27:09.478775


2026-02-17 13:29:20 UTC - email_service - ERROR - [main.py:health_check:151] -
Health check failed
Context:
  error: [Errno 99] Cannot assign requested address
  timestamp: 2026-02-17T11:29:20.550548


2026-02-17 13:31:31 UTC - email_service - ERROR - [main.py:health_check:151] -
Health check failed
Context:
  error: [Errno 99] Cannot assign requested address
  timestamp: 2026-02-17T11:31:31.628226


2026-02-17 13:33:42 UTC - email_service - ERROR - [main.py:health_check:151] -
Health check failed
Context:
  error: [Errno 99] Cannot assign requested address
  timestamp: 2026-02-17T11:33:42.694340


2026-02-17 13:35:53 UTC - email_service - ERROR - [main.py:health_check:151] -
Health check failed
Context:
  error: [Errno 99] Cannot assign requested address
  timestamp: 2026-02-17T11:35:53.766454


2026-02-17 13:38:04 UTC - email_service - ERROR - [main.py:health_check:151] -
Health check failed
Context:
  error: [Errno 99] Cannot assign requested address
  timestamp: 2026-02-17T11:38:04.838857


2026-02-17 13:40:15 UTC - email_service - ERROR - [main.py:health_check:151] -
Health check failed
Context:
  error: [Errno 99] Cannot assign requested address
  timestamp: 2026-02-17T11:40:15.912274


2026-02-17 13:42:26 UTC - email_service - ERROR - [main.py:health_check:151] -
Health check failed
Context:
  error: [Errno 99] Cannot assign requested address
  timestamp: 2026-02-17T11:42:26.982599


2026-02-17 13:44:38 UTC - email_service - ERROR - [main.py:health_check:151] -
Health check failed
Context:
  error: [Errno 99] Cannot assign requested address
  timestamp: 2026-02-17T11:44:38.054847


2026-02-17 13:46:49 UTC - email_service - ERROR - [main.py:health_check:151] -
Health check failed
Context:
  error: [Errno 99] Cannot assign requested address
  timestamp: 2026-02-17T11:46:49.126412


2026-02-17 13:49:00 UTC - email_service - ERROR - [main.py:health_check:151] -
Health check failed
Context:
  error: [Errno 99] Cannot assign requested address
  timestamp: 2026-02-17T11:49:00.198758


2026-02-17 13:51:11 UTC - email_service - ERROR - [main.py:health_check:151] -
Health check failed
Context:
  error: [Errno 99] Cannot assign requested address
  timestamp: 2026-02-17T11:51:11.270883


2026-02-17 13:53:22 UTC - email_service - ERROR - [main.py:health_check:151] -
Health check failed
Context:
  error: [Errno 99] Cannot assign requested address
  timestamp: 2026-02-17T11:53:22.342484


2026-02-17 13:55:33 UTC - email_service - ERROR - [main.py:health_check:151] -
Health check failed
Context:
  error: [Errno 99] Cannot assign requested address
  timestamp: 2026-02-17T11:55:33.414827


2026-02-17 13:57:44 UTC - email_service - ERROR - [main.py:health_check:151] -
Health check failed
Context:
  error: [Errno 99] Cannot assign requested address
  timestamp: 2026-02-17T11:57:44.486519


2026-02-17 13:59:55 UTC - email_service - ERROR - [main.py:health_check:151] -
Health check failed
Context:
  error: [Errno 99] Cannot assign requested address
  timestamp: 2026-02-17T11:59:55.562541


2026-02-17 14:02:06 UTC - email_service - ERROR - [main.py:health_check:151] -
Health check failed
Context:
  error: [Errno 99] Cannot assign requested address
  timestamp: 2026-02-17T12:02:06.630408


2026-02-17 14:04:17 UTC - email_service - ERROR - [main.py:health_check:151] -
Health check failed
Context:
  error: [Errno 99] Cannot assign requested address
  timestamp: 2026-02-17T12:04:17.702733


2026-02-17 14:06:28 UTC - email_service - ERROR - [main.py:health_check:151] -
Health check failed
Context:
  error: [Errno 99] Cannot assign requested address
  timestamp: 2026-02-17T12:06:28.774541


2026-02-17 14:08:39 UTC - email_service - ERROR - [main.py:health_check:151] -
Health check failed
Context:
  error: [Errno 99] Cannot assign requested address
  timestamp: 2026-02-17T12:08:39.846566


2026-02-17 14:10:50 UTC - email_service - ERROR - [main.py:health_check:151] -
Health check failed
Context:
  error: [Errno 99] Cannot assign requested address
  timestamp: 2026-02-17T12:10:50.918504


2026-02-17 14:13:01 UTC - email_service - ERROR - [main.py:health_check:151] -
Health check failed
Context:
  error: [Errno 99] Cannot assign requested address
  timestamp: 2026-02-17T12:13:01.991518


2026-02-17 14:15:13 UTC - email_service - ERROR - [main.py:health_check:151] -
Health check failed
Context:
  error: [Errno 99] Cannot assign requested address
  timestamp: 2026-02-17T12:15:13.062954


2026-02-17 14:17:24 UTC - email_service - ERROR - [main.py:health_check:151] -
Health check failed
Context:
  error: [Errno 99] Cannot assign requested address
  timestamp: 2026-02-17T12:17:24.134477


2026-02-17 14:19:35 UTC - email_service - ERROR - [main.py:health_check:151] -
Health check failed
Context:
  error: [Errno 99] Cannot assign requested address
  timestamp: 2026-02-17T12:19:35.206495


2026-02-17 14:21:46 UTC - email_service - ERROR - [main.py:health_check:151] -
Health check failed
Context:
  error: [Errno 99] Cannot assign requested address
  timestamp: 2026-02-17T12:21:46.278531


2026-02-17 14:23:57 UTC - email_service - ERROR - [main.py:health_check:151] -
Health check failed
Context:
  error: [Errno 99] Cannot assign requested address
  timestamp: 2026-02-17T12:23:57.350701


2026-02-17 14:26:08 UTC - email_service - ERROR - [main.py:health_check:151] -
Health check failed
Context:
  error: [Errno 99] Cannot assign requested address
  timestamp: 2026-02-17T12:26:08.422336


2026-02-17 14:28:19 UTC - email_service - ERROR - [main.py:health_check:151] -
Health check failed
Context:
  error: [Errno 99] Cannot assign requested address
  timestamp: 2026-02-17T12:28:19.495046


2026-02-17 14:30:30 UTC - email_service - ERROR - [main.py:health_check:151] -
Health check failed
Context:
  error: [Errno 99] Cannot assign requested address
  timestamp: 2026-02-17T12:30:30.566130


2026-02-17 14:32:41 UTC - email_service - ERROR - [main.py:health_check:151] -
Health check failed
Context:
  error: [Errno 99] Cannot assign requested address
  timestamp: 2026-02-17T12:32:41.638732


2026-02-17 14:34:52 UTC - email_service - ERROR - [main.py:health_check:151] -
Health check failed
Context:
  error: [Errno 99] Cannot assign requested address
  timestamp: 2026-02-17T12:34:52.710315


2026-02-17 14:37:03 UTC - email_service - ERROR - [main.py:health_check:151] -
Health check failed
Context:
  error: [Errno 99] Cannot assign requested address
  timestamp: 2026-02-17T12:37:03.782534


2026-02-17 14:39:14 UTC - email_service - ERROR - [main.py:health_check:151] -
Health check failed
Context:
  error: [Errno 99] Cannot assign requested address
  timestamp: 2026-02-17T12:39:14.854522


2026-02-17 14:41:25 UTC - email_service - ERROR - [main.py:health_check:151] -
Health check failed
Context:
  error: [Errno 99] Cannot assign requested address
  timestamp: 2026-02-17T12:41:25.926297


2026-02-17 14:43:36 UTC - email_service - ERROR - [main.py:health_check:151] -
Health check failed
Context:
  error: [Errno 99] Cannot assign requested address
  timestamp: 2026-02-17T12:43:36.998978


2026-02-17 14:45:48 UTC - email_service - ERROR - [main.py:health_check:151] -
Health check failed
Context:
  error: [Errno 99] Cannot assign requested address
  timestamp: 2026-02-17T12:45:48.071200


2026-02-17 14:47:59 UTC - email_service - ERROR - [main.py:health_check:151] -
Health check failed
Context:
  error: [Errno 99] Cannot assign requested address
  timestamp: 2026-02-17T12:47:59.142605


2026-02-17 14:50:10 UTC - email_service - ERROR - [main.py:health_check:151] -
Health check failed
Context:
  error: [Errno 99] Cannot assign requested address
  timestamp: 2026-02-17T12:50:10.214577


2026-02-17 14:52:21 UTC - email_service - ERROR - [main.py:health_check:151] -
Health check failed
Context:
  error: [Errno 99] Cannot assign requested address
  timestamp: 2026-02-17T12:52:21.286789


2026-02-17 14:54:32 UTC - email_service - ERROR - [main.py:health_check:151] -
Health check failed
Context:
  error: [Errno 99] Cannot assign requested address
  timestamp: 2026-02-17T12:54:32.358942


2026-02-17 14:56:43 UTC - email_service - ERROR - [main.py:health_check:151] -
Health check failed
Context:
  error: [Errno 99] Cannot assign requested address
  timestamp: 2026-02-17T12:56:43.430644


2026-02-17 14:58:54 UTC - email_service - ERROR - [main.py:health_check:151] -
Health check failed
Context:
  error: [Errno 99] Cannot assign requested address
  timestamp: 2026-02-17T12:58:54.503045


2026-02-17 15:01:05 UTC - email_service - ERROR - [main.py:health_check:151] -
Health check failed
Context:
  error: [Errno 99] Cannot assign requested address
  timestamp: 2026-02-17T13:01:05.574328


2026-02-17 15:03:16 UTC - email_service - ERROR - [main.py:health_check:151] -
Health check failed
Context:
  error: [Errno 99] Cannot assign requested address
  timestamp: 2026-02-17T13:03:16.646233


2026-02-17 15:05:27 UTC - email_service - ERROR - [main.py:health_check:151] -
Health check failed
Context:
  error: [Errno 99] Cannot assign requested address
  timestamp: 2026-02-17T13:05:27.718553


2026-02-17 15:07:38 UTC - email_service - ERROR - [main.py:health_check:151] -
Health check failed
Context:
  error: [Errno 99] Cannot assign requested address
  timestamp: 2026-02-17T13:07:38.790536


2026-02-17 15:09:49 UTC - email_service - ERROR - [main.py:health_check:151] -
Health check failed
Context:
  error: [Errno 99] Cannot assign requested address
  timestamp: 2026-02-17T13:09:49.862642


2026-02-17 15:12:00 UTC - email_service - ERROR - [main.py:health_check:151] -
Health check failed
Context:
  error: [Errno 99] Cannot assign requested address
  timestamp: 2026-02-17T13:12:00.934341


2026-02-17 15:14:12 UTC - email_service - ERROR - [main.py:health_check:151] -
Health check failed
Context:
  error: [Errno 99] Cannot assign requested address
  timestamp: 2026-02-17T13:14:12.010270


2026-02-17 15:16:23 UTC - email_service - ERROR - [main.py:health_check:151] -
Health check failed
Context:
  error: [Errno 99] Cannot assign requested address
  timestamp: 2026-02-17T13:16:23.078408


2026-02-17 15:18:34 UTC - email_service - ERROR - [main.py:health_check:151] -
Health check failed
Context:
  error: [Errno 99] Cannot assign requested address
  timestamp: 2026-02-17T13:18:34.151462


2026-02-17 15:20:45 UTC - email_service - ERROR - [main.py:health_check:151] -
Health check failed
Context:
  error: [Errno 99] Cannot assign requested address
  timestamp: 2026-02-17T13:20:45.222824


2026-02-17 15:22:56 UTC - email_service - ERROR - [main.py:health_check:151] -
Health check failed
Context:
  error: [Errno 99] Cannot assign requested address
  timestamp: 2026-02-17T13:22:56.294668


2026-02-17 15:25:07 UTC - email_service - ERROR - [main.py:health_check:151] -
Health check failed
Context:
  error: [Errno 99] Cannot assign requested address
  timestamp: 2026-02-17T13:25:07.370358


2026-02-17 15:27:18 UTC - email_service - ERROR - [main.py:health_check:151] -
Health check failed
Context:
  error: [Errno 99] Cannot assign requested address
  timestamp: 2026-02-17T13:27:18.438677


2026-02-17 15:29:29 UTC - email_service - ERROR - [main.py:health_check:151] -
Health check failed
Context:
  error: [Errno 99] Cannot assign requested address
  timestamp: 2026-02-17T13:29:29.510257


2026-02-17 15:31:40 UTC - email_service - ERROR - [main.py:health_check:151] -
Health check failed
Context:
  error: [Errno 99] Cannot assign requested address
  timestamp: 2026-02-17T13:31:40.582885


2026-02-17 15:33:51 UTC - email_service - ERROR - [main.py:health_check:151] -
Health check failed
Context:
  error: [Errno 99] Cannot assign requested address
  timestamp: 2026-02-17T13:33:51.654276


2026-02-17 15:36:02 UTC - email_service - ERROR - [main.py:health_check:151] -
Health check failed
Context:
  error: [Errno 99] Cannot assign requested address
  timestamp: 2026-02-17T13:36:02.726221


2026-02-17 15:38:13 UTC - email_service - ERROR - [main.py:health_check:151] -
Health check failed
Context:
  error: [Errno 99] Cannot assign requested address
  timestamp: 2026-02-17T13:38:13.798801


2026-02-17 15:40:24 UTC - email_service - ERROR - [main.py:health_check:151] -
Health check failed
Context:
  error: [Errno 99] Cannot assign requested address
  timestamp: 2026-02-17T13:40:24.870255


2026-02-17 15:42:35 UTC - email_service - ERROR - [main.py:health_check:151] -
Health check failed
Context:
  error: [Errno 99] Cannot assign requested address
  timestamp: 2026-02-17T13:42:35.944629


2026-02-17 15:44:47 UTC - email_service - ERROR - [main.py:health_check:151] -
Health check failed
Context:
  error: [Errno 99] Cannot assign requested address
  timestamp: 2026-02-17T13:44:47.014300


2026-02-17 15:46:58 UTC - email_service - ERROR - [main.py:health_check:151] -
Health check failed
Context:
  error: [Errno 99] Cannot assign requested address
  timestamp: 2026-02-17T13:46:58.086590


2026-02-17 15:49:09 UTC - email_service - ERROR - [main.py:health_check:151] -
Health check failed
Context:
  error: [Errno 99] Cannot assign requested address
  timestamp: 2026-02-17T13:49:09.158529


2026-02-17 15:51:20 UTC - email_service - ERROR - [main.py:health_check:151] -
Health check failed
Context:
  error: [Errno 99] Cannot assign requested address
  timestamp: 2026-02-17T13:51:20.231266


2026-02-17 15:53:31 UTC - email_service - ERROR - [main.py:health_check:151] -
Health check failed
Context:
  error: [Errno 99] Cannot assign requested address
  timestamp: 2026-02-17T13:53:31.302507


2026-02-17 15:55:42 UTC - email_service - ERROR - [main.py:health_check:151] -
Health check failed
Context:
  error: [Errno 99] Cannot assign requested address
  timestamp: 2026-02-17T13:55:42.374729


2026-02-17 15:57:53 UTC - email_service - ERROR - [main.py:health_check:151] -
Health check failed
Context:
  error: [Errno 99] Cannot assign requested address
  timestamp: 2026-02-17T13:57:53.446387


2026-02-17 16:00:04 UTC - email_service - ERROR - [main.py:health_check:151] -
Health check failed
Context:
  error: [Errno 99] Cannot assign requested address
  timestamp: 2026-02-17T14:00:04.518808


2026-02-17 16:02:15 UTC - email_service - ERROR - [main.py:health_check:151] -
Health check failed
Context:
  error: [Errno 99] Cannot assign requested address
  timestamp: 2026-02-17T14:02:15.590205


2026-02-17 16:04:26 UTC - email_service - ERROR - [main.py:health_check:151] -
Health check failed
Context:
  error: [Errno 99] Cannot assign requested address
  timestamp: 2026-02-17T14:04:26.662567


2026-02-17 16:06:37 UTC - email_service - ERROR - [main.py:health_check:151] -
Health check failed
Context:
  error: [Errno 99] Cannot assign requested address
  timestamp: 2026-02-17T14:06:37.741814


2026-02-17 16:08:48 UTC - email_service - ERROR - [main.py:health_check:151] -
Health check failed
Context:
  error: [Errno 99] Cannot assign requested address
  timestamp: 2026-02-17T14:08:48.806471


2026-02-17 16:10:59 UTC - email_service - ERROR - [main.py:health_check:151] -
Health check failed
Context:
  error: [Errno 99] Cannot assign requested address
  timestamp: 2026-02-17T14:10:59.878743


2026-02-17 16:13:10 UTC - email_service - ERROR - [main.py:health_check:151] -
Health check failed
Context:
  error: [Errno 99] Cannot assign requested address
  timestamp: 2026-02-17T14:13:10.950360


2026-02-17 16:15:22 UTC - email_service - ERROR - [main.py:health_check:151] -
Health check failed
Context:
  error: [Errno 99] Cannot assign requested address
  timestamp: 2026-02-17T14:15:22.022691


2026-02-17 16:17:33 UTC - email_service - ERROR - [main.py:health_check:151] -
Health check failed
Context:
  error: [Errno 99] Cannot assign requested address
  timestamp: 2026-02-17T14:17:33.094505


2026-02-17 16:19:44 UTC - email_service - ERROR - [main.py:health_check:151] -
Health check failed
Context:
  error: [Errno 99] Cannot assign requested address
  timestamp: 2026-02-17T14:19:44.166420


2026-02-17 16:21:55 UTC - email_service - ERROR - [main.py:health_check:151] -
Health check failed
Context:
  error: [Errno 99] Cannot assign requested address
  timestamp: 2026-02-17T14:21:55.238471


2026-02-17 16:24:06 UTC - email_service - ERROR - [main.py:health_check:151] -
Health check failed
Context:
  error: [Errno 99] Cannot assign requested address
  timestamp: 2026-02-17T14:24:06.311455


2026-02-17 16:26:17 UTC - email_service - ERROR - [main.py:health_check:151] -
Health check failed
Context:
  error: [Errno 99] Cannot assign requested address
  timestamp: 2026-02-17T14:26:17.384870


2026-02-17 16:28:28 UTC - email_service - ERROR - [main.py:health_check:151] -
Health check failed
Context:
  error: [Errno 99] Cannot assign requested address
  timestamp: 2026-02-17T14:28:28.454368


2026-02-17 16:30:39 UTC - email_service - ERROR - [main.py:health_check:151] -
Health check failed
Context:
  error: [Errno 99] Cannot assign requested address
  timestamp: 2026-02-17T14:30:39.526410


2026-02-17 16:32:50 UTC - email_service - ERROR - [main.py:health_check:151] -
Health check failed
Context:
  error: [Errno 99] Cannot assign requested address
  timestamp: 2026-02-17T14:32:50.598820


2026-02-17 16:35:01 UTC - email_service - ERROR - [main.py:health_check:151] -
Health check failed
Context:
  error: [Errno 99] Cannot assign requested address
  timestamp: 2026-02-17T14:35:01.670506


2026-02-17 16:37:12 UTC - email_service - ERROR - [main.py:health_check:151] -
Health check failed
Context:
  error: [Errno 99] Cannot assign requested address
  timestamp: 2026-02-17T14:37:12.745196


2026-02-17 16:39:23 UTC - email_service - ERROR - [main.py:health_check:151] -
Health check failed
Context:
  error: [Errno 99] Cannot assign requested address
  timestamp: 2026-02-17T14:39:23.814510


2026-02-17 16:41:34 UTC - email_service - ERROR - [main.py:health_check:151] -
Health check failed
Context:
  error: [Errno 99] Cannot assign requested address
  timestamp: 2026-02-17T14:41:34.886318


2026-02-17 16:43:45 UTC - email_service - ERROR - [main.py:health_check:151] -
Health check failed
Context:
  error: [Errno 99] Cannot assign requested address
  timestamp: 2026-02-17T14:43:45.958643


2026-02-17 16:45:57 UTC - email_service - ERROR - [main.py:health_check:151] -
Health check failed
Context:
  error: [Errno 99] Cannot assign requested address
  timestamp: 2026-02-17T14:45:57.030316


2026-02-17 16:48:08 UTC - email_service - ERROR - [main.py:health_check:151] -
Health check failed
Context:
  error: [Errno 99] Cannot assign requested address
  timestamp: 2026-02-17T14:48:08.102728


2026-02-17 16:50:19 UTC - email_service - ERROR - [main.py:health_check:151] -
Health check failed
Context:
  error: [Errno 99] Cannot assign requested address
  timestamp: 2026-02-17T14:50:19.174422


2026-02-17 16:52:30 UTC - email_service - ERROR - [main.py:health_check:151] -
Health check failed
Context:
  error: [Errno 99] Cannot assign requested address
  timestamp: 2026-02-17T14:52:30.250631


2026-02-17 16:54:41 UTC - email_service - ERROR - [main.py:health_check:151] -
Health check failed
Context:
  error: [Errno 99] Cannot assign requested address
  timestamp: 2026-02-17T14:54:41.322820


2026-02-17 16:56:52 UTC - email_service - ERROR - [main.py:health_check:151] -
Health check failed
Context:
  error: [Errno 99] Cannot assign requested address
  timestamp: 2026-02-17T14:56:52.391623


2026-02-17 16:59:03 UTC - email_service - ERROR - [main.py:health_check:151] -
Health check failed
Context:
  error: [Errno 99] Cannot assign requested address
  timestamp: 2026-02-17T14:59:03.462978


2026-02-17 17:01:14 UTC - email_service - ERROR - [main.py:health_check:151] -
Health check failed
Context:
  error: [Errno 99] Cannot assign requested address
  timestamp: 2026-02-17T15:01:14.534371


2026-02-17 17:03:25 UTC - email_service - ERROR - [main.py:health_check:151] -
Health check failed
Context:
  error: [Errno 99] Cannot assign requested address
  timestamp: 2026-02-17T15:03:25.606235


2026-02-17 17:05:36 UTC - email_service - ERROR - [main.py:health_check:151] -
Health check failed
Context:
  error: [Errno 99] Cannot assign requested address
  timestamp: 2026-02-17T15:05:36.678816


2026-02-17 17:07:47 UTC - email_service - ERROR - [main.py:health_check:151] -
Health check failed
Context:
  error: [Errno 99] Cannot assign requested address
  timestamp: 2026-02-17T15:07:47.750504


2026-02-17 17:09:58 UTC - email_service - ERROR - [main.py:health_check:151] -
Health check failed
Context:
  error: [Errno 99] Cannot assign requested address
  timestamp: 2026-02-17T15:09:58.823026


2026-02-17 17:12:09 UTC - email_service - ERROR - [main.py:health_check:151] -
Health check failed
Context:
  error: [Errno 99] Cannot assign requested address
  timestamp: 2026-02-17T15:12:09.894281


2026-02-17 17:14:20 UTC - email_service - ERROR - [main.py:health_check:151] -
Health check failed
Context:
  error: [Errno 99] Cannot assign requested address
  timestamp: 2026-02-17T15:14:20.966216


2026-02-17 17:16:32 UTC - email_service - ERROR - [main.py:health_check:151] -
Health check failed
Context:
  error: [Errno 99] Cannot assign requested address
  timestamp: 2026-02-17T15:16:32.038765


2026-02-17 17:18:43 UTC - email_service - ERROR - [main.py:health_check:151] -
Health check failed
Context:
  error: [Errno 99] Cannot assign requested address
  timestamp: 2026-02-17T15:18:43.110535


2026-02-17 17:20:54 UTC - email_service - ERROR - [main.py:health_check:151] -
Health check failed
Context:
  error: [Errno 99] Cannot assign requested address
  timestamp: 2026-02-17T15:20:54.182397


2026-02-17 17:23:05 UTC - email_service - ERROR - [main.py:health_check:151] -
Health check failed
Context:
  error: [Errno 99] Cannot assign requested address
  timestamp: 2026-02-17T15:23:05.254594


2026-02-17 17:25:16 UTC - email_service - ERROR - [main.py:health_check:151] -
Health check failed
Context:
  error: [Errno 99] Cannot assign requested address
  timestamp: 2026-02-17T15:25:16.330475


2026-02-17 17:27:27 UTC - email_service - ERROR - [main.py:health_check:151] -
Health check failed
Context:
  error: [Errno 99] Cannot assign requested address
  timestamp: 2026-02-17T15:27:27.398601


2026-02-17 17:29:38 UTC - email_service - ERROR - [main.py:health_check:151] -
Health check failed
Context:
  error: [Errno 99] Cannot assign requested address
  timestamp: 2026-02-17T15:29:38.471512


2026-02-17 17:31:49 UTC - email_service - ERROR - [main.py:health_check:151] -
Health check failed
Context:
  error: [Errno 99] Cannot assign requested address
  timestamp: 2026-02-17T15:31:49.546453


2026-02-17 17:34:00 UTC - email_service - ERROR - [main.py:health_check:151] -
Health check failed
Context:
  error: [Errno 99] Cannot assign requested address
  timestamp: 2026-02-17T15:34:00.614283


2026-02-17 17:36:11 UTC - email_service - ERROR - [main.py:health_check:151] -
Health check failed
Context:
  error: [Errno 99] Cannot assign requested address
  timestamp: 2026-02-17T15:36:11.686390


2026-02-17 17:38:22 UTC - email_service - ERROR - [main.py:health_check:151] -
Health check failed
Context:
  error: [Errno 99] Cannot assign requested address
  timestamp: 2026-02-17T15:38:22.758556


2026-02-17 17:40:33 UTC - email_service - ERROR - [main.py:health_check:151] -
Health check failed
Context:
  error: [Errno 99] Cannot assign requested address
  timestamp: 2026-02-17T15:40:33.830670


2026-02-17 17:42:44 UTC - email_service - ERROR - [main.py:health_check:151] -
Health check failed
Context:
  error: [Errno 99] Cannot assign requested address
  timestamp: 2026-02-17T15:42:44.902453


2026-02-17 17:44:55 UTC - email_service - ERROR - [main.py:health_check:151] -
Health check failed
Context:
  error: [Errno 99] Cannot assign requested address
  timestamp: 2026-02-17T15:44:55.974750


2026-02-17 17:47:07 UTC - email_service - ERROR - [main.py:health_check:151] -
Health check failed
Context:
  error: [Errno 99] Cannot assign requested address
  timestamp: 2026-02-17T15:47:07.046869


2026-02-17 17:49:18 UTC - email_service - ERROR - [main.py:health_check:151] -
Health check failed
Context:
  error: [Errno 99] Cannot assign requested address
  timestamp: 2026-02-17T15:49:18.118448


2026-02-17 17:51:29 UTC - email_service - ERROR - [main.py:health_check:151] -
Health check failed
Context:
  error: [Errno 99] Cannot assign requested address
  timestamp: 2026-02-17T15:51:29.190552


2026-02-17 17:53:40 UTC - email_service - ERROR - [main.py:health_check:151] -
Health check failed
Context:
  error: [Errno 99] Cannot assign requested address
  timestamp: 2026-02-17T15:53:40.262749


2026-02-17 17:55:51 UTC - email_service - ERROR - [main.py:health_check:151] -
Health check failed
Context:
  error: [Errno 99] Cannot assign requested address
  timestamp: 2026-02-17T15:55:51.334585


2026-02-17 17:58:02 UTC - email_service - ERROR - [main.py:health_check:151] -
Health check failed
Context:
  error: [Errno 99] Cannot assign requested address
  timestamp: 2026-02-17T15:58:02.406098


2026-02-17 18:00:13 UTC - email_service - ERROR - [main.py:health_check:151] -
Health check failed
Context:
  error: [Errno 99] Cannot assign requested address
  timestamp: 2026-02-17T16:00:13.478709


2026-02-17 18:02:24 UTC - email_service - ERROR - [main.py:health_check:151] -
Health check failed
Context:
  error: [Errno 99] Cannot assign requested address
  timestamp: 2026-02-17T16:02:24.551252


2026-02-17 18:04:35 UTC - email_service - ERROR - [main.py:health_check:151] -
Health check failed
Context:
  error: [Errno 99] Cannot assign requested address
  timestamp: 2026-02-17T16:04:35.622748


2026-02-17 18:06:46 UTC - email_service - ERROR - [main.py:health_check:151] -
Health check failed
Context:
  error: [Errno 99] Cannot assign requested address
  timestamp: 2026-02-17T16:06:46.694580


2026-02-17 18:08:57 UTC - email_service - ERROR - [main.py:health_check:151] -
Health check failed
Context:
  error: [Errno 99] Cannot assign requested address
  timestamp: 2026-02-17T16:08:57.768726


2026-02-17 18:11:08 UTC - email_service - ERROR - [main.py:health_check:151] -
Health check failed
Context:
  error: [Errno 99] Cannot assign requested address
  timestamp: 2026-02-17T16:11:08.838800


2026-02-17 18:13:19 UTC - email_service - ERROR - [main.py:health_check:151] -
Health check failed
Context:
  error: [Errno 99] Cannot assign requested address
  timestamp: 2026-02-17T16:13:19.910405


2026-02-17 18:15:30 UTC - email_service - ERROR - [main.py:health_check:151] -
Health check failed
Context:
  error: [Errno 99] Cannot assign requested address
  timestamp: 2026-02-17T16:15:30.982563


2026-02-17 18:17:42 UTC - email_service - ERROR - [main.py:health_check:151] -
Health check failed
Context:
  error: [Errno 99] Cannot assign requested address
  timestamp: 2026-02-17T16:17:42.054466


2026-02-17 18:19:53 UTC - email_service - ERROR - [main.py:health_check:151] -
Health check failed
Context:
  error: [Errno 99] Cannot assign requested address
  timestamp: 2026-02-17T16:19:53.126472


2026-02-17 18:22:04 UTC - email_service - ERROR - [main.py:health_check:151] -
Health check failed
Context:
  error: [Errno 99] Cannot assign requested address
  timestamp: 2026-02-17T16:22:04.198763


2026-02-17 18:24:15 UTC - email_service - ERROR - [main.py:health_check:151] -
Health check failed
Context:
  error: [Errno 99] Cannot assign requested address
  timestamp: 2026-02-17T16:24:15.270302


2026-02-17 18:26:26 UTC - email_service - ERROR - [main.py:health_check:151] -
Health check failed
Context:
  error: [Errno 99] Cannot assign requested address
  timestamp: 2026-02-17T16:26:26.343227


2026-02-17 18:28:37 UTC - email_service - ERROR - [main.py:health_check:151] -
Health check failed
Context:
  error: [Errno 99] Cannot assign requested address
  timestamp: 2026-02-17T16:28:37.419626


2026-02-17 18:30:48 UTC - email_service - ERROR - [main.py:health_check:151] -
Health check failed
Context:
  error: [Errno 99] Cannot assign requested address
  timestamp: 2026-02-17T16:30:48.490648


2026-02-17 18:32:59 UTC - email_service - ERROR - [main.py:health_check:151] -
Health check failed
Context:
  error: [Errno 99] Cannot assign requested address
  timestamp: 2026-02-17T16:32:59.559252


2026-02-17 18:35:10 UTC - email_service - ERROR - [main.py:health_check:151] -
Health check failed
Context:
  error: [Errno 99] Cannot assign requested address
  timestamp: 2026-02-17T16:35:10.632161


2026-02-17 18:37:21 UTC - email_service - ERROR - [main.py:health_check:151] -
Health check failed
Context:
  error: [Errno 99] Cannot assign requested address
  timestamp: 2026-02-17T16:37:21.702634


2026-02-17 18:39:32 UTC - email_service - ERROR - [main.py:health_check:151] -
Health check failed
Context:
  error: [Errno 99] Cannot assign requested address
  timestamp: 2026-02-17T16:39:32.775177


2026-02-17 18:41:43 UTC - email_service - ERROR - [main.py:health_check:151] -
Health check failed
Context:
  error: [Errno 99] Cannot assign requested address
  timestamp: 2026-02-17T16:41:43.846550


2026-02-17 18:43:54 UTC - email_service - ERROR - [main.py:health_check:151] -
Health check failed
Context:
  error: [Errno 99] Cannot assign requested address
  timestamp: 2026-02-17T16:43:54.918858


2026-02-17 18:46:05 UTC - email_service - ERROR - [main.py:health_check:151] -
Health check failed
Context:
  error: [Errno 99] Cannot assign requested address
  timestamp: 2026-02-17T16:46:05.990432


2026-02-17 18:48:17 UTC - email_service - ERROR - [main.py:health_check:151] -
Health check failed
Context:
  error: [Errno 99] Cannot assign requested address
  timestamp: 2026-02-17T16:48:17.062611


2026-02-17 18:50:28 UTC - email_service - ERROR - [main.py:health_check:151] -
Health check failed
Context:
  error: [Errno 99] Cannot assign requested address
  timestamp: 2026-02-17T16:50:28.134515


2026-02-17 18:52:39 UTC - email_service - ERROR - [main.py:health_check:151] -
Health check failed
Context:
  error: [Errno 99] Cannot assign requested address
  timestamp: 2026-02-17T16:52:39.207584


2026-02-17 18:54:50 UTC - email_service - ERROR - [main.py:health_check:151] -
Health check failed
Context:
  error: [Errno 99] Cannot assign requested address
  timestamp: 2026-02-17T16:54:50.278771


2026-02-17 18:57:01 UTC - email_service - ERROR - [main.py:health_check:151] -
Health check failed
Context:
  error: [Errno 99] Cannot assign requested address
  timestamp: 2026-02-17T16:57:01.350394


2026-02-17 18:59:12 UTC - email_service - ERROR - [main.py:health_check:151] -
Health check failed
Context:
  error: [Errno 99] Cannot assign requested address
  timestamp: 2026-02-17T16:59:12.422479


2026-02-17 19:01:23 UTC - email_service - ERROR - [main.py:health_check:151] -
Health check failed
Context:
  error: [Errno 99] Cannot assign requested address
  timestamp: 2026-02-17T17:01:23.494416


2026-02-17 19:03:34 UTC - email_service - ERROR - [main.py:health_check:151] -
Health check failed
Context:
  error: [Errno 99] Cannot assign requested address
  timestamp: 2026-02-17T17:03:34.566279


2026-02-17 19:05:45 UTC - email_service - ERROR - [main.py:health_check:151] -
Health check failed
Context:
  error: [Errno 99] Cannot assign requested address
  timestamp: 2026-02-17T17:05:45.638482


2026-02-17 19:07:56 UTC - email_service - ERROR - [main.py:health_check:151] -
Health check failed
Context:
  error: [Errno 99] Cannot assign requested address
  timestamp: 2026-02-17T17:07:56.711432


2026-02-17 19:10:07 UTC - email_service - ERROR - [main.py:health_check:151] -
Health check failed
Context:
  error: [Errno 99] Cannot assign requested address
  timestamp: 2026-02-17T17:10:07.782654


2026-02-17 19:12:18 UTC - email_service - ERROR - [main.py:health_check:151] -
Health check failed
Context:
  error: [Errno 99] Cannot assign requested address
  timestamp: 2026-02-17T17:12:18.854532


2026-02-17 19:14:29 UTC - email_service - ERROR - [main.py:health_check:151] -
Health check failed
Context:
  error: [Errno 99] Cannot assign requested address
  timestamp: 2026-02-17T17:14:29.926786


2026-02-17 19:16:40 UTC - email_service - ERROR - [main.py:health_check:151] -
Health check failed
Context:
  error: [Errno 99] Cannot assign requested address
  timestamp: 2026-02-17T17:16:40.998813


2026-02-17 19:18:52 UTC - email_service - ERROR - [main.py:health_check:151] -
Health check failed
Context:
  error: [Errno 99] Cannot assign requested address
  timestamp: 2026-02-17T17:18:52.070784


2026-02-17 19:21:03 UTC - email_service - ERROR - [main.py:health_check:151] -
Health check failed
Context:
  error: [Errno 99] Cannot assign requested address
  timestamp: 2026-02-17T17:21:03.142649


2026-02-17 19:23:14 UTC - email_service - ERROR - [main.py:health_check:151] -
Health check failed
Context:
  error: [Errno 99] Cannot assign requested address
  timestamp: 2026-02-17T17:23:14.214319


2026-02-17 19:25:25 UTC - email_service - ERROR - [main.py:health_check:151] -
Health check failed
Context:
  error: [Errno 99] Cannot assign requested address
  timestamp: 2026-02-17T17:25:25.286464


2026-02-17 19:27:36 UTC - email_service - ERROR - [main.py:health_check:151] -
Health check failed
Context:
  error: [Errno 99] Cannot assign requested address
  timestamp: 2026-02-17T17:27:36.358840


2026-02-17 19:29:47 UTC - email_service - ERROR - [main.py:health_check:151] -
Health check failed
Context:
  error: [Errno 99] Cannot assign requested address
  timestamp: 2026-02-17T17:29:47.430746


2026-02-17 19:31:58 UTC - email_service - ERROR - [main.py:health_check:151] -
Health check failed
Context:
  error: [Errno 99] Cannot assign requested address
  timestamp: 2026-02-17T17:31:58.502356


2026-02-17 19:34:09 UTC - email_service - ERROR - [main.py:health_check:151] -
Health check failed
Context:
  error: [Errno 99] Cannot assign requested address
  timestamp: 2026-02-17T17:34:09.574864


2026-02-17 19:36:20 UTC - email_service - ERROR - [main.py:health_check:151] -
Health check failed
Context:
  error: [Errno 99] Cannot assign requested address
  timestamp: 2026-02-17T17:36:20.653598


2026-02-17 19:38:31 UTC - email_service - ERROR - [main.py:health_check:151] -
Health check failed
Context:
  error: [Errno 99] Cannot assign requested address
  timestamp: 2026-02-17T17:38:31.719062


2026-02-17 19:40:42 UTC - email_service - ERROR - [main.py:health_check:151] -
Health check failed
Context:
  error: [Errno 99] Cannot assign requested address
  timestamp: 2026-02-17T17:40:42.791552


2026-02-17 19:42:53 UTC - email_service - ERROR - [main.py:health_check:151] -
Health check failed
Context:
  error: [Errno 99] Cannot assign requested address
  timestamp: 2026-02-17T17:42:53.862814


2026-02-17 19:45:04 UTC - email_service - ERROR - [main.py:health_check:151] -
Health check failed
Context:
  error: [Errno 99] Cannot assign requested address
  timestamp: 2026-02-17T17:45:04.934630


2026-02-17 19:47:16 UTC - email_service - ERROR - [main.py:health_check:151] -
Health check failed
Context:
  error: [Errno 99] Cannot assign requested address
  timestamp: 2026-02-17T17:47:16.007626


2026-02-17 19:49:27 UTC - email_service - ERROR - [main.py:health_check:151] -
Health check failed
Context:
  error: [Errno 99] Cannot assign requested address
  timestamp: 2026-02-17T17:49:27.078597


2026-02-17 19:51:38 UTC - email_service - ERROR - [main.py:health_check:151] -
Health check failed
Context:
  error: [Errno 99] Cannot assign requested address
  timestamp: 2026-02-17T17:51:38.150613


2026-02-17 19:53:49 UTC - email_service - ERROR - [main.py:health_check:151] -
Health check failed
Context:
  error: [Errno 99] Cannot assign requested address
  timestamp: 2026-02-17T17:53:49.222737


2026-02-17 19:56:00 UTC - email_service - ERROR - [main.py:health_check:151] -
Health check failed
Context:
  error: [Errno 99] Cannot assign requested address
  timestamp: 2026-02-17T17:56:00.294999


2026-02-17 19:58:11 UTC - email_service - ERROR - [main.py:health_check:151] -
Health check failed
Context:
  error: [Errno 99] Cannot assign requested address
  timestamp: 2026-02-17T17:58:11.366510


2026-02-17 20:00:22 UTC - email_service - ERROR - [main.py:health_check:151] -
Health check failed
Context:
  error: [Errno 99] Cannot assign requested address
  timestamp: 2026-02-17T18:00:22.438571


2026-02-17 20:02:33 UTC - email_service - ERROR - [main.py:health_check:151] -
Health check failed
Context:
  error: [Errno 99] Cannot assign requested address
  timestamp: 2026-02-17T18:02:33.510660


2026-02-17 20:04:44 UTC - email_service - ERROR - [main.py:health_check:151] -
Health check failed
Context:
  error: [Errno 99] Cannot assign requested address
  timestamp: 2026-02-17T18:04:44.582539


2026-02-17 20:06:55 UTC - email_service - ERROR - [main.py:health_check:151] -
Health check failed
Context:
  error: [Errno 99] Cannot assign requested address
  timestamp: 2026-02-17T18:06:55.654640


2026-02-17 20:09:06 UTC - email_service - ERROR - [main.py:health_check:151] -
Health check failed
Context:
  error: [Errno 99] Cannot assign requested address
  timestamp: 2026-02-17T18:09:06.726496


2026-02-17 20:11:17 UTC - email_service - ERROR - [main.py:health_check:151] -
Health check failed
Context:
  error: [Errno 99] Cannot assign requested address
  timestamp: 2026-02-17T18:11:17.798891


2026-02-17 20:13:28 UTC - email_service - ERROR - [main.py:health_check:151] -
Health check failed
Context:
  error: [Errno 99] Cannot assign requested address
  timestamp: 2026-02-17T18:13:28.871538


2026-02-17 20:15:39 UTC - email_service - ERROR - [main.py:health_check:151] -
Health check failed
Context:
  error: [Errno 99] Cannot assign requested address
  timestamp: 2026-02-17T18:15:39.942712


2026-02-17 20:17:51 UTC - email_service - ERROR - [main.py:health_check:151] -
Health check failed
Context:
  error: [Errno 99] Cannot assign requested address
  timestamp: 2026-02-17T18:17:51.014325


2026-02-17 20:20:02 UTC - email_service - ERROR - [main.py:health_check:151] -
Health check failed
Context:
  error: [Errno 99] Cannot assign requested address
  timestamp: 2026-02-17T18:20:02.086420


2026-02-17 20:22:13 UTC - email_service - ERROR - [main.py:health_check:151] -
Health check failed
Context:
  error: [Errno 99] Cannot assign requested address
  timestamp: 2026-02-17T18:22:13.158715


2026-02-17 20:24:24 UTC - email_service - ERROR - [main.py:health_check:151] -
Health check failed
Context:
  error: [Errno 99] Cannot assign requested address
  timestamp: 2026-02-17T18:24:24.230869


2026-02-17 20:26:35 UTC - email_service - ERROR - [main.py:health_check:151] -
Health check failed
Context:
  error: [Errno 99] Cannot assign requested address
  timestamp: 2026-02-17T18:26:35.302780


2026-02-17 20:28:46 UTC - email_service - ERROR - [main.py:health_check:151] -
Health check failed
Context:
  error: [Errno 99] Cannot assign requested address
  timestamp: 2026-02-17T18:28:46.374633


2026-02-17 20:30:57 UTC - email_service - ERROR - [main.py:health_check:151] -
Health check failed
Context:
  error: [Errno 99] Cannot assign requested address
  timestamp: 2026-02-17T18:30:57.446446


2026-02-17 20:33:08 UTC - email_service - ERROR - [main.py:health_check:151] -
Health check failed
Context:
  error: [Errno 99] Cannot assign requested address
  timestamp: 2026-02-17T18:33:08.519172


2026-02-17 20:35:19 UTC - email_service - ERROR - [main.py:health_check:151] -
Health check failed
Context:
  error: [Errno 99] Cannot assign requested address
  timestamp: 2026-02-17T18:35:19.590821


2026-02-17 20:37:30 UTC - email_service - ERROR - [main.py:health_check:151] -
Health check failed
Context:
  error: [Errno 99] Cannot assign requested address
  timestamp: 2026-02-17T18:37:30.662568


2026-02-17 20:39:41 UTC - email_service - ERROR - [main.py:health_check:151] -
Health check failed
Context:
  error: [Errno 99] Cannot assign requested address
  timestamp: 2026-02-17T18:39:41.734483


2026-02-17 20:41:52 UTC - email_service - ERROR - [main.py:health_check:151] -
Health check failed
Context:
  error: [Errno 99] Cannot assign requested address
  timestamp: 2026-02-17T18:41:52.806600


2026-02-17 20:44:03 UTC - email_service - ERROR - [main.py:health_check:151] -
Health check failed
Context:
  error: [Errno 99] Cannot assign requested address
  timestamp: 2026-02-17T18:44:03.878553


2026-02-17 20:46:14 UTC - email_service - ERROR - [main.py:health_check:151] -
Health check failed
Context:
  error: [Errno 99] Cannot assign requested address
  timestamp: 2026-02-17T18:46:14.951540


2026-02-17 20:48:26 UTC - email_service - ERROR - [main.py:health_check:151] -
Health check failed
Context:
  error: [Errno 99] Cannot assign requested address
  timestamp: 2026-02-17T18:48:26.022657


2026-02-17 20:50:37 UTC - email_service - ERROR - [main.py:health_check:151] -
Health check failed
Context:
  error: [Errno 99] Cannot assign requested address
  timestamp: 2026-02-17T18:50:37.094447


2026-02-17 20:52:48 UTC - email_service - ERROR - [main.py:health_check:151] -
Health check failed
Context:
  error: [Errno 99] Cannot assign requested address
  timestamp: 2026-02-17T18:52:48.166383


2026-02-17 20:54:59 UTC - email_service - ERROR - [main.py:health_check:151] -
Health check failed
Context:
  error: [Errno 99] Cannot assign requested address
  timestamp: 2026-02-17T18:54:59.239672


2026-02-17 20:57:10 UTC - email_service - ERROR - [main.py:health_check:151] -
Health check failed
Context:
  error: [Errno 99] Cannot assign requested address
  timestamp: 2026-02-17T18:57:10.310242


2026-02-17 20:59:21 UTC - email_service - ERROR - [main.py:health_check:151] -
Health check failed
Context:
  error: [Errno 99] Cannot assign requested address
  timestamp: 2026-02-17T18:59:21.382944


2026-02-17 21:01:32 UTC - email_service - ERROR - [main.py:health_check:151] -
Health check failed
Context:
  error: [Errno 99] Cannot assign requested address
  timestamp: 2026-02-17T19:01:32.454981


2026-02-17 21:03:43 UTC - email_service - ERROR - [main.py:health_check:151] -
Health check failed
Context:
  error: [Errno 99] Cannot assign requested address
  timestamp: 2026-02-17T19:03:43.526797


2026-02-17 21:05:54 UTC - email_service - ERROR - [main.py:health_check:151] -
Health check failed
Context:
  error: [Errno 99] Cannot assign requested address
  timestamp: 2026-02-17T19:05:54.598627


2026-02-17 21:08:05 UTC - email_service - ERROR - [main.py:health_check:151] -
Health check failed
Context:
  error: [Errno 99] Cannot assign requested address
  timestamp: 2026-02-17T19:08:05.670483


2026-02-17 21:10:16 UTC - email_service - ERROR - [main.py:health_check:151] -
Health check failed
Context:
  error: [Errno 99] Cannot assign requested address
  timestamp: 2026-02-17T19:10:16.742724


2026-02-17 21:12:27 UTC - email_service - ERROR - [main.py:health_check:151] -
Health check failed
Context:
  error: [Errno 99] Cannot assign requested address
  timestamp: 2026-02-17T19:12:27.814256


2026-02-17 21:14:38 UTC - email_service - ERROR - [main.py:health_check:151] -
Health check failed
Context:
  error: [Errno 99] Cannot assign requested address
  timestamp: 2026-02-17T19:14:38.888735


2026-02-17 21:16:49 UTC - email_service - ERROR - [main.py:health_check:151] -
Health check failed
Context:
  error: [Errno 99] Cannot assign requested address
  timestamp: 2026-02-17T19:16:49.958549


2026-02-17 21:19:01 UTC - email_service - ERROR - [main.py:health_check:151] -
Health check failed
Context:
  error: [Errno 99] Cannot assign requested address
  timestamp: 2026-02-17T19:19:01.031794


2026-02-17 21:21:12 UTC - email_service - ERROR - [main.py:health_check:151] -
Health check failed
Context:
  error: [Errno 99] Cannot assign requested address
  timestamp: 2026-02-17T19:21:12.102506


2026-02-17 21:23:23 UTC - email_service - ERROR - [main.py:health_check:151] -
Health check failed
Context:
  error: [Errno 99] Cannot assign requested address
  timestamp: 2026-02-17T19:23:23.174621


2026-02-17 21:25:34 UTC - email_service - ERROR - [main.py:health_check:151] -
Health check failed
Context:
  error: [Errno 99] Cannot assign requested address
  timestamp: 2026-02-17T19:25:34.246608


2026-02-17 21:27:45 UTC - email_service - ERROR - [main.py:health_check:151] -
Health check failed
Context:
  error: [Errno 99] Cannot assign requested address
  timestamp: 2026-02-17T19:27:45.318545


2026-02-17 21:29:56 UTC - email_service - ERROR - [main.py:health_check:151] -
Health check failed
Context:
  error: [Errno 99] Cannot assign requested address
  timestamp: 2026-02-17T19:29:56.390512


2026-02-17 21:32:07 UTC - email_service - ERROR - [main.py:health_check:151] -
Health check failed
Context:
  error: [Errno 99] Cannot assign requested address
  timestamp: 2026-02-17T19:32:07.462529


2026-02-17 21:34:18 UTC - email_service - ERROR - [main.py:health_check:151] -
Health check failed
Context:
  error: [Errno 99] Cannot assign requested address
  timestamp: 2026-02-17T19:34:18.534400


2026-02-17 21:36:29 UTC - email_service - ERROR - [main.py:health_check:151] -
Health check failed
Context:
  error: [Errno 99] Cannot assign requested address
  timestamp: 2026-02-17T19:36:29.610779


2026-02-17 21:38:40 UTC - email_service - ERROR - [main.py:health_check:151] -
Health check failed
Context:
  error: [Errno 99] Cannot assign requested address
  timestamp: 2026-02-17T19:38:40.678657


2026-02-17 21:40:51 UTC - email_service - ERROR - [main.py:health_check:151] -
Health check failed
Context:
  error: [Errno 99] Cannot assign requested address
  timestamp: 2026-02-17T19:40:51.750691


2026-02-17 21:43:02 UTC - email_service - ERROR - [main.py:health_check:151] -
Health check failed
Context:
  error: [Errno 99] Cannot assign requested address
  timestamp: 2026-02-17T19:43:02.822792


2026-02-17 21:45:13 UTC - email_service - ERROR - [main.py:health_check:151] -
Health check failed
Context:
  error: [Errno 99] Cannot assign requested address
  timestamp: 2026-02-17T19:45:13.894638


2026-02-17 21:47:24 UTC - email_service - ERROR - [main.py:health_check:151] -
Health check failed
Context:
  error: [Errno 99] Cannot assign requested address
  timestamp: 2026-02-17T19:47:24.970763


2026-02-17 21:49:36 UTC - email_service - ERROR - [main.py:health_check:151] -
Health check failed
Context:
  error: [Errno 99] Cannot assign requested address
  timestamp: 2026-02-17T19:49:36.038630


2026-02-17 21:51:47 UTC - email_service - ERROR - [main.py:health_check:151] -
Health check failed
Context:
  error: [Errno 99] Cannot assign requested address
  timestamp: 2026-02-17T19:51:47.111694


2026-02-17 21:53:58 UTC - email_service - ERROR - [main.py:health_check:151] -
Health check failed
Context:
  error: [Errno 99] Cannot assign requested address
  timestamp: 2026-02-17T19:53:58.183622


2026-02-17 21:56:09 UTC - email_service - ERROR - [main.py:health_check:151] -
Health check failed
Context:
  error: [Errno 99] Cannot assign requested address
  timestamp: 2026-02-17T19:56:09.258680


2026-02-17 21:58:20 UTC - email_service - ERROR - [main.py:health_check:151] -
Health check failed
Context:
  error: [Errno 99] Cannot assign requested address
  timestamp: 2026-02-17T19:58:20.326411


2026-02-17 22:00:31 UTC - email_service - ERROR - [main.py:health_check:151] -
Health check failed
Context:
  error: [Errno 99] Cannot assign requested address
  timestamp: 2026-02-17T20:00:31.398711


2026-02-17 22:02:42 UTC - email_service - ERROR - [main.py:health_check:151] -
Health check failed
Context:
  error: [Errno 99] Cannot assign requested address
  timestamp: 2026-02-17T20:02:42.470621


2026-02-17 22:04:53 UTC - email_service - ERROR - [main.py:health_check:151] -
Health check failed
Context:
  error: [Errno 99] Cannot assign requested address
  timestamp: 2026-02-17T20:04:53.546218


2026-02-17 22:07:04 UTC - email_service - ERROR - [main.py:health_check:151] -
Health check failed
Context:
  error: [Errno 99] Cannot assign requested address
  timestamp: 2026-02-17T20:07:04.614825


2026-02-17 22:09:15 UTC - email_service - ERROR - [main.py:health_check:151] -
Health check failed
Context:
  error: [Errno 99] Cannot assign requested address
  timestamp: 2026-02-17T20:09:15.686711


2026-02-17 22:11:26 UTC - email_service - ERROR - [main.py:health_check:151] -
Health check failed
Context:
  error: [Errno 99] Cannot assign requested address
  timestamp: 2026-02-17T20:11:26.758603


2026-02-17 22:13:37 UTC - email_service - ERROR - [main.py:health_check:151] -
Health check failed
Context:
  error: [Errno 99] Cannot assign requested address
  timestamp: 2026-02-17T20:13:37.830430


2026-02-17 22:15:48 UTC - email_service - ERROR - [main.py:health_check:151] -
Health check failed
Context:
  error: [Errno 99] Cannot assign requested address
  timestamp: 2026-02-17T20:15:48.902951


2026-02-17 22:17:59 UTC - email_service - ERROR - [main.py:health_check:151] -
Health check failed
Context:
  error: [Errno 99] Cannot assign requested address
  timestamp: 2026-02-17T20:17:59.974877


2026-02-17 22:20:11 UTC - email_service - ERROR - [main.py:health_check:151] -
Health check failed
Context:
  error: [Errno 99] Cannot assign requested address
  timestamp: 2026-02-17T20:20:11.046584


2026-02-17 22:22:22 UTC - email_service - ERROR - [main.py:health_check:151] -
Health check failed
Context:
  error: [Errno 99] Cannot assign requested address
  timestamp: 2026-02-17T20:22:22.118587


2026-02-17 22:24:33 UTC - email_service - ERROR - [main.py:health_check:151] -
Health check failed
Context:
  error: [Errno 99] Cannot assign requested address
  timestamp: 2026-02-17T20:24:33.192699


2026-02-17 22:26:44 UTC - email_service - ERROR - [main.py:health_check:151] -
Health check failed
Context:
  error: [Errno 99] Cannot assign requested address
  timestamp: 2026-02-17T20:26:44.262873


2026-02-17 22:28:55 UTC - email_service - ERROR - [main.py:health_check:151] -
Health check failed
Context:
  error: [Errno 99] Cannot assign requested address
  timestamp: 2026-02-17T20:28:55.334684


2026-02-17 22:31:06 UTC - email_service - ERROR - [main.py:health_check:151] -
Health check failed
Context:
  error: [Errno 99] Cannot assign requested address
  timestamp: 2026-02-17T20:31:06.406477


2026-02-17 22:33:17 UTC - email_service - ERROR - [main.py:health_check:151] -
Health check failed
Context:
  error: [Errno 99] Cannot assign requested address
  timestamp: 2026-02-17T20:33:17.485042


2026-02-17 22:35:28 UTC - email_service - ERROR - [main.py:health_check:151] -
Health check failed
Context:
  error: [Errno 99] Cannot assign requested address
  timestamp: 2026-02-17T20:35:28.550407


2026-02-17 22:37:39 UTC - email_service - ERROR - [main.py:health_check:151] -
Health check failed
Context:
  error: [Errno 99] Cannot assign requested address
  timestamp: 2026-02-17T20:37:39.623032


2026-02-17 22:39:50 UTC - email_service - ERROR - [main.py:health_check:151] -
Health check failed
Context:
  error: [Errno 99] Cannot assign requested address
  timestamp: 2026-02-17T20:39:50.697156


2026-02-17 22:42:01 UTC - email_service - ERROR - [main.py:health_check:151] -
Health check failed
Context:
  error: [Errno 99] Cannot assign requested address
  timestamp: 2026-02-17T20:42:01.766692


2026-02-17 22:44:12 UTC - email_service - ERROR - [main.py:health_check:151] -
Health check failed
Context:
  error: [Errno 99] Cannot assign requested address
  timestamp: 2026-02-17T20:44:12.838850


2026-02-17 22:46:23 UTC - email_service - ERROR - [main.py:health_check:151] -
Health check failed
Context:
  error: [Errno 99] Cannot assign requested address
  timestamp: 2026-02-17T20:46:23.910468


2026-02-17 22:48:34 UTC - email_service - ERROR - [main.py:health_check:151] -
Health check failed
Context:
  error: [Errno 99] Cannot assign requested address
  timestamp: 2026-02-17T20:48:34.982627


2026-02-17 22:50:46 UTC - email_service - ERROR - [main.py:health_check:151] -
Health check failed
Context:
  error: [Errno 99] Cannot assign requested address
  timestamp: 2026-02-17T20:50:46.054537


2026-02-17 22:52:57 UTC - email_service - ERROR - [main.py:health_check:151] -
Health check failed
Context:
  error: [Errno 99] Cannot assign requested address
  timestamp: 2026-02-17T20:52:57.126381


2026-02-17 22:55:08 UTC - email_service - ERROR - [main.py:health_check:151] -
Health check failed
Context:
  error: [Errno 99] Cannot assign requested address
  timestamp: 2026-02-17T20:55:08.199006


2026-02-17 22:57:19 UTC - email_service - ERROR - [main.py:health_check:151] -
Health check failed
Context:
  error: [Errno 99] Cannot assign requested address
  timestamp: 2026-02-17T20:57:19.272386


2026-02-17 22:59:30 UTC - email_service - ERROR - [main.py:health_check:151] -
Health check failed
Context:
  error: [Errno 99] Cannot assign requested address
  timestamp: 2026-02-17T20:59:30.342736


2026-02-17 23:01:41 UTC - email_service - ERROR - [main.py:health_check:151] -
Health check failed
Context:
  error: [Errno 99] Cannot assign requested address
  timestamp: 2026-02-17T21:01:41.418902


2026-02-17 23:03:52 UTC - email_service - ERROR - [main.py:health_check:151] -
Health check failed
Context:
  error: [Errno 99] Cannot assign requested address
  timestamp: 2026-02-17T21:03:52.489751


2026-02-17 23:06:03 UTC - email_service - ERROR - [main.py:health_check:151] -
Health check failed
Context:
  error: [Errno 99] Cannot assign requested address
  timestamp: 2026-02-17T21:06:03.559045


2026-02-17 23:08:14 UTC - email_service - ERROR - [main.py:health_check:151] -
Health check failed
Context:
  error: [Errno 99] Cannot assign requested address
  timestamp: 2026-02-17T21:08:14.630333


2026-02-17 23:10:25 UTC - email_service - ERROR - [main.py:health_check:151] -
Health check failed
Context:
  error: [Errno 99] Cannot assign requested address
  timestamp: 2026-02-17T21:10:25.702593


2026-02-17 23:12:36 UTC - email_service - ERROR - [main.py:health_check:151] -
Health check failed
Context:
  error: [Errno 99] Cannot assign requested address
  timestamp: 2026-02-17T21:12:36.774651


2026-02-17 23:14:47 UTC - email_service - ERROR - [main.py:health_check:151] -
Health check failed
Context:
  error: [Errno 99] Cannot assign requested address
  timestamp: 2026-02-17T21:14:47.846631


2026-02-17 23:16:58 UTC - email_service - ERROR - [main.py:health_check:151] -
Health check failed
Context:
  error: [Errno 99] Cannot assign requested address
  timestamp: 2026-02-17T21:16:58.918535


2026-02-17 23:19:09 UTC - email_service - ERROR - [main.py:health_check:151] -
Health check failed
Context:
  error: [Errno 99] Cannot assign requested address
  timestamp: 2026-02-17T21:19:09.990211


2026-02-17 23:21:21 UTC - email_service - ERROR - [main.py:health_check:151] -
Health check failed
Context:
  error: [Errno 99] Cannot assign requested address
  timestamp: 2026-02-17T21:21:21.065156


2026-02-17 23:23:32 UTC - email_service - ERROR - [main.py:health_check:151] -
Health check failed
Context:
  error: [Errno 99] Cannot assign requested address
  timestamp: 2026-02-17T21:23:32.134483


2026-02-17 23:25:43 UTC - email_service - ERROR - [main.py:health_check:151] -
Health check failed
Context:
  error: [Errno 99] Cannot assign requested address
  timestamp: 2026-02-17T21:25:43.206318


2026-02-17 23:27:54 UTC - email_service - ERROR - [main.py:health_check:151] -
Health check failed
Context:
  error: [Errno 99] Cannot assign requested address
  timestamp: 2026-02-17T21:27:54.278934


2026-02-17 23:30:05 UTC - email_service - ERROR - [main.py:health_check:151] -
Health check failed
Context:
  error: [Errno 99] Cannot assign requested address
  timestamp: 2026-02-17T21:30:05.351724


2026-02-17 23:32:16 UTC - email_service - ERROR - [main.py:health_check:151] -
Health check failed
Context:
  error: [Errno 99] Cannot assign requested address
  timestamp: 2026-02-17T21:32:16.422609


2026-02-17 23:34:27 UTC - email_service - ERROR - [main.py:health_check:151] -
Health check failed
Context:
  error: [Errno 99] Cannot assign requested address
  timestamp: 2026-02-17T21:34:27.494650


2026-02-17 23:36:38 UTC - email_service - ERROR - [main.py:health_check:151] -
Health check failed
Context:
  error: [Errno 99] Cannot assign requested address
  timestamp: 2026-02-17T21:36:38.566691


2026-02-17 23:38:49 UTC - email_service - ERROR - [main.py:health_check:151] -
Health check failed
Context:
  error: [Errno 99] Cannot assign requested address
  timestamp: 2026-02-17T21:38:49.638808


2026-02-17 23:41:00 UTC - email_service - ERROR - [main.py:health_check:151] -
Health check failed
Context:
  error: [Errno 99] Cannot assign requested address
  timestamp: 2026-02-17T21:41:00.713088


2026-02-17 23:43:11 UTC - email_service - ERROR - [main.py:health_check:151] -
Health check failed
Context:
  error: [Errno 99] Cannot assign requested address
  timestamp: 2026-02-17T21:43:11.782960


2026-02-17 23:45:22 UTC - email_service - ERROR - [main.py:health_check:151] -
Health check failed
Context:
  error: [Errno 99] Cannot assign requested address
  timestamp: 2026-02-17T21:45:22.854554


2026-02-17 23:47:33 UTC - email_service - ERROR - [main.py:health_check:151] -
Health check failed
Context:
  error: [Errno 99] Cannot assign requested address
  timestamp: 2026-02-17T21:47:33.926194


2026-02-17 23:49:44 UTC - email_service - ERROR - [main.py:health_check:151] -
Health check failed
Context:
  error: [Errno 99] Cannot assign requested address
  timestamp: 2026-02-17T21:49:44.998794


2026-02-17 23:51:56 UTC - email_service - ERROR - [main.py:health_check:151] -
Health check failed
Context:
  error: [Errno 99] Cannot assign requested address
  timestamp: 2026-02-17T21:51:56.070446


2026-02-17 23:54:07 UTC - email_service - ERROR - [main.py:health_check:151] -
Health check failed
Context:
  error: [Errno 99] Cannot assign requested address
  timestamp: 2026-02-17T21:54:07.143020


2026-02-17 23:56:18 UTC - email_service - ERROR - [main.py:health_check:151] -
Health check failed
Context:
  error: [Errno 99] Cannot assign requested address
  timestamp: 2026-02-17T21:56:18.214400


2026-02-17 23:58:29 UTC - email_service - ERROR - [main.py:health_check:151] -
Health check failed
Context:
  error: [Errno 99] Cannot assign requested address
  timestamp: 2026-02-17T21:58:29.286545


2026-02-18 00:00:40 UTC - email_service - ERROR - [main.py:health_check:151] -
Health check failed
Context:
  error: [Errno 99] Cannot assign requested address
  timestamp: 2026-02-17T22:00:40.358472


2026-02-18 00:02:51 UTC - email_service - ERROR - [main.py:health_check:151] -
Health check failed
Context:
  error: [Errno 99] Cannot assign requested address
  timestamp: 2026-02-17T22:02:51.431618


2026-02-18 00:05:02 UTC - email_service - ERROR - [main.py:health_check:151] -
Health check failed
Context:
  error: [Errno 99] Cannot assign requested address
  timestamp: 2026-02-17T22:05:02.502871


2026-02-18 00:07:13 UTC - email_service - ERROR - [main.py:health_check:151] -
Health check failed
Context:
  error: [Errno 99] Cannot assign requested address
  timestamp: 2026-02-17T22:07:13.574333


2026-02-18 00:09:24 UTC - email_service - ERROR - [main.py:health_check:151] -
Health check failed
Context:
  error: [Errno 99] Cannot assign requested address
  timestamp: 2026-02-17T22:09:24.646276


2026-02-18 00:11:35 UTC - email_service - ERROR - [main.py:health_check:151] -
Health check failed
Context:
  error: [Errno 99] Cannot assign requested address
  timestamp: 2026-02-17T22:11:35.719041


2026-02-18 00:13:46 UTC - email_service - ERROR - [main.py:health_check:151] -
Health check failed
Context:
  error: [Errno 99] Cannot assign requested address
  timestamp: 2026-02-17T22:13:46.790521


2026-02-18 00:15:57 UTC - email_service - ERROR - [main.py:health_check:151] -
Health check failed
Context:
  error: [Errno 99] Cannot assign requested address
  timestamp: 2026-02-17T22:15:57.862734


2026-02-18 00:18:08 UTC - email_service - ERROR - [main.py:health_check:151] -
Health check failed
Context:
  error: [Errno 99] Cannot assign requested address
  timestamp: 2026-02-17T22:18:08.934546


2026-02-18 00:20:20 UTC - email_service - ERROR - [main.py:health_check:151] -
Health check failed
Context:
  error: [Errno 99] Cannot assign requested address
  timestamp: 2026-02-17T22:20:20.006382


2026-02-18 00:22:31 UTC - email_service - ERROR - [main.py:health_check:151] -
Health check failed
Context:
  error: [Errno 99] Cannot assign requested address
  timestamp: 2026-02-17T22:22:31.079320


2026-02-18 00:24:42 UTC - email_service - ERROR - [main.py:health_check:151] -
Health check failed
Context:
  error: [Errno 99] Cannot assign requested address
  timestamp: 2026-02-17T22:24:42.150554


2026-02-18 00:26:53 UTC - email_service - ERROR - [main.py:health_check:151] -
Health check failed
Context:
  error: [Errno 99] Cannot assign requested address
  timestamp: 2026-02-17T22:26:53.222702


2026-02-18 00:29:04 UTC - email_service - ERROR - [main.py:health_check:151] -
Health check failed
Context:
  error: [Errno 99] Cannot assign requested address
  timestamp: 2026-02-17T22:29:04.294557


2026-02-18 00:31:15 UTC - email_service - ERROR - [main.py:health_check:151] -
Health check failed
Context:
  error: [Errno 99] Cannot assign requested address
  timestamp: 2026-02-17T22:31:15.366549


2026-02-18 00:33:26 UTC - email_service - ERROR - [main.py:health_check:151] -
Health check failed
Context:
  error: [Errno 99] Cannot assign requested address
  timestamp: 2026-02-17T22:33:26.438923


2026-02-18 00:35:37 UTC - email_service - ERROR - [main.py:health_check:151] -
Health check failed
Context:
  error: [Errno 99] Cannot assign requested address
  timestamp: 2026-02-17T22:35:37.511711


2026-02-18 00:37:48 UTC - email_service - ERROR - [main.py:health_check:151] -
Health check failed
Context:
  error: [Errno 99] Cannot assign requested address
  timestamp: 2026-02-17T22:37:48.582574


2026-02-18 00:39:59 UTC - email_service - ERROR - [main.py:health_check:151] -
Health check failed
Context:
  error: [Errno 99] Cannot assign requested address
  timestamp: 2026-02-17T22:39:59.658614


2026-02-18 00:42:10 UTC - email_service - ERROR - [main.py:health_check:151] -
Health check failed
Context:
  error: [Errno 99] Cannot assign requested address
  timestamp: 2026-02-17T22:42:10.726593


2026-02-18 00:44:21 UTC - email_service - ERROR - [main.py:health_check:151] -
Health check failed
Context:
  error: [Errno 99] Cannot assign requested address
  timestamp: 2026-02-17T22:44:21.798775


2026-02-18 00:46:32 UTC - email_service - ERROR - [main.py:health_check:151] -
Health check failed
Context:
  error: [Errno 99] Cannot assign requested address
  timestamp: 2026-02-17T22:46:32.870549


2026-02-18 00:48:43 UTC - email_service - ERROR - [main.py:health_check:151] -
Health check failed
Context:
  error: [Errno 99] Cannot assign requested address
  timestamp: 2026-02-17T22:48:43.942767


2026-02-18 00:50:55 UTC - email_service - ERROR - [main.py:health_check:151] -
Health check failed
Context:
  error: [Errno 99] Cannot assign requested address
  timestamp: 2026-02-17T22:50:55.016049


2026-02-18 00:53:06 UTC - email_service - ERROR - [main.py:health_check:151] -
Health check failed
Context:
  error: [Errno 99] Cannot assign requested address
  timestamp: 2026-02-17T22:53:06.086454


2026-02-18 00:55:17 UTC - email_service - ERROR - [main.py:health_check:151] -
Health check failed
Context:
  error: [Errno 99] Cannot assign requested address
  timestamp: 2026-02-17T22:55:17.158797


2026-02-18 00:57:28 UTC - email_service - ERROR - [main.py:health_check:151] -
Health check failed
Context:
  error: [Errno 99] Cannot assign requested address
  timestamp: 2026-02-17T22:57:28.230770


2026-02-18 00:59:39 UTC - email_service - ERROR - [main.py:health_check:151] -
Health check failed
Context:
  error: [Errno 99] Cannot assign requested address
  timestamp: 2026-02-17T22:59:39.302667


2026-02-18 01:01:50 UTC - email_service - ERROR - [main.py:health_check:151] -
Health check failed
Context:
  error: [Errno 99] Cannot assign requested address
  timestamp: 2026-02-17T23:01:50.374522


2026-02-18 01:04:01 UTC - email_service - ERROR - [main.py:health_check:151] -
Health check failed
Context:
  error: [Errno 99] Cannot assign requested address
  timestamp: 2026-02-17T23:04:01.450550


2026-02-18 01:06:12 UTC - email_service - ERROR - [main.py:health_check:151] -
Health check failed
Context:
  error: [Errno 99] Cannot assign requested address
  timestamp: 2026-02-17T23:06:12.518817


2026-02-18 01:08:23 UTC - email_service - ERROR - [main.py:health_check:151] -
Health check failed
Context:
  error: [Errno 99] Cannot assign requested address
  timestamp: 2026-02-17T23:08:23.592166


2026-02-18 01:10:34 UTC - email_service - ERROR - [main.py:health_check:151] -
Health check failed
Context:
  error: [Errno 99] Cannot assign requested address
  timestamp: 2026-02-17T23:10:34.662641


2026-02-18 01:12:45 UTC - email_service - ERROR - [main.py:health_check:151] -
Health check failed
Context:
  error: [Errno 99] Cannot assign requested address
  timestamp: 2026-02-17T23:12:45.734563


2026-02-18 01:14:56 UTC - email_service - ERROR - [main.py:health_check:151] -
Health check failed
Context:
  error: [Errno 99] Cannot assign requested address
  timestamp: 2026-02-17T23:14:56.806289


2026-02-18 01:17:07 UTC - email_service - ERROR - [main.py:health_check:151] -
Health check failed
Context:
  error: [Errno 99] Cannot assign requested address
  timestamp: 2026-02-17T23:17:07.878897


2026-02-18 01:19:18 UTC - email_service - ERROR - [main.py:health_check:151] -
Health check failed
Context:
  error: [Errno 99] Cannot assign requested address
  timestamp: 2026-02-17T23:19:18.950455


2026-02-18 01:21:30 UTC - email_service - ERROR - [main.py:health_check:151] -
Health check failed
Context:
  error: [Errno 99] Cannot assign requested address
  timestamp: 2026-02-17T23:21:30.022675


2026-02-18 01:23:41 UTC - email_service - ERROR - [main.py:health_check:151] -
Health check failed
Context:
  error: [Errno 99] Cannot assign requested address
  timestamp: 2026-02-17T23:23:41.094663


2026-02-18 01:25:52 UTC - email_service - ERROR - [main.py:health_check:151] -
Health check failed
Context:
  error: [Errno 99] Cannot assign requested address
  timestamp: 2026-02-17T23:25:52.166781


2026-02-18 01:28:03 UTC - email_service - ERROR - [main.py:health_check:151] -
Health check failed
Context:
  error: [Errno 99] Cannot assign requested address
  timestamp: 2026-02-17T23:28:03.238952


2026-02-18 01:30:14 UTC - email_service - ERROR - [main.py:health_check:151] -
Health check failed
Context:
  error: [Errno 99] Cannot assign requested address
  timestamp: 2026-02-17T23:30:14.310473


2026-02-18 01:32:25 UTC - email_service - ERROR - [main.py:health_check:151] -
Health check failed
Context:
  error: [Errno 99] Cannot assign requested address
  timestamp: 2026-02-17T23:32:25.382701


2026-02-18 01:34:36 UTC - email_service - ERROR - [main.py:health_check:151] -
Health check failed
Context:
  error: [Errno 99] Cannot assign requested address
  timestamp: 2026-02-17T23:34:36.454527


2026-02-18 01:36:47 UTC - email_service - ERROR - [main.py:health_check:151] -
Health check failed
Context:
  error: [Errno 99] Cannot assign requested address
  timestamp: 2026-02-17T23:36:47.526572


2026-02-18 01:38:58 UTC - email_service - ERROR - [main.py:health_check:151] -
Health check failed
Context:
  error: [Errno 99] Cannot assign requested address
  timestamp: 2026-02-17T23:38:58.598946


2026-02-18 01:41:09 UTC - email_service - ERROR - [main.py:health_check:151] -
Health check failed
Context:
  error: [Errno 99] Cannot assign requested address
  timestamp: 2026-02-17T23:41:09.671444


2026-02-18 01:43:20 UTC - email_service - ERROR - [main.py:health_check:151] -
Health check failed
Context:
  error: [Errno 99] Cannot assign requested address
  timestamp: 2026-02-17T23:43:20.742732


2026-02-18 01:45:31 UTC - email_service - ERROR - [main.py:health_check:151] -
Health check failed
Context:
  error: [Errno 99] Cannot assign requested address
  timestamp: 2026-02-17T23:45:31.814554


2026-02-18 01:47:42 UTC - email_service - ERROR - [main.py:health_check:151] -
Health check failed
Context:
  error: [Errno 99] Cannot assign requested address
  timestamp: 2026-02-17T23:47:42.886406


2026-02-18 01:49:53 UTC - email_service - ERROR - [main.py:health_check:151] -
Health check failed
Context:
  error: [Errno 99] Cannot assign requested address
  timestamp: 2026-02-17T23:49:53.962831


2026-02-18 01:52:05 UTC - email_service - ERROR - [main.py:health_check:151] -
Health check failed
Context:
  error: [Errno 99] Cannot assign requested address
  timestamp: 2026-02-17T23:52:05.030577


2026-02-18 01:54:16 UTC - email_service - ERROR - [main.py:health_check:151] -
Health check failed
Context:
  error: [Errno 99] Cannot assign requested address
  timestamp: 2026-02-17T23:54:16.103614


2026-02-18 01:56:27 UTC - email_service - ERROR - [main.py:health_check:151] -
Health check failed
Context:
  error: [Errno 99] Cannot assign requested address
  timestamp: 2026-02-17T23:56:27.174495


2026-02-18 01:58:38 UTC - email_service - ERROR - [main.py:health_check:151] -
Health check failed
Context:
  error: [Errno 99] Cannot assign requested address
  timestamp: 2026-02-17T23:58:38.246514


2026-02-18 02:00:49 UTC - email_service - ERROR - [main.py:health_check:151] -
Health check failed
Context:
  error: [Errno 99] Cannot assign requested address
  timestamp: 2026-02-18T00:00:49.319011


2026-02-18 02:03:00 UTC - email_service - ERROR - [main.py:health_check:151] -
Health check failed
Context:
  error: [Errno 99] Cannot assign requested address
  timestamp: 2026-02-18T00:03:00.390767


2026-02-18 02:05:11 UTC - email_service - ERROR - [main.py:health_check:151] -
Health check failed
Context:
  error: [Errno 99] Cannot assign requested address
  timestamp: 2026-02-18T00:05:11.462992


2026-02-18 02:07:22 UTC - email_service - ERROR - [main.py:health_check:151] -
Health check failed
Context:
  error: [Errno 99] Cannot assign requested address
  timestamp: 2026-02-18T00:07:22.534462


2026-02-18 02:09:33 UTC - email_service - ERROR - [main.py:health_check:151] -
Health check failed
Context:
  error: [Errno 99] Cannot assign requested address
  timestamp: 2026-02-18T00:09:33.606710


2026-02-18 02:11:44 UTC - email_service - ERROR - [main.py:health_check:151] -
Health check failed
Context:
  error: [Errno 99] Cannot assign requested address
  timestamp: 2026-02-18T00:11:44.678766


2026-02-18 02:13:55 UTC - email_service - ERROR - [main.py:health_check:151] -
Health check failed
Context:
  error: [Errno 99] Cannot assign requested address
  timestamp: 2026-02-18T00:13:55.752634


2026-02-18 02:16:06 UTC - email_service - ERROR - [main.py:health_check:151] -
Health check failed
Context:
  error: [Errno 99] Cannot assign requested address
  timestamp: 2026-02-18T00:16:06.822894


2026-02-18 02:18:17 UTC - email_service - ERROR - [main.py:health_check:151] -
Health check failed
Context:
  error: [Errno 99] Cannot assign requested address
  timestamp: 2026-02-18T00:18:17.894654


2026-02-18 02:20:28 UTC - email_service - ERROR - [main.py:health_check:151] -
Health check failed
Context:
  error: [Errno 99] Cannot assign requested address
  timestamp: 2026-02-18T00:20:28.966664


2026-02-18 02:22:40 UTC - email_service - ERROR - [main.py:health_check:151] -
Health check failed
Context:
  error: [Errno 99] Cannot assign requested address
  timestamp: 2026-02-18T00:22:40.039049


2026-02-18 02:24:51 UTC - email_service - ERROR - [main.py:health_check:151] -
Health check failed
Context:
  error: [Errno 99] Cannot assign requested address
  timestamp: 2026-02-18T00:24:51.110551


2026-02-18 02:27:02 UTC - email_service - ERROR - [main.py:health_check:151] -
Health check failed
Context:
  error: [Errno 99] Cannot assign requested address
  timestamp: 2026-02-18T00:27:02.182728


2026-02-18 02:29:13 UTC - email_service - ERROR - [main.py:health_check:151] -
Health check failed
Context:
  error: [Errno 99] Cannot assign requested address
  timestamp: 2026-02-18T00:29:13.258729


2026-02-18 02:31:24 UTC - email_service - ERROR - [main.py:health_check:151] -
Health check failed
Context:
  error: [Errno 99] Cannot assign requested address
  timestamp: 2026-02-18T00:31:24.326550


2026-02-18 02:33:35 UTC - email_service - ERROR - [main.py:health_check:151] -
Health check failed
Context:
  error: [Errno 99] Cannot assign requested address
  timestamp: 2026-02-18T00:33:35.398749


2026-02-18 02:35:46 UTC - email_service - ERROR - [main.py:health_check:151] -
Health check failed
Context:
  error: [Errno 99] Cannot assign requested address
  timestamp: 2026-02-18T00:35:46.470466


2026-02-18 02:37:57 UTC - email_service - ERROR - [main.py:health_check:151] -
Health check failed
Context:
  error: [Errno 99] Cannot assign requested address
  timestamp: 2026-02-18T00:37:57.543048


2026-02-18 02:40:08 UTC - email_service - ERROR - [main.py:health_check:151] -
Health check failed
Context:
  error: [Errno 99] Cannot assign requested address
  timestamp: 2026-02-18T00:40:08.614620


2026-02-18 02:42:19 UTC - email_service - ERROR - [main.py:health_check:151] -
Health check failed
Context:
  error: [Errno 99] Cannot assign requested address
  timestamp: 2026-02-18T00:42:19.690670


2026-02-18 02:44:30 UTC - email_service - ERROR - [main.py:health_check:151] -
Health check failed
Context:
  error: [Errno 99] Cannot assign requested address
  timestamp: 2026-02-18T00:44:30.759061


2026-02-18 02:46:41 UTC - email_service - ERROR - [main.py:health_check:151] -
Health check failed
Context:
  error: [Errno 99] Cannot assign requested address
  timestamp: 2026-02-18T00:46:41.831748


2026-02-18 02:48:52 UTC - email_service - ERROR - [main.py:health_check:151] -
Health check failed
Context:
  error: [Errno 99] Cannot assign requested address
  timestamp: 2026-02-18T00:48:52.902972


2026-02-18 02:51:03 UTC - email_service - ERROR - [main.py:health_check:151] -
Health check failed
Context:
  error: [Errno 99] Cannot assign requested address
  timestamp: 2026-02-18T00:51:03.974366


2026-02-18 02:53:15 UTC - email_service - ERROR - [main.py:health_check:151] -
Health check failed
Context:
  error: [Errno 99] Cannot assign requested address
  timestamp: 2026-02-18T00:53:15.046972


2026-02-18 02:55:26 UTC - email_service - ERROR - [main.py:health_check:151] -
Health check failed
Context:
  error: [Errno 99] Cannot assign requested address
  timestamp: 2026-02-18T00:55:26.119277


2026-02-18 02:57:37 UTC - email_service - ERROR - [main.py:health_check:151] -
Health check failed
Context:
  error: [Errno 99] Cannot assign requested address
  timestamp: 2026-02-18T00:57:37.194312


2026-02-18 02:59:48 UTC - email_service - ERROR - [main.py:health_check:151] -
Health check failed
Context:
  error: [Errno 99] Cannot assign requested address
  timestamp: 2026-02-18T00:59:48.263315


2026-02-18 03:01:59 UTC - email_service - ERROR - [main.py:health_check:151] -
Health check failed
Context:
  error: [Errno 99] Cannot assign requested address
  timestamp: 2026-02-18T01:01:59.334640


2026-02-18 03:04:10 UTC - email_service - ERROR - [main.py:health_check:151] -
Health check failed
Context:
  error: [Errno 99] Cannot assign requested address
  timestamp: 2026-02-18T01:04:10.406361


2026-02-18 03:06:21 UTC - email_service - ERROR - [main.py:health_check:151] -
Health check failed
Context:
  error: [Errno 99] Cannot assign requested address
  timestamp: 2026-02-18T01:06:21.478851


2026-02-18 03:08:32 UTC - email_service - ERROR - [main.py:health_check:151] -
Health check failed
Context:
  error: [Errno 99] Cannot assign requested address
  timestamp: 2026-02-18T01:08:32.551016


2026-02-18 03:10:43 UTC - email_service - ERROR - [main.py:health_check:151] -
Health check failed
Context:
  error: [Errno 99] Cannot assign requested address
  timestamp: 2026-02-18T01:10:43.622627


2026-02-18 03:12:54 UTC - email_service - ERROR - [main.py:health_check:151] -
Health check failed
Context:
  error: [Errno 99] Cannot assign requested address
  timestamp: 2026-02-18T01:12:54.694423


2026-02-18 03:15:05 UTC - email_service - ERROR - [main.py:health_check:151] -
Health check failed
Context:
  error: [Errno 99] Cannot assign requested address
  timestamp: 2026-02-18T01:15:05.766319


2026-02-18 03:17:16 UTC - email_service - ERROR - [main.py:health_check:151] -
Health check failed
Context:
  error: [Errno 99] Cannot assign requested address
  timestamp: 2026-02-18T01:17:16.838755


2026-02-18 03:19:27 UTC - email_service - ERROR - [main.py:health_check:151] -
Health check failed
Context:
  error: [Errno 99] Cannot assign requested address
  timestamp: 2026-02-18T01:19:27.915728


2026-02-18 03:21:38 UTC - email_service - ERROR - [main.py:health_check:151] -
Health check failed
Context:
  error: [Errno 99] Cannot assign requested address
  timestamp: 2026-02-18T01:21:38.984039


2026-02-18 03:23:50 UTC - email_service - ERROR - [main.py:health_check:151] -
Health check failed
Context:
  error: [Errno 99] Cannot assign requested address
  timestamp: 2026-02-18T01:23:50.054509


2026-02-18 03:26:01 UTC - email_service - ERROR - [main.py:health_check:151] -
Health check failed
Context:
  error: [Errno 99] Cannot assign requested address
  timestamp: 2026-02-18T01:26:01.126416


2026-02-18 03:28:12 UTC - email_service - ERROR - [main.py:health_check:151] -
Health check failed
Context:
  error: [Errno 99] Cannot assign requested address
  timestamp: 2026-02-18T01:28:12.198721


2026-02-18 03:30:23 UTC - email_service - ERROR - [main.py:health_check:151] -
Health check failed
Context:
  error: [Errno 99] Cannot assign requested address
  timestamp: 2026-02-18T01:30:23.270674


2026-02-18 03:32:34 UTC - email_service - ERROR - [main.py:health_check:151] -
Health check failed
Context:
  error: [Errno 99] Cannot assign requested address
  timestamp: 2026-02-18T01:32:34.342958


2026-02-18 03:34:45 UTC - email_service - ERROR - [main.py:health_check:151] -
Health check failed
Context:
  error: [Errno 99] Cannot assign requested address
  timestamp: 2026-02-18T01:34:45.415340


2026-02-18 03:36:56 UTC - email_service - ERROR - [main.py:health_check:151] -
Health check failed
Context:
  error: [Errno 99] Cannot assign requested address
  timestamp: 2026-02-18T01:36:56.486599


2026-02-18 03:39:07 UTC - email_service - ERROR - [main.py:health_check:151] -
Health check failed
Context:
  error: [Errno 99] Cannot assign requested address
  timestamp: 2026-02-18T01:39:07.558624


2026-02-18 03:41:18 UTC - email_service - ERROR - [main.py:health_check:151] -
Health check failed
Context:
  error: [Errno 99] Cannot assign requested address
  timestamp: 2026-02-18T01:41:18.630598


2026-02-18 03:43:29 UTC - email_service - ERROR - [main.py:health_check:151] -
Health check failed
Context:
  error: [Errno 99] Cannot assign requested address
  timestamp: 2026-02-18T01:43:29.702545


2026-02-18 03:45:40 UTC - email_service - ERROR - [main.py:health_check:151] -
Health check failed
Context:
  error: [Errno 99] Cannot assign requested address
  timestamp: 2026-02-18T01:45:40.774441


2026-02-18 03:47:51 UTC - email_service - ERROR - [main.py:health_check:151] -
Health check failed
Context:
  error: [Errno 99] Cannot assign requested address
  timestamp: 2026-02-18T01:47:51.847892


2026-02-18 03:50:02 UTC - email_service - ERROR - [main.py:health_check:151] -
Health check failed
Context:
  error: [Errno 99] Cannot assign requested address
  timestamp: 2026-02-18T01:50:02.919067


2026-02-18 03:52:13 UTC - email_service - ERROR - [main.py:health_check:151] -
Health check failed
Context:
  error: [Errno 99] Cannot assign requested address
  timestamp: 2026-02-18T01:52:13.992188


2026-02-18 03:54:25 UTC - email_service - ERROR - [main.py:health_check:151] -
Health check failed
Context:
  error: [Errno 99] Cannot assign requested address
  timestamp: 2026-02-18T01:54:25.062533


2026-02-18 03:56:36 UTC - email_service - ERROR - [main.py:health_check:151] -
Health check failed
Context:
  error: [Errno 99] Cannot assign requested address
  timestamp: 2026-02-18T01:56:36.134554


2026-02-18 03:58:47 UTC - email_service - ERROR - [main.py:health_check:151] -
Health check failed
Context:
  error: [Errno 99] Cannot assign requested address
  timestamp: 2026-02-18T01:58:47.206940


2026-02-18 04:00:58 UTC - email_service - ERROR - [main.py:health_check:151] -
Health check failed
Context:
  error: [Errno 99] Cannot assign requested address
  timestamp: 2026-02-18T02:00:58.279245


2026-02-18 04:03:09 UTC - email_service - ERROR - [main.py:health_check:151] -
Health check failed
Context:
  error: [Errno 99] Cannot assign requested address
  timestamp: 2026-02-18T02:03:09.379905


2026-02-18 04:05:20 UTC - email_service - ERROR - [main.py:health_check:151] -
Health check failed
Context:
  error: [Errno 99] Cannot assign requested address
  timestamp: 2026-02-18T02:05:20.422758


2026-02-18 04:07:31 UTC - email_service - ERROR - [main.py:health_check:151] -
Health check failed
Context:
  error: [Errno 99] Cannot assign requested address
  timestamp: 2026-02-18T02:07:31.494694


2026-02-18 04:09:42 UTC - email_service - ERROR - [main.py:health_check:151] -
Health check failed
Context:
  error: [Errno 99] Cannot assign requested address
  timestamp: 2026-02-18T02:09:42.570449


2026-02-18 04:11:53 UTC - email_service - ERROR - [main.py:health_check:151] -
Health check failed
Context:
  error: [Errno 99] Cannot assign requested address
  timestamp: 2026-02-18T02:11:53.642536


2026-02-18 04:14:04 UTC - email_service - ERROR - [main.py:health_check:151] -
Health check failed
Context:
  error: [Errno 99] Cannot assign requested address
  timestamp: 2026-02-18T02:14:04.712096


2026-02-18 04:16:15 UTC - email_service - ERROR - [main.py:health_check:151] -
Health check failed
Context:
  error: [Errno 99] Cannot assign requested address
  timestamp: 2026-02-18T02:16:15.782942


2026-02-18 04:18:26 UTC - email_service - ERROR - [main.py:health_check:151] -
Health check failed
Context:
  error: [Errno 99] Cannot assign requested address
  timestamp: 2026-02-18T02:18:26.854593


2026-02-18 04:20:37 UTC - email_service - ERROR - [main.py:health_check:151] -
Health check failed
Context:
  error: [Errno 99] Cannot assign requested address
  timestamp: 2026-02-18T02:20:37.926827


2026-02-18 04:22:48 UTC - email_service - ERROR - [main.py:health_check:151] -
Health check failed
Context:
  error: [Errno 99] Cannot assign requested address
  timestamp: 2026-02-18T02:22:48.999168


2026-02-18 04:25:00 UTC - email_service - ERROR - [main.py:health_check:151] -
Health check failed
Context:
  error: [Errno 99] Cannot assign requested address
  timestamp: 2026-02-18T02:25:00.072471


2026-02-18 04:27:11 UTC - email_service - ERROR - [main.py:health_check:151] -
Health check failed
Context:
  error: [Errno 99] Cannot assign requested address
  timestamp: 2026-02-18T02:27:11.143458


2026-02-18 04:29:22 UTC - email_service - ERROR - [main.py:health_check:151] -
Health check failed
Context:
  error: [Errno 99] Cannot assign requested address
  timestamp: 2026-02-18T02:29:22.214420


2026-02-18 04:31:33 UTC - email_service - ERROR - [main.py:health_check:151] -
Health check failed
Context:
  error: [Errno 99] Cannot assign requested address
  timestamp: 2026-02-18T02:31:33.293839


2026-02-18 04:33:44 UTC - email_service - ERROR - [main.py:health_check:151] -
Health check failed
Context:
  error: [Errno 99] Cannot assign requested address
  timestamp: 2026-02-18T02:33:44.359394


2026-02-18 04:35:55 UTC - email_service - ERROR - [main.py:health_check:151] -
Health check failed
Context:
  error: [Errno 99] Cannot assign requested address
  timestamp: 2026-02-18T02:35:55.430474


2026-02-18 04:38:06 UTC - email_service - ERROR - [main.py:health_check:151] -
Health check failed
Context:
  error: [Errno 99] Cannot assign requested address
  timestamp: 2026-02-18T02:38:06.502798


2026-02-18 04:40:17 UTC - email_service - ERROR - [main.py:health_check:151] -
Health check failed
Context:
  error: [Errno 99] Cannot assign requested address
  timestamp: 2026-02-18T02:40:17.575390


2026-02-18 04:42:28 UTC - email_service - ERROR - [main.py:health_check:151] -
Health check failed
Context:
  error: [Errno 99] Cannot assign requested address
  timestamp: 2026-02-18T02:42:28.646454


2026-02-18 04:44:39 UTC - email_service - ERROR - [main.py:health_check:151] -
Health check failed
Context:
  error: [Errno 99] Cannot assign requested address
  timestamp: 2026-02-18T02:44:39.718512


2026-02-18 04:46:50 UTC - email_service - ERROR - [main.py:health_check:151] -
Health check failed
Context:
  error: [Errno 99] Cannot assign requested address
  timestamp: 2026-02-18T02:46:50.790516


2026-02-18 04:49:01 UTC - email_service - ERROR - [main.py:health_check:151] -
Health check failed
Context:
  error: [Errno 99] Cannot assign requested address
  timestamp: 2026-02-18T02:49:01.862751


2026-02-18 04:51:12 UTC - email_service - ERROR - [main.py:health_check:151] -
Health check failed
Context:
  error: [Errno 99] Cannot assign requested address
  timestamp: 2026-02-18T02:51:12.934413


2026-02-18 04:53:24 UTC - email_service - ERROR - [main.py:health_check:151] -
Health check failed
Context:
  error: [Errno 99] Cannot assign requested address
  timestamp: 2026-02-18T02:53:24.006922


2026-02-18 04:55:35 UTC - email_service - ERROR - [main.py:health_check:151] -
Health check failed
Context:
  error: [Errno 99] Cannot assign requested address
  timestamp: 2026-02-18T02:55:35.078786


2026-02-18 04:57:46 UTC - email_service - ERROR - [main.py:health_check:151] -
Health check failed
Context:
  error: [Errno 99] Cannot assign requested address
  timestamp: 2026-02-18T02:57:46.151722


2026-02-18 04:59:57 UTC - email_service - ERROR - [main.py:health_check:151] -
Health check failed
Context:
  error: [Errno 99] Cannot assign requested address
  timestamp: 2026-02-18T02:59:57.222578


2026-02-18 05:02:08 UTC - email_service - ERROR - [main.py:health_check:151] -
Health check failed
Context:
  error: [Errno 99] Cannot assign requested address
  timestamp: 2026-02-18T03:02:08.321781


2026-02-18 05:04:19 UTC - email_service - ERROR - [main.py:health_check:151] -
Health check failed
Context:
  error: [Errno 99] Cannot assign requested address
  timestamp: 2026-02-18T03:04:19.366593


2026-02-18 05:06:30 UTC - email_service - ERROR - [main.py:health_check:151] -
Health check failed
Context:
  error: [Errno 99] Cannot assign requested address
  timestamp: 2026-02-18T03:06:30.438681


2026-02-18 05:08:41 UTC - email_service - ERROR - [main.py:health_check:151] -
Health check failed
Context:
  error: [Errno 99] Cannot assign requested address
  timestamp: 2026-02-18T03:08:41.510762


2026-02-18 05:10:52 UTC - email_service - ERROR - [main.py:health_check:151] -
Health check failed
Context:
  error: [Errno 99] Cannot assign requested address
  timestamp: 2026-02-18T03:10:52.582891


2026-02-18 05:13:03 UTC - email_service - ERROR - [main.py:health_check:151] -
Health check failed
Context:
  error: [Errno 99] Cannot assign requested address
  timestamp: 2026-02-18T03:13:03.654570


2026-02-18 05:15:14 UTC - email_service - ERROR - [main.py:health_check:151] -
Health check failed
Context:
  error: [Errno 99] Cannot assign requested address
  timestamp: 2026-02-18T03:15:14.726705


2026-02-18 05:17:25 UTC - email_service - ERROR - [main.py:health_check:151] -
Health check failed
Context:
  error: [Errno 99] Cannot assign requested address
  timestamp: 2026-02-18T03:17:25.798703


2026-02-18 05:19:36 UTC - email_service - ERROR - [main.py:health_check:151] -
Health check failed
Context:
  error: [Errno 99] Cannot assign requested address
  timestamp: 2026-02-18T03:19:36.870508


2026-02-18 05:21:47 UTC - email_service - ERROR - [main.py:health_check:151] -
Health check failed
Context:
  error: [Errno 99] Cannot assign requested address
  timestamp: 2026-02-18T03:21:47.947694


2026-02-18 05:23:59 UTC - email_service - ERROR - [main.py:health_check:151] -
Health check failed
Context:
  error: [Errno 99] Cannot assign requested address
  timestamp: 2026-02-18T03:23:59.014700


2026-02-18 05:26:10 UTC - email_service - ERROR - [main.py:health_check:151] -
Health check failed
Context:
  error: [Errno 99] Cannot assign requested address
  timestamp: 2026-02-18T03:26:10.086445


2026-02-18 05:28:21 UTC - email_service - ERROR - [main.py:health_check:151] -
Health check failed
Context:
  error: [Errno 99] Cannot assign requested address
  timestamp: 2026-02-18T03:28:21.158983


2026-02-18 05:30:32 UTC - email_service - ERROR - [main.py:health_check:151] -
Health check failed
Context:
  error: [Errno 99] Cannot assign requested address
  timestamp: 2026-02-18T03:30:32.237517


2026-02-18 05:32:43 UTC - email_service - ERROR - [main.py:health_check:151] -
Health check failed
Context:
  error: [Errno 99] Cannot assign requested address
  timestamp: 2026-02-18T03:32:43.317136


2026-02-18 05:34:54 UTC - email_service - ERROR - [main.py:health_check:151] -
Health check failed
Context:
  error: [Errno 99] Cannot assign requested address
  timestamp: 2026-02-18T03:34:54.392835


2026-02-18 05:37:05 UTC - email_service - ERROR - [main.py:health_check:151] -
Health check failed
Context:
  error: [Errno 99] Cannot assign requested address
  timestamp: 2026-02-18T03:37:05.463652


2026-02-18 05:39:16 UTC - email_service - ERROR - [main.py:health_check:151] -
Health check failed
Context:
  error: [Errno 99] Cannot assign requested address
  timestamp: 2026-02-18T03:39:16.534872


2026-02-18 05:41:27 UTC - email_service - ERROR - [main.py:health_check:151] -
Health check failed
Context:
  error: [Errno 99] Cannot assign requested address
  timestamp: 2026-02-18T03:41:27.606916


2026-02-18 05:43:38 UTC - email_service - ERROR - [main.py:health_check:151] -
Health check failed
Context:
  error: [Errno 99] Cannot assign requested address
  timestamp: 2026-02-18T03:43:38.691807


2026-02-18 05:45:49 UTC - email_service - ERROR - [main.py:health_check:151] -
Health check failed
Context:
  error: [Errno 99] Cannot assign requested address
  timestamp: 2026-02-18T03:45:49.765108


2026-02-18 05:48:00 UTC - email_service - ERROR - [main.py:health_check:151] -
Health check failed
Context:
  error: [Errno 99] Cannot assign requested address
  timestamp: 2026-02-18T03:48:00.835318


2026-02-18 05:50:11 UTC - email_service - ERROR - [main.py:health_check:151] -
Health check failed
Context:
  error: [Errno 99] Cannot assign requested address
  timestamp: 2026-02-18T03:50:11.905886


2026-02-18 05:52:22 UTC - email_service - ERROR - [main.py:health_check:151] -
Health check failed
Context:
  error: [Errno 99] Cannot assign requested address
  timestamp: 2026-02-18T03:52:22.979207


2026-02-18 05:54:34 UTC - email_service - ERROR - [main.py:health_check:151] -
Health check failed
Context:
  error: [Errno 99] Cannot assign requested address
  timestamp: 2026-02-18T03:54:34.050458


2026-02-18 05:56:45 UTC - email_service - ERROR - [main.py:health_check:151] -
Health check failed
Context:
  error: [Errno 99] Cannot assign requested address
  timestamp: 2026-02-18T03:56:45.127849


2026-02-18 05:58:56 UTC - email_service - ERROR - [main.py:health_check:151] -
Health check failed
Context:
  error: [Errno 99] Cannot assign requested address
  timestamp: 2026-02-18T03:58:56.199653


2026-02-18 06:01:07 UTC - email_service - ERROR - [main.py:health_check:151] -
Health check failed
Context:
  error: [Errno 99] Cannot assign requested address
  timestamp: 2026-02-18T04:01:07.274871


2026-02-18 06:03:18 UTC - email_service - ERROR - [main.py:health_check:151] -
Health check failed
Context:
  error: [Errno 99] Cannot assign requested address
  timestamp: 2026-02-18T04:03:18.338775


2026-02-18 06:05:29 UTC - email_service - ERROR - [main.py:health_check:151] -
Health check failed
Context:
  error: [Errno 99] Cannot assign requested address
  timestamp: 2026-02-18T04:05:29.415917


2026-02-18 06:07:40 UTC - email_service - ERROR - [main.py:health_check:151] -
Health check failed
Context:
  error: [Errno 99] Cannot assign requested address
  timestamp: 2026-02-18T04:07:40.486830


2026-02-18 06:09:51 UTC - email_service - ERROR - [main.py:health_check:151] -
Health check failed
Context:
  error: [Errno 99] Cannot assign requested address
  timestamp: 2026-02-18T04:09:51.557252


2026-02-18 06:12:02 UTC - email_service - ERROR - [main.py:health_check:151] -
Health check failed
Context:
  error: [Errno 99] Cannot assign requested address
  timestamp: 2026-02-18T04:12:02.631273


2026-02-18 06:14:13 UTC - email_service - ERROR - [main.py:health_check:151] -
Health check failed
Context:
  error: [Errno 99] Cannot assign requested address
  timestamp: 2026-02-18T04:14:13.707419


2026-02-18 06:16:24 UTC - email_service - ERROR - [main.py:health_check:151] -
Health check failed
Context:
  error: [Errno 99] Cannot assign requested address
  timestamp: 2026-02-18T04:16:24.770272


2026-02-18 06:18:35 UTC - email_service - ERROR - [main.py:health_check:151] -
Health check failed
Context:
  error: [Errno 99] Cannot assign requested address
  timestamp: 2026-02-18T04:18:35.851035


2026-02-18 06:20:46 UTC - email_service - ERROR - [main.py:health_check:151] -
Health check failed
Context:
  error: [Errno 99] Cannot assign requested address
  timestamp: 2026-02-18T04:20:46.925361


2026-02-18 06:22:58 UTC - email_service - ERROR - [main.py:health_check:151] -
Health check failed
Context:
  error: [Errno 99] Cannot assign requested address
  timestamp: 2026-02-18T04:22:58.000911


2026-02-18 06:25:09 UTC - email_service - ERROR - [main.py:health_check:151] -
Health check failed
Context:
  error: [Errno 99] Cannot assign requested address
  timestamp: 2026-02-18T04:25:09.060328


2026-02-18 06:27:20 UTC - email_service - ERROR - [main.py:health_check:151] -
Health check failed
Context:
  error: [Errno 99] Cannot assign requested address
  timestamp: 2026-02-18T04:27:20.143451


2026-02-18 06:29:31 UTC - email_service - ERROR - [main.py:health_check:151] -
Health check failed
Context:
  error: [Errno 99] Cannot assign requested address
  timestamp: 2026-02-18T04:29:31.217704


2026-02-18 06:31:42 UTC - email_service - ERROR - [main.py:health_check:151] -
Health check failed
Context:
  error: [Errno 99] Cannot assign requested address
  timestamp: 2026-02-18T04:31:42.273222


2026-02-18 06:33:53 UTC - email_service - ERROR - [main.py:health_check:151] -
Health check failed
Context:
  error: [Errno 99] Cannot assign requested address
  timestamp: 2026-02-18T04:33:53.354752


2026-02-18 06:36:04 UTC - email_service - ERROR - [main.py:health_check:151] -
Health check failed
Context:
  error: [Errno 99] Cannot assign requested address
  timestamp: 2026-02-18T04:36:04.428053


2026-02-18 06:38:15 UTC - email_service - ERROR - [main.py:health_check:151] -
Health check failed
Context:
  error: [Errno 99] Cannot assign requested address
  timestamp: 2026-02-18T04:38:15.494288


2026-02-18 06:40:26 UTC - email_service - ERROR - [main.py:health_check:151] -
Health check failed
Context:
  error: [Errno 99] Cannot assign requested address
  timestamp: 2026-02-18T04:40:26.572979


2026-02-18 06:42:37 UTC - email_service - ERROR - [main.py:health_check:151] -
Health check failed
Context:
  error: [Errno 99] Cannot assign requested address
  timestamp: 2026-02-18T04:42:37.634038


2026-02-18 06:44:48 UTC - email_service - ERROR - [main.py:health_check:151] -
Health check failed
Context:
  error: [Errno 99] Cannot assign requested address
  timestamp: 2026-02-18T04:44:48.723469


2026-02-18 06:46:59 UTC - email_service - ERROR - [main.py:health_check:151] -
Health check failed
Context:
  error: [Errno 99] Cannot assign requested address
  timestamp: 2026-02-18T04:46:59.783277


2026-02-18 06:49:10 UTC - email_service - ERROR - [main.py:health_check:151] -
Health check failed
Context:
  error: [Errno 99] Cannot assign requested address
  timestamp: 2026-02-18T04:49:10.847945


2026-02-18 06:51:21 UTC - email_service - ERROR - [main.py:health_check:151] -
Health check failed
Context:
  error: [Errno 99] Cannot assign requested address
  timestamp: 2026-02-18T04:51:21.948803


2026-02-18 06:53:33 UTC - email_service - ERROR - [main.py:health_check:151] -
Health check failed
Context:
  error: [Errno 99] Cannot assign requested address
  timestamp: 2026-02-18T04:53:33.058462


2026-02-18 06:55:44 UTC - email_service - ERROR - [main.py:health_check:151] -
Health check failed
Context:
  error: [Errno 99] Cannot assign requested address
  timestamp: 2026-02-18T04:55:44.063206


2026-02-18 06:57:55 UTC - email_service - ERROR - [main.py:health_check:151] -
Health check failed
Context:
  error: [Errno 99] Cannot assign requested address
  timestamp: 2026-02-18T04:57:55.140428


2026-02-18 07:00:06 UTC - email_service - ERROR - [main.py:health_check:151] -
Health check failed
Context:
  error: [Errno 99] Cannot assign requested address
  timestamp: 2026-02-18T05:00:06.425494


2026-02-18 07:02:17 UTC - email_service - ERROR - [main.py:health_check:151] -
Health check failed
Context:
  error: [Errno 99] Cannot assign requested address
  timestamp: 2026-02-18T05:02:17.282151


2026-02-18 07:04:28 UTC - email_service - ERROR - [main.py:health_check:151] -
Health check failed
Context:
  error: [Errno 99] Cannot assign requested address
  timestamp: 2026-02-18T05:04:28.357182


2026-02-18 07:06:42 UTC - email_service - ERROR - [main.py:health_check:151] -
Health check failed
Context:
  error: [Errno 99] Cannot assign requested address
  timestamp: 2026-02-18T05:06:40.891964


2026-02-18 07:06:58 UTC - email_service - ERROR - [main.py:health_check:151] -
Health check failed
Context:
  error: [Errno -3] Temporary failure in name resolution
  timestamp: 2026-02-18T05:06:58.369341


2026-02-18 07:09:38 UTC - email_service - ERROR - [main.py:health_check:151] -
Health check failed
Context:
  error: [Errno 99] Cannot assign requested address
  timestamp: 2026-02-18T05:09:36.971977


2026-02-18 07:11:54 UTC - email_service - ERROR - [main.py:health_check:151] -
Health check failed
Context:
  error: [Errno 99] Cannot assign requested address
  timestamp: 2026-02-18T05:11:54.821687


2026-02-18 07:14:05 UTC - email_service - ERROR - [main.py:health_check:151] -
Health check failed
Context:
  error: [Errno 99] Cannot assign requested address
  timestamp: 2026-02-18T05:14:05.884384


2026-02-18 07:16:17 UTC - email_service - ERROR - [main.py:health_check:151] -
Health check failed
Context:
  error: [Errno 99] Cannot assign requested address
  timestamp: 2026-02-18T05:16:16.971786


2026-02-18 07:18:28 UTC - email_service - ERROR - [main.py:health_check:151] -
Health check failed
Context:
  error: [Errno 99] Cannot assign requested address
  timestamp: 2026-02-18T05:18:28.094864


2026-02-18 07:20:39 UTC - email_service - ERROR - [main.py:health_check:151] -
Health check failed
Context:
  error: [Errno 99] Cannot assign requested address
  timestamp: 2026-02-18T05:20:39.351678


2026-02-18 07:22:50 UTC - email_service - ERROR - [main.py:health_check:151] -
Health check failed
Context:
  error: [Errno 99] Cannot assign requested address
  timestamp: 2026-02-18T05:22:50.275153


2026-02-18 07:25:01 UTC - email_service - ERROR - [main.py:health_check:151] -
Health check failed
Context:
  error: [Errno 99] Cannot assign requested address
  timestamp: 2026-02-18T05:25:01.671738


2026-02-18 07:27:12 UTC - email_service - ERROR - [main.py:health_check:151] -
Health check failed
Context:
  error: [Errno 99] Cannot assign requested address
  timestamp: 2026-02-18T05:27:12.629245


2026-02-18 07:29:24 UTC - email_service - ERROR - [main.py:health_check:151] -
Health check failed
Context:
  error: [Errno 99] Cannot assign requested address
  timestamp: 2026-02-18T05:29:24.396166


2026-02-18 07:31:34 UTC - email_service - ERROR - [main.py:health_check:151] -
Health check failed
Context:
  error: [Errno 99] Cannot assign requested address
  timestamp: 2026-02-18T05:31:34.593706


2026-02-18 07:33:47 UTC - email_service - ERROR - [main.py:health_check:151] -
Health check failed
Context:
  error: [Errno 99] Cannot assign requested address
  timestamp: 2026-02-18T05:33:46.577175


2026-02-18 07:36:01 UTC - email_service - ERROR - [main.py:health_check:151] -
Health check failed
Context:
  error: [Errno 99] Cannot assign requested address
  timestamp: 2026-02-18T05:35:59.740119


2026-02-18 07:38:26 UTC - email_service - ERROR - [main.py:health_check:151] -
Health check failed
Context:
  error: [Errno 99] Cannot assign requested address
  timestamp: 2026-02-18T05:38:22.878229


2026-02-18 07:40:41 UTC - email_service - ERROR - [main.py:health_check:151] -
Health check failed
Context:
  error: [Errno 99] Cannot assign requested address
  timestamp: 2026-02-18T05:40:41.318660


2026-02-18 07:43:20 UTC - email_service - ERROR - [main.py:health_check:151] -
Health check failed
Context:
  error: [Errno 99] Cannot assign requested address
  timestamp: 2026-02-18T05:43:18.219045


2026-02-18 07:45:50 UTC - email_service - ERROR - [main.py:health_check:151] -
Health check failed
Context:
  error: [Errno 99] Cannot assign requested address
  timestamp: 2026-02-18T05:45:49.881323


2026-02-18 07:48:19 UTC - email_service - ERROR - [main.py:health_check:151] -
Health check failed
Context:
  error: [Errno 99] Cannot assign requested address
  timestamp: 2026-02-18T05:48:18.570548


2026-02-18 07:50:31 UTC - email_service - ERROR - [main.py:health_check:151] -
Health check failed
Context:
  error: [Errno 99] Cannot assign requested address
  timestamp: 2026-02-18T05:50:31.884210


2026-02-18 07:52:53 UTC - email_service - ERROR - [main.py:health_check:151] -
Health check failed
Context:
  error: [Errno 99] Cannot assign requested address
  timestamp: 2026-02-18T05:52:46.483116


2026-02-18 07:55:25 UTC - email_service - ERROR - [main.py:health_check:151] -
Health check failed
Context:
  error: [Errno 99] Cannot assign requested address
  timestamp: 2026-02-18T05:55:23.615785


2026-02-18 07:57:55 UTC - email_service - ERROR - [main.py:health_check:151] -
Health check failed
Context:
  error: [Errno 99] Cannot assign requested address
  timestamp: 2026-02-18T05:57:52.790774


2026-02-18 08:00:20 UTC - email_service - ERROR - [main.py:health_check:151] -
Health check failed
Context:
  error: [Errno 99] Cannot assign requested address
  timestamp: 2026-02-18T06:00:18.827564


2026-02-18 08:02:38 UTC - email_service - ERROR - [main.py:health_check:151] -
Health check failed
Context:
  error: [Errno 99] Cannot assign requested address
  timestamp: 2026-02-18T06:02:38.147629


2026-02-18 08:04:49 UTC - email_service - ERROR - [main.py:health_check:151] -
Health check failed
Context:
  error: [Errno 99] Cannot assign requested address
  timestamp: 2026-02-18T06:04:49.464590


2026-02-18 08:07:01 UTC - email_service - ERROR - [main.py:health_check:151] -
Health check failed
Context:
  error: [Errno 99] Cannot assign requested address
  timestamp: 2026-02-18T06:07:01.106683


2026-02-18 08:09:17 UTC - email_service - ERROR - [main.py:health_check:151] -
Health check failed
Context:
  error: [Errno 99] Cannot assign requested address
  timestamp: 2026-02-18T06:09:16.686215


2026-02-18 08:11:34 UTC - email_service - ERROR - [main.py:health_check:151] -
Health check failed
Context:
  error: [Errno 99] Cannot assign requested address
  timestamp: 2026-02-18T06:11:34.492772


2026-02-18 08:13:48 UTC - email_service - ERROR - [main.py:health_check:151] -
Health check failed
Context:
  error: [Errno 99] Cannot assign requested address
  timestamp: 2026-02-18T06:13:47.100847


2026-02-18 08:17:27 UTC - email_service - ERROR - [main.py:health_check:151] -
Health check failed
Context:
  error: [Errno 99] Cannot assign requested address
  timestamp: 2026-02-18T06:17:22.468627


2026-02-18 08:18:07 UTC - email_service - ERROR - [main.py:health_check:151] -
Health check failed
Context:
  error: [Errno -3] Temporary failure in name resolution
  timestamp: 2026-02-18T06:18:01.907556


2026-02-18 08:28:11 UTC - email_service - ERROR - [main.py:health_check:151] -
Health check failed
Context:
  error: [Errno 99] Cannot assign requested address
  timestamp: 2026-02-18T06:28:09.102837


2026-02-18 08:33:26 UTC - email_service - ERROR - [main.py:health_check:151] -
Health check failed
Context:
  error: [Errno 99] Cannot assign requested address
  timestamp: 2026-02-18T06:33:26.087902


2026-02-18 08:35:36 UTC - email_service - ERROR - [main.py:health_check:151] -
Health check failed
Context:
  error: [Errno 99] Cannot assign requested address
  timestamp: 2026-02-18T06:35:36.515430


2026-02-18 08:37:47 UTC - email_service - ERROR - [main.py:health_check:151] -
Health check failed
Context:
  error: [Errno 99] Cannot assign requested address
  timestamp: 2026-02-18T06:37:47.558528


2026-02-18 08:39:58 UTC - email_service - ERROR - [main.py:health_check:151] -
Health check failed
Context:
  error: [Errno 99] Cannot assign requested address
  timestamp: 2026-02-18T06:39:58.631633


2026-02-18 08:42:09 UTC - email_service - ERROR - [main.py:health_check:151] -
Health check failed
Context:
  error: [Errno 99] Cannot assign requested address
  timestamp: 2026-02-18T06:42:09.702503


2026-02-18 08:44:20 UTC - email_service - ERROR - [main.py:health_check:151] -
Health check failed
Context:
  error: [Errno 99] Cannot assign requested address
  timestamp: 2026-02-18T06:44:20.774626


2026-02-18 08:46:31 UTC - email_service - ERROR - [main.py:health_check:151] -
Health check failed
Context:
  error: [Errno 99] Cannot assign requested address
  timestamp: 2026-02-18T06:46:31.846459


2026-02-18 08:48:42 UTC - email_service - ERROR - [main.py:health_check:151] -
Health check failed
Context:
  error: [Errno 99] Cannot assign requested address
  timestamp: 2026-02-18T06:48:42.918516


2026-02-18 08:50:53 UTC - email_service - ERROR - [main.py:health_check:151] -
Health check failed
Context:
  error: [Errno 99] Cannot assign requested address
  timestamp: 2026-02-18T06:50:53.990626


2026-02-18 08:53:05 UTC - email_service - ERROR - [main.py:health_check:151] -
Health check failed
Context:
  error: [Errno 99] Cannot assign requested address
  timestamp: 2026-02-18T06:53:05.063991


2026-02-18 08:55:16 UTC - email_service - ERROR - [main.py:health_check:151] -
Health check failed
Context:
  error: [Errno 99] Cannot assign requested address
  timestamp: 2026-02-18T06:55:16.147476


2026-02-18 08:57:27 UTC - email_service - ERROR - [main.py:health_check:151] -
Health check failed
Context:
  error: [Errno 99] Cannot assign requested address
  timestamp: 2026-02-18T06:57:27.222066


2026-02-18 08:59:38 UTC - email_service - ERROR - [main.py:health_check:151] -
Health check failed
Context:
  error: [Errno 99] Cannot assign requested address
  timestamp: 2026-02-18T06:59:38.278718


2026-02-18 09:01:49 UTC - email_service - ERROR - [main.py:health_check:151] -
Health check failed
Context:
  error: [Errno 99] Cannot assign requested address
  timestamp: 2026-02-18T07:01:49.354363


2026-02-18 09:04:00 UTC - email_service - ERROR - [main.py:health_check:151] -
Health check failed
Context:
  error: [Errno 99] Cannot assign requested address
  timestamp: 2026-02-18T07:04:00.429695


2026-02-18 09:06:11 UTC - email_service - ERROR - [main.py:health_check:151] -
Health check failed
Context:
  error: [Errno 99] Cannot assign requested address
  timestamp: 2026-02-18T07:06:11.494814


2026-02-18 09:08:22 UTC - email_service - ERROR - [main.py:health_check:151] -
Health check failed
Context:
  error: [Errno 99] Cannot assign requested address
  timestamp: 2026-02-18T07:08:22.566559


2026-02-18 09:10:33 UTC - email_service - ERROR - [main.py:health_check:151] -
Health check failed
Context:
  error: [Errno 99] Cannot assign requested address
  timestamp: 2026-02-18T07:10:33.639064


2026-02-18 09:12:44 UTC - email_service - ERROR - [main.py:health_check:151] -
Health check failed
Context:
  error: [Errno 99] Cannot assign requested address
  timestamp: 2026-02-18T07:12:44.712640


2026-02-18 09:14:55 UTC - email_service - ERROR - [main.py:health_check:151] -
Health check failed
Context:
  error: [Errno 99] Cannot assign requested address
  timestamp: 2026-02-18T07:14:55.783123


2026-02-18 09:17:06 UTC - email_service - ERROR - [main.py:health_check:151] -
Health check failed
Context:
  error: [Errno 99] Cannot assign requested address
  timestamp: 2026-02-18T07:17:06.855045


2026-02-18 09:19:17 UTC - email_service - ERROR - [main.py:health_check:151] -
Health check failed
Context:
  error: [Errno 99] Cannot assign requested address
  timestamp: 2026-02-18T07:19:17.934304


2026-02-18 09:21:29 UTC - email_service - ERROR - [main.py:health_check:151] -
Health check failed
Context:
  error: [Errno 99] Cannot assign requested address
  timestamp: 2026-02-18T07:21:29.002429


2026-02-18 09:23:40 UTC - email_service - ERROR - [main.py:health_check:151] -
Health check failed
Context:
  error: [Errno 99] Cannot assign requested address
  timestamp: 2026-02-18T07:23:40.070605


2026-02-18 09:25:51 UTC - email_service - ERROR - [main.py:health_check:151] -
Health check failed
Context:
  error: [Errno 99] Cannot assign requested address
  timestamp: 2026-02-18T07:25:51.142695


2026-02-18 09:28:02 UTC - email_service - ERROR - [main.py:health_check:151] -
Health check failed
Context:
  error: [Errno 99] Cannot assign requested address
  timestamp: 2026-02-18T07:28:02.214940


2026-02-18 09:30:13 UTC - email_service - ERROR - [main.py:health_check:151] -
Health check failed
Context:
  error: [Errno 99] Cannot assign requested address
  timestamp: 2026-02-18T07:30:13.286583


2026-02-18 09:32:24 UTC - email_service - ERROR - [main.py:health_check:151] -
Health check failed
Context:
  error: [Errno 99] Cannot assign requested address
  timestamp: 2026-02-18T07:32:24.358539


2026-02-18 09:34:35 UTC - email_service - ERROR - [main.py:health_check:151] -
Health check failed
Context:
  error: [Errno 99] Cannot assign requested address
  timestamp: 2026-02-18T07:34:35.430661


2026-02-18 09:36:46 UTC - email_service - ERROR - [main.py:health_check:151] -
Health check failed
Context:
  error: [Errno 99] Cannot assign requested address
  timestamp: 2026-02-18T07:36:46.502470


2026-02-18 09:38:57 UTC - email_service - ERROR - [main.py:health_check:151] -
Health check failed
Context:
  error: [Errno 99] Cannot assign requested address
  timestamp: 2026-02-18T07:38:57.575886


2026-02-18 09:41:08 UTC - email_service - ERROR - [main.py:health_check:151] -
Health check failed
Context:
  error: [Errno 99] Cannot assign requested address
  timestamp: 2026-02-18T07:41:08.646467


2026-02-18 09:43:19 UTC - email_service - ERROR - [main.py:health_check:151] -
Health check failed
Context:
  error: [Errno 99] Cannot assign requested address
  timestamp: 2026-02-18T07:43:19.719908


2026-02-18 09:45:30 UTC - email_service - ERROR - [main.py:health_check:151] -
Health check failed
Context:
  error: [Errno 99] Cannot assign requested address
  timestamp: 2026-02-18T07:45:30.806012


2026-02-18 09:47:41 UTC - email_service - ERROR - [main.py:health_check:151] -
Health check failed
Context:
  error: [Errno 99] Cannot assign requested address
  timestamp: 2026-02-18T07:47:41.882188


2026-02-18 09:49:52 UTC - email_service - ERROR - [main.py:health_check:151] -
Health check failed
Context:
  error: [Errno 99] Cannot assign requested address
  timestamp: 2026-02-18T07:49:52.961264


2026-02-18 09:52:04 UTC - email_service - ERROR - [main.py:health_check:151] -
Health check failed
Context:
  error: [Errno 99] Cannot assign requested address
  timestamp: 2026-02-18T07:52:04.032000


2026-02-18 09:54:15 UTC - email_service - ERROR - [main.py:health_check:151] -
Health check failed
Context:
  error: [Errno 99] Cannot assign requested address
  timestamp: 2026-02-18T07:54:15.107049


2026-02-18 09:56:26 UTC - email_service - ERROR - [main.py:health_check:151] -
Health check failed
Context:
  error: [Errno 99] Cannot assign requested address
  timestamp: 2026-02-18T07:56:26.176437


2026-02-18 09:58:37 UTC - email_service - ERROR - [main.py:health_check:151] -
Health check failed
Context:
  error: [Errno 99] Cannot assign requested address
  timestamp: 2026-02-18T07:58:37.255974


2026-02-18 10:00:48 UTC - email_service - ERROR - [main.py:health_check:151] -
Health check failed
Context:
  error: [Errno 99] Cannot assign requested address
  timestamp: 2026-02-18T08:00:48.322327


2026-02-18 10:02:59 UTC - email_service - ERROR - [main.py:health_check:151] -
Health check failed
Context:
  error: [Errno 99] Cannot assign requested address
  timestamp: 2026-02-18T08:02:59.400425


2026-02-18 10:05:10 UTC - email_service - ERROR - [main.py:health_check:151] -
Health check failed
Context:
  error: [Errno 99] Cannot assign requested address
  timestamp: 2026-02-18T08:05:10.471421


2026-02-18 10:07:21 UTC - email_service - ERROR - [main.py:health_check:151] -
Health check failed
Context:
  error: [Errno 99] Cannot assign requested address
  timestamp: 2026-02-18T08:07:21.545736


2026-02-18 10:09:32 UTC - email_service - ERROR - [main.py:health_check:151] -
Health check failed
Context:
  error: [Errno 99] Cannot assign requested address
  timestamp: 2026-02-18T08:09:32.616591


2026-02-18 10:11:43 UTC - email_service - ERROR - [main.py:health_check:151] -
Health check failed
Context:
  error: [Errno 99] Cannot assign requested address
  timestamp: 2026-02-18T08:11:43.694003


2026-02-18 10:13:54 UTC - email_service - ERROR - [main.py:health_check:151] -
Health check failed
Context:
  error: [Errno 99] Cannot assign requested address
  timestamp: 2026-02-18T08:13:54.764038


2026-02-18 10:16:05 UTC - email_service - ERROR - [main.py:health_check:151] -
Health check failed
Context:
  error: [Errno 99] Cannot assign requested address
  timestamp: 2026-02-18T08:16:05.832223


2026-02-18 10:18:16 UTC - email_service - ERROR - [main.py:health_check:151] -
Health check failed
Context:
  error: [Errno 99] Cannot assign requested address
  timestamp: 2026-02-18T08:18:16.908633


2026-02-18 10:20:27 UTC - email_service - ERROR - [main.py:health_check:151] -
Health check failed
Context:
  error: [Errno 99] Cannot assign requested address
  timestamp: 2026-02-18T08:20:27.969636


2026-02-18 10:22:39 UTC - email_service - ERROR - [main.py:health_check:151] -
Health check failed
Context:
  error: [Errno 99] Cannot assign requested address
  timestamp: 2026-02-18T08:22:39.053854


2026-02-18 10:24:50 UTC - email_service - ERROR - [main.py:health_check:151] -
Health check failed
Context:
  error: [Errno 99] Cannot assign requested address
  timestamp: 2026-02-18T08:24:50.114657


2026-02-18 10:27:01 UTC - email_service - ERROR - [main.py:health_check:151] -
Health check failed
Context:
  error: [Errno 99] Cannot assign requested address
  timestamp: 2026-02-18T08:27:01.188384


2026-02-18 10:29:12 UTC - email_service - ERROR - [main.py:health_check:151] -
Health check failed
Context:
  error: [Errno 99] Cannot assign requested address
  timestamp: 2026-02-18T08:29:12.865297


2026-02-18 10:31:24 UTC - email_service - ERROR - [main.py:health_check:151] -
Health check failed
Context:
  error: [Errno 99] Cannot assign requested address
  timestamp: 2026-02-18T08:31:24.201003


2026-02-18 10:33:34 UTC - email_service - ERROR - [main.py:health_check:151] -
Health check failed
Context:
  error: [Errno 99] Cannot assign requested address
  timestamp: 2026-02-18T08:33:34.411466


2026-02-18 10:35:46 UTC - email_service - ERROR - [main.py:health_check:151] -
Health check failed
Context:
  error: [Errno 99] Cannot assign requested address
  timestamp: 2026-02-18T08:35:45.979739


2026-02-18 10:37:56 UTC - email_service - ERROR - [main.py:health_check:151] -
Health check failed
Context:
  error: [Errno 99] Cannot assign requested address
  timestamp: 2026-02-18T08:37:56.572471


2026-02-18 10:40:07 UTC - email_service - ERROR - [main.py:health_check:151] -
Health check failed
Context:
  error: [Errno 99] Cannot assign requested address
  timestamp: 2026-02-18T08:40:07.781700


2026-02-18 10:42:26 UTC - email_service - ERROR - [main.py:health_check:151] -
Health check failed
Context:
  error: [Errno 99] Cannot assign requested address
  timestamp: 2026-02-18T08:42:24.349749


2026-02-18 10:44:39 UTC - email_service - ERROR - [main.py:health_check:151] -
Health check failed
Context:
  error: [Errno 99] Cannot assign requested address
  timestamp: 2026-02-18T08:44:39.124558


2026-02-18 10:47:04 UTC - email_service - ERROR - [main.py:health_check:151] -
Health check failed
Context:
  error: [Errno 99] Cannot assign requested address
  timestamp: 2026-02-18T08:47:04.374030


2026-02-18 10:49:23 UTC - email_service - ERROR - [main.py:health_check:151] -
Health check failed
Context:
  error: [Errno 99] Cannot assign requested address
  timestamp: 2026-02-18T08:49:21.510286


2026-02-18 10:51:37 UTC - email_service - ERROR - [main.py:health_check:151] -
Health check failed
Context:
  error: [Errno 99] Cannot assign requested address
  timestamp: 2026-02-18T08:51:35.877968


2026-02-18 10:54:15 UTC - email_service - ERROR - [main.py:health_check:151] -
Health check failed
Context:
  error: [Errno 99] Cannot assign requested address
  timestamp: 2026-02-18T08:54:13.956201


2026-02-18 10:56:32 UTC - email_service - ERROR - [main.py:health_check:151] -
Health check failed
Context:
  error: [Errno 99] Cannot assign requested address
  timestamp: 2026-02-18T08:56:31.591409


2026-02-18 10:58:51 UTC - email_service - ERROR - [main.py:health_check:151] -
Health check failed
Context:
  error: [Errno 99] Cannot assign requested address
  timestamp: 2026-02-18T08:58:50.428742


2026-02-18 11:01:03 UTC - email_service - ERROR - [main.py:health_check:151] -
Health check failed
Context:
  error: [Errno 99] Cannot assign requested address
  timestamp: 2026-02-18T09:01:03.378146


2026-02-18 11:03:18 UTC - email_service - ERROR - [main.py:health_check:151] -
Health check failed
Context:
  error: [Errno 99] Cannot assign requested address
  timestamp: 2026-02-18T09:03:17.574787


2026-02-18 11:17:49 UTC - email_service - ERROR - [main.py:health_check:151] -
Health check failed
Context:
  error: [Errno 99] Cannot assign requested address
  timestamp: 2026-02-18T09:17:47.731372


2026-02-18 11:26:56 UTC - email_service - ERROR - [main.py:health_check:151] -
Health check failed
Context:
  error: [Errno 99] Cannot assign requested address
  timestamp: 2026-02-18T09:26:27.359113


2026-02-18 11:37:28 UTC - email_service - ERROR - [main.py:health_check:151] -
Health check failed
Context:
  error: [Errno 99] Cannot assign requested address
  timestamp: 2026-02-18T09:37:05.275691


2026-02-18 11:38:02 UTC - email_service - ERROR - [main.py:health_check:151] -
Health check failed
Context:
  error: [Errno -3] Temporary failure in name resolution
  timestamp: 2026-02-18T09:38:01.441843


2026-02-18 11:43:48 UTC - email_service - ERROR - [main.py:health_check:151] -
Health check failed
Context:
  error: [Errno -3] Temporary failure in name resolution
  timestamp: 2026-02-18T09:42:39.217719


2026-02-18 11:46:20 UTC - email_service - ERROR - [main.py:health_check:151] -
Health check failed
Context:
  error: [Errno -3] Temporary failure in name resolution
  timestamp: 2026-02-18T09:46:17.863155


2026-02-18 11:49:00 UTC - email_service - ERROR - [main.py:health_check:151] -
Health check failed
Context:
  error: [Errno 99] Cannot assign requested address
  timestamp: 2026-02-18T09:48:59.107322


2026-02-18 11:49:26 UTC - email_service - ERROR - [main.py:health_check:151] -
Health check failed
Context:
  error: [Errno -3] Temporary failure in name resolution
  timestamp: 2026-02-18T09:49:24.858067


2026-02-18 11:51:40 UTC - email_service - ERROR - [main.py:health_check:151] -
Health check failed
Context:
  error: [Errno 99] Cannot assign requested address
  timestamp: 2026-02-18T09:51:39.045547


2026-02-18 11:54:00 UTC - email_service - ERROR - [main.py:health_check:151] -
Health check failed
Context:
  error: [Errno 99] Cannot assign requested address
  timestamp: 2026-02-18T09:54:00.195130


2026-02-18 11:56:14 UTC - email_service - ERROR - [main.py:health_check:151] -
Health check failed
Context:
  error: [Errno 99] Cannot assign requested address
  timestamp: 2026-02-18T09:56:13.738131


2026-02-18 11:58:26 UTC - email_service - ERROR - [main.py:health_check:151] -
Health check failed
Context:
  error: [Errno 99] Cannot assign requested address
  timestamp: 2026-02-18T09:58:26.082946


2026-02-18 12:00:50 UTC - email_service - ERROR - [main.py:health_check:151] -
Health check failed
Context:
  error: [Errno 99] Cannot assign requested address
  timestamp: 2026-02-18T10:00:49.196442


2026-02-18 12:01:32 UTC - email_service - ERROR - [main.py:health_check:151] -
Health check failed
Context:
  error: [Errno -3] Temporary failure in name resolution
  timestamp: 2026-02-18T10:01:28.605276


2026-02-18 12:02:04 UTC - email_service - ERROR - [main.py:health_check:151] -
Health check failed
Context:
  error: [Errno -3] Temporary failure in name resolution
  timestamp: 2026-02-18T10:02:01.858751


2026-02-18 12:02:37 UTC - email_service - ERROR - [main.py:health_check:151] -
Health check failed
Context:
  error: [Errno -3] Temporary failure in name resolution
  timestamp: 2026-02-18T10:02:35.236241


2026-02-18 12:05:03 UTC - email_service - ERROR - [main.py:health_check:151] -
Health check failed
Context:
  error: [Errno 99] Cannot assign requested address
  timestamp: 2026-02-18T10:05:02.377323


2026-02-18 12:07:24 UTC - email_service - ERROR - [main.py:health_check:151] -
Health check failed
Context:
  error: [Errno 99] Cannot assign requested address
  timestamp: 2026-02-18T10:07:24.102648


2026-02-18 12:09:35 UTC - email_service - ERROR - [main.py:health_check:151] -
Health check failed
Context:
  error: [Errno 99] Cannot assign requested address
  timestamp: 2026-02-18T10:09:35.495396


2026-02-18 12:11:47 UTC - email_service - ERROR - [main.py:health_check:151] -
Health check failed
Context:
  error: [Errno 99] Cannot assign requested address
  timestamp: 2026-02-18T10:11:46.804834


2026-02-18 12:13:58 UTC - email_service - ERROR - [main.py:health_check:151] -
Health check failed
Context:
  error: [Errno 99] Cannot assign requested address
  timestamp: 2026-02-18T10:13:57.842905


2026-02-18 12:16:12 UTC - email_service - ERROR - [main.py:health_check:151] -
Health check failed
Context:
  error: [Errno 99] Cannot assign requested address
  timestamp: 2026-02-18T10:16:11.697556


2026-02-18 12:18:47 UTC - email_service - ERROR - [main.py:health_check:151] -
Health check failed
Context:
  error: [Errno 99] Cannot assign requested address
  timestamp: 2026-02-18T10:18:46.782794


2026-02-18 12:20:57 UTC - email_service - ERROR - [main.py:health_check:151] -
Health check failed
Context:
  error: [Errno 99] Cannot assign requested address
  timestamp: 2026-02-18T10:20:57.723194


2026-02-18 12:23:11 UTC - email_service - ERROR - [main.py:health_check:151] -
Health check failed
Context:
  error: [Errno 99] Cannot assign requested address
  timestamp: 2026-02-18T10:23:11.276467


2026-02-18 12:25:44 UTC - email_service - ERROR - [main.py:health_check:151] -
Health check failed
Context:
  error: [Errno 99] Cannot assign requested address
  timestamp: 2026-02-18T10:25:44.571379


2026-02-18 12:27:55 UTC - email_service - ERROR - [main.py:health_check:151] -
Health check failed
Context:
  error: [Errno 99] Cannot assign requested address
  timestamp: 2026-02-18T10:27:55.368701


2026-02-18 12:30:17 UTC - email_service - ERROR - [main.py:health_check:151] -
Health check failed
Context:
  error: [Errno 99] Cannot assign requested address
  timestamp: 2026-02-18T10:30:16.933431


2026-02-18 12:32:27 UTC - email_service - ERROR - [main.py:health_check:151] -
Health check failed
Context:
  error: [Errno 99] Cannot assign requested address
  timestamp: 2026-02-18T10:32:27.636246


2026-02-18 12:34:40 UTC - email_service - ERROR - [main.py:health_check:151] -
Health check failed
Context:
  error: [Errno 99] Cannot assign requested address
  timestamp: 2026-02-18T10:34:40.918946


2026-02-18 12:36:52 UTC - email_service - ERROR - [main.py:health_check:151] -
Health check failed
Context:
  error: [Errno 99] Cannot assign requested address
  timestamp: 2026-02-18T10:36:51.936041


2026-02-18 12:39:04 UTC - email_service - ERROR - [main.py:health_check:151] -
Health check failed
Context:
  error: [Errno 99] Cannot assign requested address
  timestamp: 2026-02-18T10:39:04.250763


2026-02-18 12:41:31 UTC - email_service - ERROR - [main.py:health_check:151] -
Health check failed
Context:
  error: [Errno 99] Cannot assign requested address
  timestamp: 2026-02-18T10:41:31.871526


2026-02-18 12:44:08 UTC - email_service - ERROR - [main.py:health_check:151] -
Health check failed
Context:
  error: [Errno 99] Cannot assign requested address
  timestamp: 2026-02-18T10:44:08.561808


2026-02-18 12:46:45 UTC - email_service - ERROR - [main.py:health_check:151] -
Health check failed
Context:
  error: [Errno 99] Cannot assign requested address
  timestamp: 2026-02-18T10:46:45.881313


2026-02-18 12:49:14 UTC - email_service - ERROR - [main.py:health_check:151] -
Health check failed
Context:
  error: [Errno 99] Cannot assign requested address
  timestamp: 2026-02-18T10:49:13.840309


2026-02-18 12:51:30 UTC - email_service - ERROR - [main.py:health_check:151] -
Health check failed
Context:
  error: [Errno 99] Cannot assign requested address
  timestamp: 2026-02-18T10:51:30.381625


2026-02-18 12:53:41 UTC - email_service - ERROR - [main.py:health_check:151] -
Health check failed
Context:
  error: [Errno 99] Cannot assign requested address
  timestamp: 2026-02-18T10:53:41.596570


2026-02-18 12:56:15 UTC - email_service - ERROR - [main.py:health_check:151] -
Health check failed
Context:
  error: [Errno 99] Cannot assign requested address
  timestamp: 2026-02-18T10:56:15.447009


2026-02-18 12:58:26 UTC - email_service - ERROR - [main.py:health_check:151] -
Health check failed
Context:
  error: [Errno 99] Cannot assign requested address
  timestamp: 2026-02-18T10:58:26.129032


2026-02-18 13:00:58 UTC - email_service - ERROR - [main.py:health_check:151] -
Health check failed
Context:
  error: [Errno 99] Cannot assign requested address
  timestamp: 2026-02-18T11:00:57.936232


2026-02-18 13:03:08 UTC - email_service - ERROR - [main.py:health_check:151] -
Health check failed
Context:
  error: [Errno 99] Cannot assign requested address
  timestamp: 2026-02-18T11:03:08.896296


2026-02-18 13:05:19 UTC - email_service - ERROR - [main.py:health_check:151] -
Health check failed
Context:
  error: [Errno 99] Cannot assign requested address
  timestamp: 2026-02-18T11:05:19.837495


2026-02-18 13:07:50 UTC - email_service - ERROR - [main.py:health_check:151] -
Health check failed
Context:
  error: [Errno 99] Cannot assign requested address
  timestamp: 2026-02-18T11:07:50.596080


2026-02-18 13:10:00 UTC - email_service - ERROR - [main.py:health_check:151] -
Health check failed
Context:
  error: [Errno 99] Cannot assign requested address
  timestamp: 2026-02-18T11:10:00.493695


2026-02-18 13:12:33 UTC - email_service - ERROR - [main.py:health_check:151] -
Health check failed
Context:
  error: [Errno 99] Cannot assign requested address
  timestamp: 2026-02-18T11:12:32.900904


2026-02-18 13:15:11 UTC - email_service - ERROR - [main.py:health_check:151] -
Health check failed
Context:
  error: [Errno 99] Cannot assign requested address
  timestamp: 2026-02-18T11:15:11.323131


2026-02-18 13:20:31 UTC - email_service - ERROR - [main.py:health_check:151] -
Health check failed
Context:
  error: [Errno 99] Cannot assign requested address
  timestamp: 2026-02-18T11:20:30.861220


2026-02-18 13:34:50 UTC - email_service - ERROR - [main.py:health_check:151] -
Health check failed
Context:
  error: [Errno 99] Cannot assign requested address
  timestamp: 2026-02-18T11:34:50.833364


2026-02-18 14:06:46 UTC - email_service - ERROR - [main.py:health_check:151] -
Health check failed
Context:
  error: [Errno 99] Cannot assign requested address
  timestamp: 2026-02-18T12:06:46.287511


2026-02-18 14:12:45 UTC - email_service - ERROR - [main.py:health_check:151] -
Health check failed
Context:
  error: [Errno 99] Cannot assign requested address
  timestamp: 2026-02-18T12:11:26.795235


2026-02-18 15:06:36 UTC - email_service - ERROR - [main.py:health_check:151] -
Health check failed
Context:
  error: [Errno 99] Cannot assign requested address
  timestamp: 2026-02-18T13:06:36.306703


2026-02-18 15:09:04 UTC - email_service - ERROR - [main.py:health_check:151] -
Health check failed
Context:
  error: [Errno 99] Cannot assign requested address
  timestamp: 2026-02-18T13:09:01.389829


2026-02-18 15:09:57 UTC - email_service - ERROR - [main.py:health_check:151] -
Health check failed
Context:
  error: [Errno -3] Temporary failure in name resolution
  timestamp: 2026-02-18T13:09:52.201140


2026-02-18 15:10:23 UTC - email_service - ERROR - [main.py:health_check:151] -
Health check failed
Context:
  error: [Errno -3] Temporary failure in name resolution
  timestamp: 2026-02-18T13:10:21.650160


2026-02-18 15:10:52 UTC - email_service - ERROR - [main.py:health_check:151] -
Health check failed
Context:
  error: [Errno -3] Temporary failure in name resolution
  timestamp: 2026-02-18T13:10:49.220115


2026-02-18 15:11:23 UTC - email_service - ERROR - [main.py:health_check:151] -
Health check failed
Context:
  error: [Errno -3] Temporary failure in name resolution
  timestamp: 2026-02-18T13:11:22.202634


2026-02-18 15:11:49 UTC - email_service - ERROR - [main.py:health_check:151] -
Health check failed
Context:
  error: [Errno -3] Temporary failure in name resolution
  timestamp: 2026-02-18T13:11:46.890571


2026-02-18 15:12:12 UTC - email_service - ERROR - [main.py:health_check:151] -
Health check failed
Context:
  error: [Errno -3] Temporary failure in name resolution
  timestamp: 2026-02-18T13:12:11.612962


2026-02-18 15:12:40 UTC - email_service - ERROR - [main.py:health_check:151] -
Health check failed
Context:
  error: [Errno -3] Temporary failure in name resolution
  timestamp: 2026-02-18T13:12:37.394418


2026-02-18 15:13:08 UTC - email_service - ERROR - [main.py:health_check:151] -
Health check failed
Context:
  error: [Errno -3] Temporary failure in name resolution
  timestamp: 2026-02-18T13:13:06.621482


2026-02-18 15:13:34 UTC - email_service - ERROR - [main.py:health_check:151] -
Health check failed
Context:
  error: [Errno -3] Temporary failure in name resolution
  timestamp: 2026-02-18T13:13:32.646344


2026-02-18 15:14:03 UTC - email_service - ERROR - [main.py:health_check:151] -
Health check failed
Context:
  error: [Errno -3] Temporary failure in name resolution
  timestamp: 2026-02-18T13:14:01.863689


2026-02-18 15:14:27 UTC - email_service - ERROR - [main.py:health_check:151] -
Health check failed
Context:
  error: [Errno -3] Temporary failure in name resolution
  timestamp: 2026-02-18T13:14:26.144843


2026-02-18 15:14:52 UTC - email_service - ERROR - [main.py:health_check:151] -
Health check failed
Context:
  error: [Errno -3] Temporary failure in name resolution
  timestamp: 2026-02-18T13:14:51.041279


2026-02-18 15:17:29 UTC - email_service - ERROR - [main.py:health_check:151] -
Health check failed
Context:
  error: [Errno 99] Cannot assign requested address
  timestamp: 2026-02-18T13:17:26.096051


2026-02-18 15:17:59 UTC - email_service - ERROR - [main.py:health_check:151] -
Health check failed
Context:
  error: [Errno -3] Temporary failure in name resolution
  timestamp: 2026-02-18T13:17:57.767975


2026-02-18 15:18:27 UTC - email_service - ERROR - [main.py:health_check:151] -
Health check failed
Context:
  error: [Errno -3] Temporary failure in name resolution
  timestamp: 2026-02-18T13:18:24.826399


2026-02-18 15:18:59 UTC - email_service - ERROR - [main.py:health_check:151] -
Health check failed
Context:
  error: [Errno -3] Temporary failure in name resolution
  timestamp: 2026-02-18T13:18:58.314828


2026-02-18 15:19:26 UTC - email_service - ERROR - [main.py:health_check:151] -
Health check failed
Context:
  error: [Errno -3] Temporary failure in name resolution
  timestamp: 2026-02-18T13:19:24.844437


2026-02-18 15:19:54 UTC - email_service - ERROR - [main.py:health_check:151] -
Health check failed
Context:
  error: [Errno -3] Temporary failure in name resolution
  timestamp: 2026-02-18T13:19:51.328642


2026-02-18 15:20:21 UTC - email_service - ERROR - [main.py:health_check:151] -
Health check failed
Context:
  error: [Errno -3] Temporary failure in name resolution
  timestamp: 2026-02-18T13:20:20.270076


2026-02-18 15:20:52 UTC - email_service - ERROR - [main.py:health_check:151] -
Health check failed
Context:
  error: [Errno -3] Temporary failure in name resolution
  timestamp: 2026-02-18T13:20:50.020602


2026-02-18 15:21:18 UTC - email_service - ERROR - [main.py:health_check:151] -
Health check failed
Context:
  error: [Errno -3] Temporary failure in name resolution
  timestamp: 2026-02-18T13:21:18.029902


2026-02-18 15:21:42 UTC - email_service - ERROR - [main.py:health_check:151] -
Health check failed
Context:
  error: [Errno -3] Temporary failure in name resolution
  timestamp: 2026-02-18T13:21:41.279027


2026-02-18 15:22:07 UTC - email_service - ERROR - [main.py:health_check:151] -
Health check failed
Context:
  error: [Errno -3] Temporary failure in name resolution
  timestamp: 2026-02-18T13:22:05.729826


2026-02-18 15:22:34 UTC - email_service - ERROR - [main.py:health_check:151] -
Health check failed
Context:
  error: [Errno -3] Temporary failure in name resolution
  timestamp: 2026-02-18T13:22:31.593880


2026-02-18 15:23:00 UTC - email_service - ERROR - [main.py:health_check:151] -
Health check failed
Context:
  error: [Errno -3] Temporary failure in name resolution
  timestamp: 2026-02-18T13:22:59.042780


2026-02-18 15:23:24 UTC - email_service - ERROR - [main.py:health_check:151] -
Health check failed
Context:
  error: [Errno -3] Temporary failure in name resolution
  timestamp: 2026-02-18T13:23:23.391712


2026-02-18 15:23:54 UTC - email_service - ERROR - [main.py:health_check:151] -
Health check failed
Context:
  error: [Errno -3] Temporary failure in name resolution
  timestamp: 2026-02-18T13:23:51.327569


2026-02-18 15:24:25 UTC - email_service - ERROR - [main.py:health_check:151] -
Health check failed
Context:
  error: [Errno -3] Temporary failure in name resolution
  timestamp: 2026-02-18T13:24:23.297909


2026-02-18 15:24:51 UTC - email_service - ERROR - [main.py:health_check:151] -
Health check failed
Context:
  error: [Errno -3] Temporary failure in name resolution
  timestamp: 2026-02-18T13:24:50.245691


2026-02-18 15:25:16 UTC - email_service - ERROR - [main.py:health_check:151] -
Health check failed
Context:
  error: [Errno -3] Temporary failure in name resolution
  timestamp: 2026-02-18T13:25:15.161559


2026-02-18 15:25:44 UTC - email_service - ERROR - [main.py:health_check:151] -
Health check failed
Context:
  error: [Errno -3] Temporary failure in name resolution
  timestamp: 2026-02-18T13:25:39.434838


2026-02-18 15:26:17 UTC - email_service - ERROR - [main.py:health_check:151] -
Health check failed
Context:
  error: [Errno -3] Temporary failure in name resolution
  timestamp: 2026-02-18T13:26:09.636689


2026-02-18 15:26:50 UTC - email_service - ERROR - [main.py:health_check:151] -
Health check failed
Context:
  error: [Errno -3] Temporary failure in name resolution
  timestamp: 2026-02-18T13:26:46.723936


2026-02-18 15:27:21 UTC - email_service - ERROR - [main.py:health_check:151] -
Health check failed
Context:
  error: [Errno -3] Temporary failure in name resolution
  timestamp: 2026-02-18T13:27:16.286962


2026-02-18 15:27:48 UTC - email_service - ERROR - [main.py:health_check:151] -
Health check failed
Context:
  error: [Errno -3] Temporary failure in name resolution
  timestamp: 2026-02-18T13:27:48.049999


2026-02-18 15:28:23 UTC - email_service - ERROR - [main.py:health_check:151] -
Health check failed
Context:
  error: [Errno -3] Temporary failure in name resolution
  timestamp: 2026-02-18T13:28:16.829510


2026-02-18 15:35:27 UTC - email_service - ERROR - [main.py:health_check:151] -
Health check failed
Context:
  error: [Errno -3] Temporary failure in name resolution
  timestamp: 2026-02-18T13:35:27.436902


2026-02-18 15:52:37 UTC - email_service - ERROR - [main.py:health_check:151] -
Health check failed
Context:
  error: [Errno 99] Cannot assign requested address
  timestamp: 2026-02-18T13:52:37.125414


2026-02-18 16:02:45 UTC - email_service - ERROR - [main.py:health_check:151] -
Health check failed
Context:
  error: [Errno 99] Cannot assign requested address
  timestamp: 2026-02-18T14:02:45.601617


2026-02-18 16:43:36 UTC - email_service - ERROR - [main.py:health_check:151] -
Health check failed
Context:
  error: [Errno 99] Cannot assign requested address
  timestamp: 2026-02-18T14:43:36.776956


2026-02-18 16:56:54 UTC - email_service - ERROR - [main.py:health_check:151] -
Health check failed
Context:
  error: [Errno 99] Cannot assign requested address
  timestamp: 2026-02-18T14:56:54.225888


2026-02-18 16:59:14 UTC - email_service - ERROR - [main.py:health_check:151] -
Health check failed
Context:
  error: [Errno 99] Cannot assign requested address
  timestamp: 2026-02-18T14:59:08.269697


2026-02-18 17:17:18 UTC - email_service - ERROR - [main.py:health_check:151] -
Health check failed
Context:
  error: [Errno -3] Temporary failure in name resolution
  timestamp: 2026-02-18T15:17:18.163254


2026-02-18 17:38:41 UTC - email_service - ERROR - [main.py:health_check:151] -
Health check failed
Context:
  error: [Errno 99] Cannot assign requested address
  timestamp: 2026-02-18T15:38:40.922494


2026-02-18 18:20:24 UTC - email_service - ERROR - [main.py:health_check:151] -
Health check failed
Context:
  error: [Errno 99] Cannot assign requested address
  timestamp: 2026-02-18T16:20:23.939614


2026-02-18 18:46:43 UTC - email_service - ERROR - [main.py:health_check:151] -
Health check failed
Context:
  error: [Errno 99] Cannot assign requested address
  timestamp: 2026-02-18T16:46:43.812316


2026-02-18 19:13:20 UTC - email_service - ERROR - [main.py:health_check:151] -
Health check failed
Context:
  error: [Errno 99] Cannot assign requested address
  timestamp: 2026-02-18T17:13:20.403148


2026-02-18 19:44:20 UTC - email_service - ERROR - [main.py:health_check:151] -
Health check failed
Context:
  error: [Errno 99] Cannot assign requested address
  timestamp: 2026-02-18T17:44:20.751820


2026-02-18 20:00:57 UTC - email_service - ERROR - [main.py:health_check:151] -
Health check failed
Context:
  error: [Errno 99] Cannot assign requested address
  timestamp: 2026-02-18T18:00:57.348258


2026-02-18 20:25:50 UTC - email_service - ERROR - [main.py:health_check:151] -
Health check failed
Context:
  error: [Errno 99] Cannot assign requested address
  timestamp: 2026-02-18T18:25:50.330201


2026-02-18 21:20:36 UTC - email_service - ERROR - [main.py:health_check:151] -
Health check failed
Context:
  error: [Errno 99] Cannot assign requested address
  timestamp: 2026-02-18T19:20:36.090874


2026-02-18 22:43:13 UTC - email_service - ERROR - [main.py:health_check:151] -
Health check failed
Context:
  error: [Errno 99] Cannot assign requested address
  timestamp: 2026-02-18T20:43:13.439312


2026-02-18 23:29:03 UTC - email_service - ERROR - [main.py:health_check:151] -
Health check failed
Context:
  error: [Errno 99] Cannot assign requested address
  timestamp: 2026-02-18T21:29:03.273213


2026-02-18 23:31:35 UTC - email_service - ERROR - [main.py:health_check:151] -
Health check failed
Context:
  error: [Errno 99] Cannot assign requested address
  timestamp: 2026-02-18T21:31:35.181470


2026-02-19 00:09:28 UTC - email_service - ERROR - [main.py:health_check:151] -
Health check failed
Context:
  error: [Errno 99] Cannot assign requested address
  timestamp: 2026-02-18T22:09:28.214030


2026-02-19 00:23:40 UTC - email_service - INFO - [unknown:unknown:0] -
Logging service initialized - log rotation: 9.5MB max, backup count: 100, cleanup scheduled via cron service at 02:00 AM daily (14 days retention)


2026-02-19 00:23:40 UTC - email_service - INFO - [email_service.py:__init__:36] -
Email service initialized


