2025-12-28 23:27:32 UTC - cron_service - INFO - [unknown:unknown:0] -
Logging service initialized - log rotation: 9.5MB max, backup count: 100, cleanup scheduled via cron service at 02:00 AM daily (14 days retention)

2025-12-28 23:27:32 UTC - cron_service - INFO - [main.py:<module>:138] -
Arrr! Starting cron service...

2025-12-28 23:27:32 UTC - cron_service - INFO - [scheduler.py:setup_jobs:31] -
Arrr! TEST: Weekly combinations job scheduled to run at 21:29 UTC (in 2 minutes)!
Context:
  test_time_utc: 21:29
  current_time_utc: 2025-12-28T21:27:32.744536+00:00
  timestamp: 2025-12-28T21:27:32.745314

2025-12-28 23:27:32 UTC - cron_service - INFO - [scheduler.py:setup_jobs:74] -
Arrr! All jobs scheduled successfully!
Context:
  current_time_utc: 2025-12-28T21:27:32.746039+00:00
  scheduled_jobs: 5
  timestamp: 2025-12-28T21:27:32.746571

2025-12-28 23:27:32 UTC - cron_service - INFO - [scheduler.py:setup_jobs:97] -
Arrr! Job scheduled: generate-weekly-combinations
Context:
  job_name: generate-weekly-combinations
  next_run_utc: 2025-12-28T21:29:00+00:00
  days_until_run: 0
  hours_until_run: 0
  timestamp: 2025-12-28T21:27:32.747658

2025-12-28 23:27:32 UTC - cron_service - INFO - [scheduler.py:setup_jobs:97] -
Arrr! Job scheduled: fetch-latest-draw
Context:
  job_name: fetch-latest-draw
  next_run_utc: 2025-12-29T03:00:00+00:00
  days_until_run: 0
  hours_until_run: 5
  timestamp: 2025-12-28T21:27:32.748652

2025-12-28 23:27:32 UTC - cron_service - INFO - [scheduler.py:setup_jobs:97] -
Arrr! Job scheduled: best-model-tables-and-email
Context:
  job_name: best-model-tables-and-email
  next_run_utc: 2026-01-04T14:00:00+00:00
  days_until_run: 6
  hours_until_run: 160
  timestamp: 2025-12-28T21:27:32.749604

2025-12-28 23:27:32 UTC - cron_service - INFO - [scheduler.py:setup_jobs:97] -
Arrr! Job scheduled: cleanup-system
Context:
  job_name: cleanup-system
  next_run_utc: 2025-12-29T02:00:00+00:00
  days_until_run: 0
  hours_until_run: 4
  timestamp: 2025-12-28T21:27:32.750512

2025-12-28 23:27:32 UTC - cron_service - INFO - [scheduler.py:setup_jobs:97] -
Arrr! Job scheduled: backup-database
Context:
  job_name: backup-database
  next_run_utc: 2026-01-04T02:00:00+00:00
  days_until_run: 6
  hours_until_run: 148
  timestamp: 2025-12-28T21:27:32.751481

2025-12-28 23:27:32 UTC - cron_service - INFO - [scheduler.py:run_scheduler:270] -
Arrr! Scheduler thread started!
Context:
  current_time_utc: 2025-12-28T21:27:32.752293+00:00
  scheduled_jobs_count: 5
  timestamp: 2025-12-28T21:27:32.763666

2025-12-28 23:27:36 UTC - cron_service - INFO - [unknown:unknown:0] -
Logging service initialized - log rotation: 9.5MB max, backup count: 100, cleanup scheduled via cron service at 02:00 AM daily (14 days retention)

2025-12-28 23:27:36 UTC - cron_service - INFO - [main.py:<module>:138] -
Arrr! Starting cron service...

2025-12-28 23:27:36 UTC - cron_service - INFO - [scheduler.py:setup_jobs:31] -
Arrr! TEST: Weekly combinations job scheduled to run at 21:29 UTC (in 2 minutes)!
Context:
  test_time_utc: 21:29
  current_time_utc: 2025-12-28T21:27:36.227317+00:00
  timestamp: 2025-12-28T21:27:36.228063

2025-12-28 23:27:36 UTC - cron_service - INFO - [scheduler.py:setup_jobs:74] -
Arrr! All jobs scheduled successfully!
Context:
  current_time_utc: 2025-12-28T21:27:36.228761+00:00
  scheduled_jobs: 5
  timestamp: 2025-12-28T21:27:36.229303

2025-12-28 23:27:36 UTC - cron_service - INFO - [scheduler.py:setup_jobs:97] -
Arrr! Job scheduled: generate-weekly-combinations
Context:
  job_name: generate-weekly-combinations
  next_run_utc: 2025-12-28T21:29:00+00:00
  days_until_run: 0
  hours_until_run: 0
  timestamp: 2025-12-28T21:27:36.230217

2025-12-28 23:27:36 UTC - cron_service - INFO - [scheduler.py:setup_jobs:97] -
Arrr! Job scheduled: fetch-latest-draw
Context:
  job_name: fetch-latest-draw
  next_run_utc: 2025-12-29T03:00:00+00:00
  days_until_run: 0
  hours_until_run: 5
  timestamp: 2025-12-28T21:27:36.231115

2025-12-28 23:27:36 UTC - cron_service - INFO - [scheduler.py:setup_jobs:97] -
Arrr! Job scheduled: best-model-tables-and-email
Context:
  job_name: best-model-tables-and-email
  next_run_utc: 2026-01-04T14:00:00+00:00
  days_until_run: 6
  hours_until_run: 160
  timestamp: 2025-12-28T21:27:36.231935

2025-12-28 23:27:36 UTC - cron_service - INFO - [scheduler.py:setup_jobs:97] -
Arrr! Job scheduled: cleanup-system
Context:
  job_name: cleanup-system
  next_run_utc: 2025-12-29T02:00:00+00:00
  days_until_run: 0
  hours_until_run: 4
  timestamp: 2025-12-28T21:27:36.232743

2025-12-28 23:27:36 UTC - cron_service - INFO - [scheduler.py:setup_jobs:97] -
Arrr! Job scheduled: backup-database
Context:
  job_name: backup-database
  next_run_utc: 2026-01-04T02:00:00+00:00
  days_until_run: 6
  hours_until_run: 148
  timestamp: 2025-12-28T21:27:36.233725

2025-12-28 23:27:36 UTC - cron_service - INFO - [scheduler.py:run_scheduler:270] -
Arrr! Scheduler thread started!
Context:
  current_time_utc: 2025-12-28T21:27:36.234482+00:00
  scheduled_jobs_count: 5
  timestamp: 2025-12-28T21:27:36.238696

2025-12-28 23:29:36 UTC - cron_service - INFO - [scheduler.py:_run_job_with_error_handling:111] -
Arrr! Starting scheduled job: generate-weekly-combinations
Context:
  job_name: generate-weekly-combinations
  triggered_at_utc: 2025-12-28T21:29:36.240315+00:00
  timestamp: 2025-12-28T21:29:36.244554

2025-12-28 23:29:36 UTC - cron_service - INFO - [api_endpoints.py:call_backend_endpoint:28] -
Arrr! Attempting to call backend endpoint: http://backend:8000/cron/generate-weekly-combinations (attempt 1/3)

2025-12-28 23:29:46 UTC - cron_service - WARNING - [api_endpoints.py:call_backend_endpoint:37] -
Arrr! Backend health check failed (attempt 1/3), retrying...
Context:
  error: HTTPConnectionPool(host='backend', port=8000): Read timed out. (read timeout=10)
  url: http://backend:8000/health
  retry_in_seconds: 5
  timestamp: 2025-12-28T21:29:46.260223

2025-12-28 23:29:51 UTC - cron_service - INFO - [api_endpoints.py:call_backend_endpoint:28] -
Arrr! Attempting to call backend endpoint: http://backend:8000/cron/generate-weekly-combinations (attempt 2/3)

2025-12-28 23:30:01 UTC - cron_service - WARNING - [api_endpoints.py:call_backend_endpoint:37] -
Arrr! Backend health check failed (attempt 2/3), retrying...
Context:
  error: HTTPConnectionPool(host='backend', port=8000): Read timed out. (read timeout=10)
  url: http://backend:8000/health
  retry_in_seconds: 5
  timestamp: 2025-12-28T21:30:01.267475

2025-12-28 23:30:06 UTC - cron_service - INFO - [api_endpoints.py:call_backend_endpoint:28] -
Arrr! Attempting to call backend endpoint: http://backend:8000/cron/generate-weekly-combinations (attempt 3/3)

2025-12-28 23:30:16 UTC - cron_service - ERROR - [api_endpoints.py:call_backend_endpoint:48] -
Arrr! Backend health check failed after all retries!
Context:
  error: HTTPConnectionPool(host='backend', port=8000): Read timed out. (read timeout=10)
  url: http://backend:8000/health
  total_attempts: 3
  timestamp: 2025-12-28T21:30:16.282235

2025-12-28 23:30:16 UTC - cron_service - ERROR - [api_endpoints.py:call_backend_endpoint:153] -
Arrr! Timeout calling endpoint after all retries!
Context:
  error: HTTPConnectionPool(host='backend', port=8000): Read timed out. (read timeout=10)
  endpoint: /cron/generate-weekly-combinations
  backend_url: http://backend:8000
  total_attempts: 3
  timestamp: 2025-12-28T21:30:16.285340

2025-12-28 23:30:16 UTC - cron_service - ERROR - [error_handler.py:handle_job_error:28] -
Arrr! Cron job 'generate-weekly-combinations' failed!
Context:
  job_name: generate-weekly-combinations
  error: HTTPConnectionPool(host='backend', port=8000): Read timed out. (read timeout=10)
  error_type: ReadTimeout
  traceback: Traceback (most recent call last):
  File "/usr/local/lib/python3.11/site-packages/urllib3/connectionpool.py", line 534, in _make_request
    response = conn.getresponse()
               ^^^^^^^^^^^^^^^^^^
  File "/usr/local/lib/python3.11/site-packages/urllib3/connection.py", line 565, in getresponse
    httplib_response = super().getresponse()
                       ^^^^^^^^^^^^^^^^^^^^^
  File "/usr/local/lib/python3.11/http/client.py", line 1395, in getresponse
    response.begin()
  File "/usr/local/lib/python3.11/http/client.py", line 325, in begin
    version, status, reason = self._read_status()
                              ^^^^^^^^^^^^^^^^^^^
  File "/usr/local/lib/python3.11/http/client.py", line 286, in _read_status
    line = str(self.fp.readline(_MAXLINE + 1), "iso-8859-1")
               ^^^^^^^^^^^^^^^^^^^^^^^^^^^^^^
  File "/usr/local/lib/python3.11/socket.py", line 718, in readinto
    return self._sock.recv_into(b)
           ^^^^^^^^^^^^^^^^^^^^^^^
TimeoutError: timed out

The above exception was the direct cause of the following exception:

Traceback (most recent call last):
  File "/usr/local/lib/python3.11/site-packages/requests/adapters.py", line 486, in send
    resp = conn.urlopen(
           ^^^^^^^^^^^^^
  File "/usr/local/lib/python3.11/site-packages/urllib3/connectionpool.py", line 841, in urlopen
    retries = retries.increment(
              ^^^^^^^^^^^^^^^^^^
  File "/usr/local/lib/python3.11/site-packages/urllib3/util/retry.py", line 474, in increment
    raise reraise(type(error), error, _stacktrace)
          ^^^^^^^^^^^^^^^^^^^^^^^^^^^^^^^^^^^^^^^^
  File "/usr/local/lib/python3.11/site-packages/urllib3/util/util.py", line 39, in reraise
    raise value
  File "/usr/local/lib/python3.11/site-packages/urllib3/connectionpool.py", line 787, in urlopen
    response = self._make_request(
               ^^^^^^^^^^^^^^^^^^^
  File "/usr/local/lib/python3.11/site-packages/urllib3/connectionpool.py", line 536, in _make_request
    self._raise_timeout(err=e, url=url, timeout_value=read_timeout)
  File "/usr/local/lib/python3.11/site-packages/urllib3/connectionpool.py", line 367, in _raise_timeout
    raise ReadTimeoutError(
urllib3.exceptions.ReadTimeoutError: HTTPConnectionPool(host='backend', port=8000): Read timed out. (read timeout=10)

During handling of the above exception, another exception occurred:

Traceback (most recent call last):
  File "/app/cron/scheduler.py", line 117, in _run_job_with_error_handling
    job_function()
  File "/app/cron/scheduler.py", line 28, in <lambda>
    lambda: call_backend_endpoint("/cron/generate-weekly-combinations", last_successful_job),
            ^^^^^^^^^^^^^^^^^^^^^^^^^^^^^^^^^^^^^^^^^^^^^^^^^^^^^^^^^^^^^^^^^^^^^^^^^^^^^^^^
  File "/app/cron/api_endpoints.py", line 32, in call_backend_endpoint
    health_check = requests.get(f"{backend_url}/health", timeout=10)
                   ^^^^^^^^^^^^^^^^^^^^^^^^^^^^^^^^^^^^^^^^^^^^^^^^^
  File "/usr/local/lib/python3.11/site-packages/requests/api.py", line 73, in get
    return request("get", url, params=params, **kwargs)
           ^^^^^^^^^^^^^^^^^^^^^^^^^^^^^^^^^^^^^^^^^^^^
  File "/usr/local/lib/python3.11/site-packages/requests/api.py", line 59, in request
    return session.request(method=method, url=url, **kwargs)
           ^^^^^^^^^^^^^^^^^^^^^^^^^^^^^^^^^^^^^^^^^^^^^^^^^
  File "/usr/local/lib/python3.11/site-packages/requests/sessions.py", line 589, in request
    resp = self.send(prep, **send_kwargs)
           ^^^^^^^^^^^^^^^^^^^^^^^^^^^^^^
  File "/usr/local/lib/python3.11/site-packages/requests/sessions.py", line 703, in send
    r = adapter.send(request, **kwargs)
        ^^^^^^^^^^^^^^^^^^^^^^^^^^^^^^^
  File "/usr/local/lib/python3.11/site-packages/requests/adapters.py", line 532, in send
    raise ReadTimeout(e, request=request)
requests.exceptions.ReadTimeout: HTTPConnectionPool(host='backend', port=8000): Read timed out. (read timeout=10)

  context:
    last_successful_job: None
    scheduled_time: 2025-12-28T21:30:16.285942
    job_type: scheduled
    failure_count: 1
  timestamp: 2025-12-28T21:30:16.328846

2025-12-28 23:30:18 UTC - cron_service - INFO - [error_handler.py:_send_error_notification:72] -
Arrr! Error notification sent for job 'generate-weekly-combinations'
Context:
  job_name: generate-weekly-combinations
  timestamp: 2025-12-28T21:30:18.969174

2025-12-28 23:30:18 UTC - cron_service - ERROR - [scheduler.py:run_scheduler:316] -
Arrr! Error in scheduler loop!
Context:
  error: HTTPConnectionPool(host='backend', port=8000): Read timed out. (read timeout=10)
  consecutive_errors: 1
  max_consecutive_errors: 5
  timestamp: 2025-12-28T21:30:18.970552

2025-12-28 23:31:18 UTC - cron_service - INFO - [scheduler.py:_run_job_with_error_handling:111] -
Arrr! Starting scheduled job: generate-weekly-combinations
Context:
  job_name: generate-weekly-combinations
  triggered_at_utc: 2025-12-28T21:31:18.971867+00:00
  timestamp: 2025-12-28T21:31:18.972867

2025-12-28 23:31:18 UTC - cron_service - INFO - [api_endpoints.py:call_backend_endpoint:28] -
Arrr! Attempting to call backend endpoint: http://backend:8000/cron/generate-weekly-combinations (attempt 1/3)

2025-12-28 23:31:28 UTC - cron_service - WARNING - [api_endpoints.py:call_backend_endpoint:37] -
Arrr! Backend health check failed (attempt 1/3), retrying...
Context:
  error: HTTPConnectionPool(host='backend', port=8000): Read timed out. (read timeout=10)
  url: http://backend:8000/health
  retry_in_seconds: 5
  timestamp: 2025-12-28T21:31:28.986957

2025-12-28 23:31:33 UTC - cron_service - INFO - [api_endpoints.py:call_backend_endpoint:28] -
Arrr! Attempting to call backend endpoint: http://backend:8000/cron/generate-weekly-combinations (attempt 2/3)

2025-12-28 23:31:44 UTC - cron_service - WARNING - [api_endpoints.py:call_backend_endpoint:37] -
Arrr! Backend health check failed (attempt 2/3), retrying...
Context:
  error: HTTPConnectionPool(host='backend', port=8000): Read timed out. (read timeout=10)
  url: http://backend:8000/health
  retry_in_seconds: 5
  timestamp: 2025-12-28T21:31:44.000282

2025-12-28 23:31:49 UTC - cron_service - INFO - [api_endpoints.py:call_backend_endpoint:28] -
Arrr! Attempting to call backend endpoint: http://backend:8000/cron/generate-weekly-combinations (attempt 3/3)

2025-12-28 23:31:59 UTC - cron_service - ERROR - [api_endpoints.py:call_backend_endpoint:48] -
Arrr! Backend health check failed after all retries!
Context:
  error: HTTPConnectionPool(host='backend', port=8000): Read timed out. (read timeout=10)
  url: http://backend:8000/health
  total_attempts: 3
  timestamp: 2025-12-28T21:31:59.020660

2025-12-28 23:31:59 UTC - cron_service - ERROR - [api_endpoints.py:call_backend_endpoint:153] -
Arrr! Timeout calling endpoint after all retries!
Context:
  error: HTTPConnectionPool(host='backend', port=8000): Read timed out. (read timeout=10)
  endpoint: /cron/generate-weekly-combinations
  backend_url: http://backend:8000
  total_attempts: 3
  timestamp: 2025-12-28T21:31:59.027832

2025-12-28 23:31:59 UTC - cron_service - ERROR - [error_handler.py:handle_job_error:28] -
Arrr! Cron job 'generate-weekly-combinations' failed!
Context:
  job_name: generate-weekly-combinations
  error: HTTPConnectionPool(host='backend', port=8000): Read timed out. (read timeout=10)
  error_type: ReadTimeout
  traceback: Traceback (most recent call last):
  File "/usr/local/lib/python3.11/site-packages/urllib3/connectionpool.py", line 534, in _make_request
    response = conn.getresponse()
               ^^^^^^^^^^^^^^^^^^
  File "/usr/local/lib/python3.11/site-packages/urllib3/connection.py", line 565, in getresponse
    httplib_response = super().getresponse()
                       ^^^^^^^^^^^^^^^^^^^^^
  File "/usr/local/lib/python3.11/http/client.py", line 1395, in getresponse
    response.begin()
  File "/usr/local/lib/python3.11/http/client.py", line 325, in begin
    version, status, reason = self._read_status()
                              ^^^^^^^^^^^^^^^^^^^
  File "/usr/local/lib/python3.11/http/client.py", line 286, in _read_status
    line = str(self.fp.readline(_MAXLINE + 1), "iso-8859-1")
               ^^^^^^^^^^^^^^^^^^^^^^^^^^^^^^
  File "/usr/local/lib/python3.11/socket.py", line 718, in readinto
    return self._sock.recv_into(b)
           ^^^^^^^^^^^^^^^^^^^^^^^
TimeoutError: timed out

The above exception was the direct cause of the following exception:

Traceback (most recent call last):
  File "/usr/local/lib/python3.11/site-packages/requests/adapters.py", line 486, in send
    resp = conn.urlopen(
           ^^^^^^^^^^^^^
  File "/usr/local/lib/python3.11/site-packages/urllib3/connectionpool.py", line 841, in urlopen
    retries = retries.increment(
              ^^^^^^^^^^^^^^^^^^
  File "/usr/local/lib/python3.11/site-packages/urllib3/util/retry.py", line 474, in increment
    raise reraise(type(error), error, _stacktrace)
          ^^^^^^^^^^^^^^^^^^^^^^^^^^^^^^^^^^^^^^^^
  File "/usr/local/lib/python3.11/site-packages/urllib3/util/util.py", line 39, in reraise
    raise value
  File "/usr/local/lib/python3.11/site-packages/urllib3/connectionpool.py", line 787, in urlopen
    response = self._make_request(
               ^^^^^^^^^^^^^^^^^^^
  File "/usr/local/lib/python3.11/site-packages/urllib3/connectionpool.py", line 536, in _make_request
    self._raise_timeout(err=e, url=url, timeout_value=read_timeout)
  File "/usr/local/lib/python3.11/site-packages/urllib3/connectionpool.py", line 367, in _raise_timeout
    raise ReadTimeoutError(
urllib3.exceptions.ReadTimeoutError: HTTPConnectionPool(host='backend', port=8000): Read timed out. (read timeout=10)

During handling of the above exception, another exception occurred:

Traceback (most recent call last):
  File "/app/cron/scheduler.py", line 117, in _run_job_with_error_handling
    job_function()
  File "/app/cron/scheduler.py", line 28, in <lambda>
    lambda: call_backend_endpoint("/cron/generate-weekly-combinations", last_successful_job),
            ^^^^^^^^^^^^^^^^^^^^^^^^^^^^^^^^^^^^^^^^^^^^^^^^^^^^^^^^^^^^^^^^^^^^^^^^^^^^^^^^
  File "/app/cron/api_endpoints.py", line 32, in call_backend_endpoint
    health_check = requests.get(f"{backend_url}/health", timeout=10)
                   ^^^^^^^^^^^^^^^^^^^^^^^^^^^^^^^^^^^^^^^^^^^^^^^^^
  File "/usr/local/lib/python3.11/site-packages/requests/api.py", line 73, in get
    return request("get", url, params=params, **kwargs)
           ^^^^^^^^^^^^^^^^^^^^^^^^^^^^^^^^^^^^^^^^^^^^
  File "/usr/local/lib/python3.11/site-packages/requests/api.py", line 59, in request
    return session.request(method=method, url=url, **kwargs)
           ^^^^^^^^^^^^^^^^^^^^^^^^^^^^^^^^^^^^^^^^^^^^^^^^^
  File "/usr/local/lib/python3.11/site-packages/requests/sessions.py", line 589, in request
    resp = self.send(prep, **send_kwargs)
           ^^^^^^^^^^^^^^^^^^^^^^^^^^^^^^
  File "/usr/local/lib/python3.11/site-packages/requests/sessions.py", line 703, in send
    r = adapter.send(request, **kwargs)
        ^^^^^^^^^^^^^^^^^^^^^^^^^^^^^^^
  File "/usr/local/lib/python3.11/site-packages/requests/adapters.py", line 532, in send
    raise ReadTimeout(e, request=request)
requests.exceptions.ReadTimeout: HTTPConnectionPool(host='backend', port=8000): Read timed out. (read timeout=10)

  context:
    last_successful_job: None
    scheduled_time: 2025-12-28T21:31:59.030287
    job_type: scheduled
    failure_count: 2
  timestamp: 2025-12-28T21:31:59.041417

2025-12-28 23:32:01 UTC - cron_service - INFO - [error_handler.py:_send_error_notification:72] -
Arrr! Error notification sent for job 'generate-weekly-combinations'
Context:
  job_name: generate-weekly-combinations
  timestamp: 2025-12-28T21:32:01.645772

2025-12-28 23:32:01 UTC - cron_service - ERROR - [scheduler.py:run_scheduler:316] -
Arrr! Error in scheduler loop!
Context:
  error: HTTPConnectionPool(host='backend', port=8000): Read timed out. (read timeout=10)
  consecutive_errors: 2
  max_consecutive_errors: 5
  timestamp: 2025-12-28T21:32:01.646979

2025-12-28 23:33:01 UTC - cron_service - INFO - [scheduler.py:_run_job_with_error_handling:111] -
Arrr! Starting scheduled job: generate-weekly-combinations
Context:
  job_name: generate-weekly-combinations
  triggered_at_utc: 2025-12-28T21:33:01.648123+00:00
  timestamp: 2025-12-28T21:33:01.649375

2025-12-28 23:33:01 UTC - cron_service - INFO - [api_endpoints.py:call_backend_endpoint:28] -
Arrr! Attempting to call backend endpoint: http://backend:8000/cron/generate-weekly-combinations (attempt 1/3)

2025-12-28 23:33:11 UTC - cron_service - WARNING - [api_endpoints.py:call_backend_endpoint:37] -
Arrr! Backend health check failed (attempt 1/3), retrying...
Context:
  error: HTTPConnectionPool(host='backend', port=8000): Read timed out. (read timeout=10)
  url: http://backend:8000/health
  retry_in_seconds: 5
  timestamp: 2025-12-28T21:33:11.664536

2025-12-28 23:33:16 UTC - cron_service - INFO - [api_endpoints.py:call_backend_endpoint:28] -
Arrr! Attempting to call backend endpoint: http://backend:8000/cron/generate-weekly-combinations (attempt 2/3)

2025-12-28 23:33:26 UTC - cron_service - WARNING - [api_endpoints.py:call_backend_endpoint:37] -
Arrr! Backend health check failed (attempt 2/3), retrying...
Context:
  error: HTTPConnectionPool(host='backend', port=8000): Read timed out. (read timeout=10)
  url: http://backend:8000/health
  retry_in_seconds: 5
  timestamp: 2025-12-28T21:33:26.677519

2025-12-28 23:33:31 UTC - cron_service - INFO - [api_endpoints.py:call_backend_endpoint:28] -
Arrr! Attempting to call backend endpoint: http://backend:8000/cron/generate-weekly-combinations (attempt 3/3)

2025-12-28 23:33:41 UTC - cron_service - ERROR - [api_endpoints.py:call_backend_endpoint:48] -
Arrr! Backend health check failed after all retries!
Context:
  error: HTTPConnectionPool(host='backend', port=8000): Read timed out. (read timeout=10)
  url: http://backend:8000/health
  total_attempts: 3
  timestamp: 2025-12-28T21:33:41.695633

2025-12-28 23:33:41 UTC - cron_service - ERROR - [api_endpoints.py:call_backend_endpoint:153] -
Arrr! Timeout calling endpoint after all retries!
Context:
  error: HTTPConnectionPool(host='backend', port=8000): Read timed out. (read timeout=10)
  endpoint: /cron/generate-weekly-combinations
  backend_url: http://backend:8000
  total_attempts: 3
  timestamp: 2025-12-28T21:33:41.698153

2025-12-28 23:33:41 UTC - cron_service - ERROR - [scheduler.py:run_scheduler:316] -
Arrr! Error in scheduler loop!
Context:
  error: can't subtract offset-naive and offset-aware datetimes
  consecutive_errors: 3
  max_consecutive_errors: 5
  timestamp: 2025-12-28T21:33:41.699652

2025-12-28 23:34:41 UTC - cron_service - INFO - [scheduler.py:_run_job_with_error_handling:111] -
Arrr! Starting scheduled job: generate-weekly-combinations
Context:
  job_name: generate-weekly-combinations
  triggered_at_utc: 2025-12-28T21:34:41.700424+00:00
  timestamp: 2025-12-28T21:34:41.702147

2025-12-28 23:34:41 UTC - cron_service - INFO - [api_endpoints.py:call_backend_endpoint:28] -
Arrr! Attempting to call backend endpoint: http://backend:8000/cron/generate-weekly-combinations (attempt 1/3)

2025-12-28 23:34:51 UTC - cron_service - WARNING - [api_endpoints.py:call_backend_endpoint:37] -
Arrr! Backend health check failed (attempt 1/3), retrying...
Context:
  error: HTTPConnectionPool(host='backend', port=8000): Read timed out. (read timeout=10)
  url: http://backend:8000/health
  retry_in_seconds: 5
  timestamp: 2025-12-28T21:34:51.718389

2025-12-28 23:34:56 UTC - cron_service - INFO - [api_endpoints.py:call_backend_endpoint:28] -
Arrr! Attempting to call backend endpoint: http://backend:8000/cron/generate-weekly-combinations (attempt 2/3)

2025-12-28 23:35:06 UTC - cron_service - WARNING - [api_endpoints.py:call_backend_endpoint:37] -
Arrr! Backend health check failed (attempt 2/3), retrying...
Context:
  error: HTTPConnectionPool(host='backend', port=8000): Read timed out. (read timeout=10)
  url: http://backend:8000/health
  retry_in_seconds: 5
  timestamp: 2025-12-28T21:35:06.732487

2025-12-28 23:35:11 UTC - cron_service - INFO - [api_endpoints.py:call_backend_endpoint:28] -
Arrr! Attempting to call backend endpoint: http://backend:8000/cron/generate-weekly-combinations (attempt 3/3)

2025-12-28 23:35:21 UTC - cron_service - ERROR - [api_endpoints.py:call_backend_endpoint:48] -
Arrr! Backend health check failed after all retries!
Context:
  error: HTTPConnectionPool(host='backend', port=8000): Read timed out. (read timeout=10)
  url: http://backend:8000/health
  total_attempts: 3
  timestamp: 2025-12-28T21:35:21.748484

2025-12-28 23:35:21 UTC - cron_service - ERROR - [api_endpoints.py:call_backend_endpoint:153] -
Arrr! Timeout calling endpoint after all retries!
Context:
  error: HTTPConnectionPool(host='backend', port=8000): Read timed out. (read timeout=10)
  endpoint: /cron/generate-weekly-combinations
  backend_url: http://backend:8000
  total_attempts: 3
  timestamp: 2025-12-28T21:35:21.750763

2025-12-28 23:35:21 UTC - cron_service - ERROR - [scheduler.py:run_scheduler:316] -
Arrr! Error in scheduler loop!
Context:
  error: can't subtract offset-naive and offset-aware datetimes
  consecutive_errors: 4
  max_consecutive_errors: 5
  timestamp: 2025-12-28T21:35:21.752109

2025-12-28 23:36:21 UTC - cron_service - INFO - [scheduler.py:_run_job_with_error_handling:111] -
Arrr! Starting scheduled job: generate-weekly-combinations
Context:
  job_name: generate-weekly-combinations
  triggered_at_utc: 2025-12-28T21:36:21.753798+00:00
  timestamp: 2025-12-28T21:36:21.756338

2025-12-28 23:36:21 UTC - cron_service - INFO - [api_endpoints.py:call_backend_endpoint:28] -
Arrr! Attempting to call backend endpoint: http://backend:8000/cron/generate-weekly-combinations (attempt 1/3)

2025-12-28 23:36:31 UTC - cron_service - WARNING - [api_endpoints.py:call_backend_endpoint:37] -
Arrr! Backend health check failed (attempt 1/3), retrying...
Context:
  error: HTTPConnectionPool(host='backend', port=8000): Read timed out. (read timeout=10)
  url: http://backend:8000/health
  retry_in_seconds: 5
  timestamp: 2025-12-28T21:36:31.788741

2025-12-28 23:36:36 UTC - cron_service - INFO - [api_endpoints.py:call_backend_endpoint:28] -
Arrr! Attempting to call backend endpoint: http://backend:8000/cron/generate-weekly-combinations (attempt 2/3)

2025-12-28 23:36:46 UTC - cron_service - WARNING - [api_endpoints.py:call_backend_endpoint:37] -
Arrr! Backend health check failed (attempt 2/3), retrying...
Context:
  error: HTTPConnectionPool(host='backend', port=8000): Read timed out. (read timeout=10)
  url: http://backend:8000/health
  retry_in_seconds: 5
  timestamp: 2025-12-28T21:36:46.810745

2025-12-28 23:36:51 UTC - cron_service - INFO - [api_endpoints.py:call_backend_endpoint:28] -
Arrr! Attempting to call backend endpoint: http://backend:8000/cron/generate-weekly-combinations (attempt 3/3)

2025-12-28 23:37:01 UTC - cron_service - ERROR - [api_endpoints.py:call_backend_endpoint:48] -
Arrr! Backend health check failed after all retries!
Context:
  error: HTTPConnectionPool(host='backend', port=8000): Read timed out. (read timeout=10)
  url: http://backend:8000/health
  total_attempts: 3
  timestamp: 2025-12-28T21:37:01.827746

2025-12-28 23:37:01 UTC - cron_service - ERROR - [api_endpoints.py:call_backend_endpoint:153] -
Arrr! Timeout calling endpoint after all retries!
Context:
  error: HTTPConnectionPool(host='backend', port=8000): Read timed out. (read timeout=10)
  endpoint: /cron/generate-weekly-combinations
  backend_url: http://backend:8000
  total_attempts: 3
  timestamp: 2025-12-28T21:37:01.830556

2025-12-28 23:37:01 UTC - cron_service - ERROR - [scheduler.py:run_scheduler:316] -
Arrr! Error in scheduler loop!
Context:
  error: can't subtract offset-naive and offset-aware datetimes
  consecutive_errors: 5
  max_consecutive_errors: 5
  timestamp: 2025-12-28T21:37:01.831843

2025-12-28 23:38:01 UTC - cron_service - INFO - [scheduler.py:_run_job_with_error_handling:111] -
Arrr! Starting scheduled job: generate-weekly-combinations
Context:
  job_name: generate-weekly-combinations
  triggered_at_utc: 2025-12-28T21:38:01.832545+00:00
  timestamp: 2025-12-28T21:38:01.833785

2025-12-28 23:38:01 UTC - cron_service - INFO - [api_endpoints.py:call_backend_endpoint:28] -
Arrr! Attempting to call backend endpoint: http://backend:8000/cron/generate-weekly-combinations (attempt 1/3)

2025-12-28 23:38:11 UTC - cron_service - WARNING - [api_endpoints.py:call_backend_endpoint:37] -
Arrr! Backend health check failed (attempt 1/3), retrying...
Context:
  error: HTTPConnectionPool(host='backend', port=8000): Read timed out. (read timeout=10)
  url: http://backend:8000/health
  retry_in_seconds: 5
  timestamp: 2025-12-28T21:38:11.851821

2025-12-28 23:38:16 UTC - cron_service - INFO - [api_endpoints.py:call_backend_endpoint:28] -
Arrr! Attempting to call backend endpoint: http://backend:8000/cron/generate-weekly-combinations (attempt 2/3)

2025-12-28 23:38:26 UTC - cron_service - WARNING - [api_endpoints.py:call_backend_endpoint:37] -
Arrr! Backend health check failed (attempt 2/3), retrying...
Context:
  error: HTTPConnectionPool(host='backend', port=8000): Read timed out. (read timeout=10)
  url: http://backend:8000/health
  retry_in_seconds: 5
  timestamp: 2025-12-28T21:38:26.863859

2025-12-28 23:38:31 UTC - cron_service - INFO - [api_endpoints.py:call_backend_endpoint:28] -
Arrr! Attempting to call backend endpoint: http://backend:8000/cron/generate-weekly-combinations (attempt 3/3)

2025-12-28 23:38:41 UTC - cron_service - ERROR - [api_endpoints.py:call_backend_endpoint:48] -
Arrr! Backend health check failed after all retries!
Context:
  error: HTTPConnectionPool(host='backend', port=8000): Read timed out. (read timeout=10)
  url: http://backend:8000/health
  total_attempts: 3
  timestamp: 2025-12-28T21:38:41.880671

2025-12-28 23:38:41 UTC - cron_service - ERROR - [api_endpoints.py:call_backend_endpoint:153] -
Arrr! Timeout calling endpoint after all retries!
Context:
  error: HTTPConnectionPool(host='backend', port=8000): Read timed out. (read timeout=10)
  endpoint: /cron/generate-weekly-combinations
  backend_url: http://backend:8000
  total_attempts: 3
  timestamp: 2025-12-28T21:38:41.883665

2025-12-28 23:44:59 UTC - cron_service - ERROR - [api_endpoints.py:health_check_endpoint:238] -
Health check failed - backend connection error
Context:
  error: ('Connection aborted.', ConnectionResetError(104, 'Connection reset by peer'))
  timestamp: 2025-12-28T21:44:59.416485

2025-12-28 23:44:59 UTC - cron_service - ERROR - [api_endpoints.py:health_check_endpoint:238] -
Health check failed - backend connection error
Context:
  error: HTTPConnectionPool(host='backend', port=8000): Max retries exceeded with url: /health (Caused by NewConnectionError('<urllib3.connection.HTTPConnection object at 0x7ff1bb1db610>: Failed to establish a new connection: [Errno 111] Connection refused'))
  timestamp: 2025-12-28T21:44:59.450379

2025-12-28 23:44:59 UTC - cron_service - ERROR - [api_endpoints.py:health_check_endpoint:238] -
Health check failed - backend connection error
Context:
  error: HTTPConnectionPool(host='backend', port=8000): Max retries exceeded with url: /health (Caused by NewConnectionError('<urllib3.connection.HTTPConnection object at 0x7ff1bb1db910>: Failed to establish a new connection: [Errno 111] Connection refused'))
  timestamp: 2025-12-28T21:44:59.457363

2025-12-28 23:44:59 UTC - cron_service - ERROR - [api_endpoints.py:health_check_endpoint:238] -
Health check failed - backend connection error
Context:
  error: HTTPConnectionPool(host='backend', port=8000): Max retries exceeded with url: /health (Caused by NewConnectionError('<urllib3.connection.HTTPConnection object at 0x7ff1bb1fe110>: Failed to establish a new connection: [Errno 111] Connection refused'))
  timestamp: 2025-12-28T21:44:59.462399

2025-12-28 23:44:59 UTC - cron_service - ERROR - [api_endpoints.py:health_check_endpoint:238] -
Health check failed - backend connection error
Context:
  error: HTTPConnectionPool(host='backend', port=8000): Max retries exceeded with url: /health (Caused by NewConnectionError('<urllib3.connection.HTTPConnection object at 0x7ff1bb201690>: Failed to establish a new connection: [Errno 111] Connection refused'))
  timestamp: 2025-12-28T21:44:59.469190

2025-12-28 23:44:59 UTC - cron_service - ERROR - [api_endpoints.py:health_check_endpoint:238] -
Health check failed - backend connection error
Context:
  error: HTTPConnectionPool(host='backend', port=8000): Max retries exceeded with url: /health (Caused by NewConnectionError('<urllib3.connection.HTTPConnection object at 0x7ff1bb1fea90>: Failed to establish a new connection: [Errno 111] Connection refused'))
  timestamp: 2025-12-28T21:44:59.474670

2025-12-28 23:44:59 UTC - cron_service - ERROR - [api_endpoints.py:health_check_endpoint:238] -
Health check failed - backend connection error
Context:
  error: HTTPConnectionPool(host='backend', port=8000): Max retries exceeded with url: /health (Caused by NewConnectionError('<urllib3.connection.HTTPConnection object at 0x7ff1bb1dba10>: Failed to establish a new connection: [Errno 111] Connection refused'))
  timestamp: 2025-12-28T21:44:59.485308

2025-12-28 23:44:59 UTC - cron_service - ERROR - [api_endpoints.py:health_check_endpoint:238] -
Health check failed - backend connection error
Context:
  error: HTTPConnectionPool(host='backend', port=8000): Max retries exceeded with url: /health (Caused by NewConnectionError('<urllib3.connection.HTTPConnection object at 0x7ff1bb2a3f50>: Failed to establish a new connection: [Errno 111] Connection refused'))
  timestamp: 2025-12-28T21:44:59.493236

2025-12-28 23:44:59 UTC - cron_service - ERROR - [api_endpoints.py:health_check_endpoint:238] -
Health check failed - backend connection error
Context:
  error: HTTPConnectionPool(host='backend', port=8000): Max retries exceeded with url: /health (Caused by NewConnectionError('<urllib3.connection.HTTPConnection object at 0x7ff1bbc2dbd0>: Failed to establish a new connection: [Errno 111] Connection refused'))
  timestamp: 2025-12-28T21:44:59.504432

2025-12-28 23:45:00 UTC - cron_service - ERROR - [api_endpoints.py:health_check_endpoint:238] -
Health check failed - backend connection error
Context:
  error: HTTPConnectionPool(host='backend', port=8000): Max retries exceeded with url: /health (Caused by NewConnectionError('<urllib3.connection.HTTPConnection object at 0x7ff1bb209450>: Failed to establish a new connection: [Errno 111] Connection refused'))
  timestamp: 2025-12-28T21:45:00.531590

2025-12-28 23:45:00 UTC - cron_service - ERROR - [api_endpoints.py:health_check_endpoint:238] -
Health check failed - backend connection error
Context:
  error: HTTPConnectionPool(host='backend', port=8000): Max retries exceeded with url: /health (Caused by NewConnectionError('<urllib3.connection.HTTPConnection object at 0x7ff1bb1fdbd0>: Failed to establish a new connection: [Errno 111] Connection refused'))
  timestamp: 2025-12-28T21:45:00.541703

2025-12-28 23:45:00 UTC - cron_service - ERROR - [api_endpoints.py:health_check_endpoint:238] -
Health check failed - backend connection error
Context:
  error: HTTPConnectionPool(host='backend', port=8000): Max retries exceeded with url: /health (Caused by NewConnectionError('<urllib3.connection.HTTPConnection object at 0x7ff1bb209490>: Failed to establish a new connection: [Errno 111] Connection refused'))
  timestamp: 2025-12-28T21:45:00.552977

2025-12-28 23:45:00 UTC - cron_service - ERROR - [api_endpoints.py:health_check_endpoint:238] -
Health check failed - backend connection error
Context:
  error: HTTPConnectionPool(host='backend', port=8000): Max retries exceeded with url: /health (Caused by NewConnectionError('<urllib3.connection.HTTPConnection object at 0x7ff1bb2a33d0>: Failed to establish a new connection: [Errno 111] Connection refused'))
  timestamp: 2025-12-28T21:45:00.559142

2025-12-28 23:45:00 UTC - cron_service - ERROR - [api_endpoints.py:health_check_endpoint:238] -
Health check failed - backend connection error
Context:
  error: HTTPConnectionPool(host='backend', port=8000): Max retries exceeded with url: /health (Caused by NewConnectionError('<urllib3.connection.HTTPConnection object at 0x7ff1bb208a90>: Failed to establish a new connection: [Errno 111] Connection refused'))
  timestamp: 2025-12-28T21:45:00.569164

2025-12-28 23:45:00 UTC - cron_service - ERROR - [api_endpoints.py:health_check_endpoint:238] -
Health check failed - backend connection error
Context:
  error: HTTPConnectionPool(host='backend', port=8000): Max retries exceeded with url: /health (Caused by NewConnectionError('<urllib3.connection.HTTPConnection object at 0x7ff1bbc2f8d0>: Failed to establish a new connection: [Errno 111] Connection refused'))
  timestamp: 2025-12-28T21:45:00.577380

2025-12-28 23:45:00 UTC - cron_service - ERROR - [api_endpoints.py:health_check_endpoint:238] -
Health check failed - backend connection error
Context:
  error: HTTPConnectionPool(host='backend', port=8000): Max retries exceeded with url: /health (Caused by NewConnectionError('<urllib3.connection.HTTPConnection object at 0x7ff1bb202910>: Failed to establish a new connection: [Errno 111] Connection refused'))
  timestamp: 2025-12-28T21:45:00.588060

2025-12-28 23:45:00 UTC - cron_service - ERROR - [api_endpoints.py:health_check_endpoint:238] -
Health check failed - backend connection error
Context:
  error: HTTPConnectionPool(host='backend', port=8000): Max retries exceeded with url: /health (Caused by NewConnectionError('<urllib3.connection.HTTPConnection object at 0x7ff1bb211a50>: Failed to establish a new connection: [Errno 111] Connection refused'))
  timestamp: 2025-12-28T21:45:00.595520

2025-12-28 23:45:07 UTC - cron_service - ERROR - [api_endpoints.py:health_check_endpoint:238] -
Health check failed - backend connection error
Context:
  error: HTTPConnectionPool(host='backend', port=8000): Max retries exceeded with url: /health (Caused by NewConnectionError('<urllib3.connection.HTTPConnection object at 0x7ff1bb27e210>: Failed to establish a new connection: [Errno 111] Connection refused'))
  timestamp: 2025-12-28T21:45:07.550354

2025-12-28 23:56:40 UTC - cron_service - ERROR - [api_endpoints.py:health_check_endpoint:238] -
Health check failed - backend connection error
Context:
  error: HTTPConnectionPool(host='backend', port=8000): Max retries exceeded with url: /health (Caused by NewConnectionError('<urllib3.connection.HTTPConnection object at 0x7ff1bb20b390>: Failed to establish a new connection: [Errno 111] Connection refused'))
  timestamp: 2025-12-28T21:56:40.930204

2025-12-29 00:03:18 UTC - cron_service - INFO - [unknown:unknown:0] -
Logging service initialized - log rotation: 9.5MB max, backup count: 100, cleanup scheduled via cron service at 02:00 AM daily (14 days retention)

2025-12-29 00:03:19 UTC - cron_service - INFO - [main.py:<module>:138] -
Arrr! Starting cron service...

2025-12-29 00:03:19 UTC - cron_service - INFO - [scheduler.py:setup_jobs:31] -
Arrr! TEST: Weekly combinations job scheduled to run at 22:05 UTC (in 2 minutes)!
Context:
  test_time_utc: 22:05
  current_time_utc: 2025-12-28T22:03:19.019704+00:00
  timestamp: 2025-12-28T22:03:19.020336

2025-12-29 00:03:19 UTC - cron_service - INFO - [scheduler.py:setup_jobs:74] -
Arrr! All jobs scheduled successfully!
Context:
  current_time_utc: 2025-12-28T22:03:19.021490+00:00
  scheduled_jobs: 5
  timestamp: 2025-12-28T22:03:19.021910

2025-12-29 00:03:19 UTC - cron_service - INFO - [scheduler.py:setup_jobs:97] -
Arrr! Job scheduled: generate-weekly-combinations
Context:
  job_name: generate-weekly-combinations
  next_run_utc: 2025-12-28T22:05:00+00:00
  days_until_run: 0
  hours_until_run: 0
  timestamp: 2025-12-28T22:03:19.023894

2025-12-29 00:03:19 UTC - cron_service - INFO - [scheduler.py:setup_jobs:97] -
Arrr! Job scheduled: fetch-latest-draw
Context:
  job_name: fetch-latest-draw
  next_run_utc: 2025-12-29T03:00:00+00:00
  days_until_run: 0
  hours_until_run: 4
  timestamp: 2025-12-28T22:03:19.024996

2025-12-29 00:03:19 UTC - cron_service - INFO - [scheduler.py:setup_jobs:97] -
Arrr! Job scheduled: best-model-tables-and-email
Context:
  job_name: best-model-tables-and-email
  next_run_utc: 2026-01-04T14:00:00+00:00
  days_until_run: 6
  hours_until_run: 159
  timestamp: 2025-12-28T22:03:19.026002

2025-12-29 00:03:19 UTC - cron_service - INFO - [scheduler.py:setup_jobs:97] -
Arrr! Job scheduled: cleanup-system
Context:
  job_name: cleanup-system
  next_run_utc: 2025-12-29T02:00:00+00:00
  days_until_run: 0
  hours_until_run: 3
  timestamp: 2025-12-28T22:03:19.027013

2025-12-29 00:03:19 UTC - cron_service - INFO - [scheduler.py:setup_jobs:97] -
Arrr! Job scheduled: backup-database
Context:
  job_name: backup-database
  next_run_utc: 2026-01-04T02:00:00+00:00
  days_until_run: 6
  hours_until_run: 147
  timestamp: 2025-12-28T22:03:19.029841

2025-12-29 00:03:19 UTC - cron_service - INFO - [scheduler.py:run_scheduler:270] -
Arrr! Scheduler thread started!
Context:
  current_time_utc: 2025-12-28T22:03:19.031355+00:00
  scheduled_jobs_count: 5
  timestamp: 2025-12-28T22:03:19.040233

2025-12-29 00:03:48 UTC - cron_service - INFO - [unknown:unknown:0] -
Logging service initialized - log rotation: 9.5MB max, backup count: 100, cleanup scheduled via cron service at 02:00 AM daily (14 days retention)

2025-12-29 00:03:49 UTC - cron_service - INFO - [main.py:<module>:138] -
Arrr! Starting cron service...

2025-12-29 00:03:49 UTC - cron_service - INFO - [scheduler.py:setup_jobs:32] -
Arrr! TEST: Weekly combinations job scheduled to run at 22:05 UTC (in 2 minutes)!
Context:
  test_time_utc: 22:05
  current_time_utc: 2025-12-28T22:03:49.010648+00:00
  scheduled_in_minutes: 2
  timestamp: 2025-12-28T22:03:49.011810

2025-12-29 00:03:49 UTC - cron_service - INFO - [scheduler.py:setup_jobs:76] -
Arrr! All jobs scheduled successfully!
Context:
  current_time_utc: 2025-12-28T22:03:49.012776+00:00
  scheduled_jobs: 5
  timestamp: 2025-12-28T22:03:49.013356

2025-12-29 00:03:49 UTC - cron_service - INFO - [scheduler.py:setup_jobs:99] -
Arrr! Job scheduled: generate-weekly-combinations
Context:
  job_name: generate-weekly-combinations
  next_run_utc: 2025-12-28T22:05:00+00:00
  days_until_run: 0
  hours_until_run: 0
  timestamp: 2025-12-28T22:03:49.014372

2025-12-29 00:03:49 UTC - cron_service - INFO - [scheduler.py:setup_jobs:99] -
Arrr! Job scheduled: fetch-latest-draw
Context:
  job_name: fetch-latest-draw
  next_run_utc: 2025-12-29T03:00:00+00:00
  days_until_run: 0
  hours_until_run: 4
  timestamp: 2025-12-28T22:03:49.015242

2025-12-29 00:03:49 UTC - cron_service - INFO - [scheduler.py:setup_jobs:99] -
Arrr! Job scheduled: best-model-tables-and-email
Context:
  job_name: best-model-tables-and-email
  next_run_utc: 2026-01-04T14:00:00+00:00
  days_until_run: 6
  hours_until_run: 159
  timestamp: 2025-12-28T22:03:49.016115

2025-12-29 00:03:49 UTC - cron_service - INFO - [scheduler.py:setup_jobs:99] -
Arrr! Job scheduled: cleanup-system
Context:
  job_name: cleanup-system
  next_run_utc: 2025-12-29T02:00:00+00:00
  days_until_run: 0
  hours_until_run: 3
  timestamp: 2025-12-28T22:03:49.017053

2025-12-29 00:03:49 UTC - cron_service - INFO - [scheduler.py:setup_jobs:99] -
Arrr! Job scheduled: backup-database
Context:
  job_name: backup-database
  next_run_utc: 2026-01-04T02:00:00+00:00
  days_until_run: 6
  hours_until_run: 147
  timestamp: 2025-12-28T22:03:49.018244

2025-12-29 00:03:49 UTC - cron_service - INFO - [scheduler.py:run_scheduler:272] -
Arrr! Scheduler thread started!
Context:
  current_time_utc: 2025-12-28T22:03:49.019300+00:00
  scheduled_jobs_count: 5
  timestamp: 2025-12-28T22:03:49.024832

2025-12-29 00:03:51 UTC - cron_service - INFO - [unknown:unknown:0] -
Logging service initialized - log rotation: 9.5MB max, backup count: 100, cleanup scheduled via cron service at 02:00 AM daily (14 days retention)

2025-12-29 00:03:51 UTC - cron_service - INFO - [main.py:<module>:138] -
Arrr! Starting cron service...

2025-12-29 00:03:51 UTC - cron_service - INFO - [scheduler.py:setup_jobs:32] -
Arrr! TEST: Weekly combinations job scheduled to run at 22:05 UTC (in 2 minutes)!
Context:
  test_time_utc: 22:05
  current_time_utc: 2025-12-28T22:03:51.928356+00:00
  scheduled_in_minutes: 2
  timestamp: 2025-12-28T22:03:51.929323

2025-12-29 00:03:51 UTC - cron_service - INFO - [scheduler.py:setup_jobs:76] -
Arrr! All jobs scheduled successfully!
Context:
  current_time_utc: 2025-12-28T22:03:51.929877+00:00
  scheduled_jobs: 5
  timestamp: 2025-12-28T22:03:51.930520

2025-12-29 00:03:51 UTC - cron_service - INFO - [scheduler.py:setup_jobs:99] -
Arrr! Job scheduled: generate-weekly-combinations
Context:
  job_name: generate-weekly-combinations
  next_run_utc: 2025-12-28T22:05:00+00:00
  days_until_run: 0
  hours_until_run: 0
  timestamp: 2025-12-28T22:03:51.931653

2025-12-29 00:03:51 UTC - cron_service - INFO - [scheduler.py:setup_jobs:99] -
Arrr! Job scheduled: fetch-latest-draw
Context:
  job_name: fetch-latest-draw
  next_run_utc: 2025-12-29T03:00:00+00:00
  days_until_run: 0
  hours_until_run: 4
  timestamp: 2025-12-28T22:03:51.932554

2025-12-29 00:03:51 UTC - cron_service - INFO - [scheduler.py:setup_jobs:99] -
Arrr! Job scheduled: best-model-tables-and-email
Context:
  job_name: best-model-tables-and-email
  next_run_utc: 2026-01-04T14:00:00+00:00
  days_until_run: 6
  hours_until_run: 159
  timestamp: 2025-12-28T22:03:51.933325

2025-12-29 00:03:51 UTC - cron_service - INFO - [scheduler.py:setup_jobs:99] -
Arrr! Job scheduled: cleanup-system
Context:
  job_name: cleanup-system
  next_run_utc: 2025-12-29T02:00:00+00:00
  days_until_run: 0
  hours_until_run: 3
  timestamp: 2025-12-28T22:03:51.934305

2025-12-29 00:03:51 UTC - cron_service - INFO - [scheduler.py:setup_jobs:99] -
Arrr! Job scheduled: backup-database
Context:
  job_name: backup-database
  next_run_utc: 2026-01-04T02:00:00+00:00
  days_until_run: 6
  hours_until_run: 147
  timestamp: 2025-12-28T22:03:51.935157

2025-12-29 00:03:51 UTC - cron_service - INFO - [scheduler.py:run_scheduler:272] -
Arrr! Scheduler thread started!
Context:
  current_time_utc: 2025-12-28T22:03:51.935902+00:00
  scheduled_jobs_count: 5
  timestamp: 2025-12-28T22:03:51.938901

2025-12-29 00:05:51 UTC - cron_service - INFO - [scheduler.py:_run_job_with_error_handling:113] -
Arrr! Starting scheduled job: generate-weekly-combinations
Context:
  job_name: generate-weekly-combinations
  triggered_at_utc: 2025-12-28T22:05:51.940619+00:00
  timestamp: 2025-12-28T22:05:51.944484

2025-12-29 00:05:51 UTC - cron_service - INFO - [api_endpoints.py:call_backend_endpoint:28] -
Arrr! Attempting to call backend endpoint: http://backend:8000/cron/generate-weekly-combinations (attempt 1/3)

2025-12-29 00:05:51 UTC - cron_service - INFO - [api_endpoints.py:call_backend_endpoint:34] -
Arrr! Backend health check successful!

2025-12-29 00:05:51 UTC - cron_service - INFO - [api_endpoints.py:call_backend_endpoint:59] -
Arrr! Sending POST request to: http://backend:8000/cron/generate-weekly-combinations

2025-12-29 00:05:52 UTC - cron_service - INFO - [api_endpoints.py:call_backend_endpoint:67] -
Arrr! Job enqueued, polling for completion: weekly-combinations-642bf65e
Context:
  job_id: weekly-combinations-642bf65e
  endpoint: /cron/generate-weekly-combinations
  timestamp: 2025-12-28T22:05:52.053295

2025-12-29 00:05:52 UTC - cron_service - WARNING - [api_endpoints.py:call_backend_endpoint:165] -
Arrr! Error calling endpoint (attempt 1/3), retrying...
Context:
  error: 404 Client Error: Not Found for url: http://backend:8000/api/jobs/weekly-combinations-642bf65e/status
  endpoint: /cron/generate-weekly-combinations
  backend_url: http://backend:8000
  retry_in_seconds: 5
  timestamp: 2025-12-28T22:05:52.070114

2025-12-29 00:05:57 UTC - cron_service - INFO - [api_endpoints.py:call_backend_endpoint:28] -
Arrr! Attempting to call backend endpoint: http://backend:8000/cron/generate-weekly-combinations (attempt 2/3)

2025-12-29 00:05:57 UTC - cron_service - INFO - [api_endpoints.py:call_backend_endpoint:34] -
Arrr! Backend health check successful!

2025-12-29 00:05:57 UTC - cron_service - INFO - [api_endpoints.py:call_backend_endpoint:59] -
Arrr! Sending POST request to: http://backend:8000/cron/generate-weekly-combinations

2025-12-29 00:05:57 UTC - cron_service - INFO - [api_endpoints.py:call_backend_endpoint:67] -
Arrr! Job enqueued, polling for completion: weekly-combinations-04694a97
Context:
  job_id: weekly-combinations-04694a97
  endpoint: /cron/generate-weekly-combinations
  timestamp: 2025-12-28T22:05:57.165510

2025-12-29 00:05:57 UTC - cron_service - WARNING - [api_endpoints.py:call_backend_endpoint:165] -
Arrr! Error calling endpoint (attempt 2/3), retrying...
Context:
  error: 404 Client Error: Not Found for url: http://backend:8000/api/jobs/weekly-combinations-04694a97/status
  endpoint: /cron/generate-weekly-combinations
  backend_url: http://backend:8000
  retry_in_seconds: 5
  timestamp: 2025-12-28T22:05:57.194933

2025-12-29 00:06:02 UTC - cron_service - INFO - [api_endpoints.py:call_backend_endpoint:28] -
Arrr! Attempting to call backend endpoint: http://backend:8000/cron/generate-weekly-combinations (attempt 3/3)

2025-12-29 00:06:02 UTC - cron_service - INFO - [api_endpoints.py:call_backend_endpoint:34] -
Arrr! Backend health check successful!

2025-12-29 00:06:02 UTC - cron_service - INFO - [api_endpoints.py:call_backend_endpoint:59] -
Arrr! Sending POST request to: http://backend:8000/cron/generate-weekly-combinations

2025-12-29 00:06:02 UTC - cron_service - INFO - [api_endpoints.py:call_backend_endpoint:67] -
Arrr! Job enqueued, polling for completion: weekly-combinations-9cb88590
Context:
  job_id: weekly-combinations-9cb88590
  endpoint: /cron/generate-weekly-combinations
  timestamp: 2025-12-28T22:06:02.271088

2025-12-29 00:06:02 UTC - cron_service - ERROR - [api_endpoints.py:call_backend_endpoint:177] -
Arrr! Error calling endpoint /cron/generate-weekly-combinations after all retries!
Context:
  error: 404 Client Error: Not Found for url: http://backend:8000/api/jobs/weekly-combinations-9cb88590/status
  endpoint: /cron/generate-weekly-combinations
  backend_url: http://backend:8000
  total_attempts: 3
  timestamp: 2025-12-28T22:06:02.311754

2025-12-29 00:06:02 UTC - cron_service - ERROR - [error_handler.py:handle_job_error:28] -
Arrr! Cron job 'generate-weekly-combinations' failed!
Context:
  job_name: generate-weekly-combinations
  error: 404 Client Error: Not Found for url: http://backend:8000/api/jobs/weekly-combinations-9cb88590/status
  error_type: HTTPError
  traceback: Traceback (most recent call last):
  File "/app/cron/scheduler.py", line 119, in _run_job_with_error_handling
    job_function()
  File "/app/cron/scheduler.py", line 29, in <lambda>
    lambda: call_backend_endpoint("/cron/generate-weekly-combinations", last_successful_job),
            ^^^^^^^^^^^^^^^^^^^^^^^^^^^^^^^^^^^^^^^^^^^^^^^^^^^^^^^^^^^^^^^^^^^^^^^^^^^^^^^^
  File "/app/cron/api_endpoints.py", line 79, in call_backend_endpoint
    status_response.raise_for_status()
  File "/usr/local/lib/python3.11/site-packages/requests/models.py", line 1021, in raise_for_status
    raise HTTPError(http_error_msg, response=self)
requests.exceptions.HTTPError: 404 Client Error: Not Found for url: http://backend:8000/api/jobs/weekly-combinations-9cb88590/status

  context:
    last_successful_job: None
    scheduled_time: 2025-12-28T22:06:02.320024
    job_type: scheduled
    failure_count: 1
  timestamp: 2025-12-28T22:06:02.334131

2025-12-29 00:06:05 UTC - cron_service - INFO - [error_handler.py:_send_error_notification:72] -
Arrr! Error notification sent for job 'generate-weekly-combinations'
Context:
  job_name: generate-weekly-combinations
  timestamp: 2025-12-28T22:06:05.029495

2025-12-29 00:06:05 UTC - cron_service - ERROR - [scheduler.py:run_scheduler:318] -
Arrr! Error in scheduler loop!
Context:
  error: 404 Client Error: Not Found for url: http://backend:8000/api/jobs/weekly-combinations-9cb88590/status
  consecutive_errors: 1
  max_consecutive_errors: 5
  timestamp: 2025-12-28T22:06:05.030868

2025-12-29 00:07:05 UTC - cron_service - INFO - [scheduler.py:_run_job_with_error_handling:113] -
Arrr! Starting scheduled job: generate-weekly-combinations
Context:
  job_name: generate-weekly-combinations
  triggered_at_utc: 2025-12-28T22:07:05.031652+00:00
  timestamp: 2025-12-28T22:07:05.032461

2025-12-29 00:07:05 UTC - cron_service - INFO - [api_endpoints.py:call_backend_endpoint:28] -
Arrr! Attempting to call backend endpoint: http://backend:8000/cron/generate-weekly-combinations (attempt 1/3)

2025-12-29 00:07:05 UTC - cron_service - INFO - [api_endpoints.py:call_backend_endpoint:34] -
Arrr! Backend health check successful!

2025-12-29 00:07:05 UTC - cron_service - INFO - [api_endpoints.py:call_backend_endpoint:59] -
Arrr! Sending POST request to: http://backend:8000/cron/generate-weekly-combinations

2025-12-29 00:07:05 UTC - cron_service - INFO - [api_endpoints.py:call_backend_endpoint:67] -
Arrr! Job enqueued, polling for completion: weekly-combinations-c96db662
Context:
  job_id: weekly-combinations-c96db662
  endpoint: /cron/generate-weekly-combinations
  timestamp: 2025-12-28T22:07:05.067797

2025-12-29 00:07:05 UTC - cron_service - WARNING - [api_endpoints.py:call_backend_endpoint:165] -
Arrr! Error calling endpoint (attempt 1/3), retrying...
Context:
  error: 404 Client Error: Not Found for url: http://backend:8000/api/jobs/weekly-combinations-c96db662/status
  endpoint: /cron/generate-weekly-combinations
  backend_url: http://backend:8000
  retry_in_seconds: 5
  timestamp: 2025-12-28T22:07:05.084835

2025-12-29 00:07:10 UTC - cron_service - INFO - [api_endpoints.py:call_backend_endpoint:28] -
Arrr! Attempting to call backend endpoint: http://backend:8000/cron/generate-weekly-combinations (attempt 2/3)

2025-12-29 00:07:10 UTC - cron_service - INFO - [api_endpoints.py:call_backend_endpoint:34] -
Arrr! Backend health check successful!

2025-12-29 00:07:10 UTC - cron_service - INFO - [api_endpoints.py:call_backend_endpoint:59] -
Arrr! Sending POST request to: http://backend:8000/cron/generate-weekly-combinations

2025-12-29 00:07:10 UTC - cron_service - INFO - [api_endpoints.py:call_backend_endpoint:67] -
Arrr! Job enqueued, polling for completion: weekly-combinations-39d858ef
Context:
  job_id: weekly-combinations-39d858ef
  endpoint: /cron/generate-weekly-combinations
  timestamp: 2025-12-28T22:07:10.128273

2025-12-29 00:07:10 UTC - cron_service - WARNING - [api_endpoints.py:call_backend_endpoint:165] -
Arrr! Error calling endpoint (attempt 2/3), retrying...
Context:
  error: 404 Client Error: Not Found for url: http://backend:8000/api/jobs/weekly-combinations-39d858ef/status
  endpoint: /cron/generate-weekly-combinations
  backend_url: http://backend:8000
  retry_in_seconds: 5
  timestamp: 2025-12-28T22:07:10.146235

2025-12-29 00:07:15 UTC - cron_service - INFO - [api_endpoints.py:call_backend_endpoint:28] -
Arrr! Attempting to call backend endpoint: http://backend:8000/cron/generate-weekly-combinations (attempt 3/3)

2025-12-29 00:07:15 UTC - cron_service - INFO - [api_endpoints.py:call_backend_endpoint:34] -
Arrr! Backend health check successful!

2025-12-29 00:07:15 UTC - cron_service - INFO - [api_endpoints.py:call_backend_endpoint:59] -
Arrr! Sending POST request to: http://backend:8000/cron/generate-weekly-combinations

2025-12-29 00:07:15 UTC - cron_service - INFO - [api_endpoints.py:call_backend_endpoint:67] -
Arrr! Job enqueued, polling for completion: weekly-combinations-8a7cb521
Context:
  job_id: weekly-combinations-8a7cb521
  endpoint: /cron/generate-weekly-combinations
  timestamp: 2025-12-28T22:07:15.188612

2025-12-29 00:07:15 UTC - cron_service - ERROR - [api_endpoints.py:call_backend_endpoint:177] -
Arrr! Error calling endpoint /cron/generate-weekly-combinations after all retries!
Context:
  error: 404 Client Error: Not Found for url: http://backend:8000/api/jobs/weekly-combinations-8a7cb521/status
  endpoint: /cron/generate-weekly-combinations
  backend_url: http://backend:8000
  total_attempts: 3
  timestamp: 2025-12-28T22:07:15.207175

2025-12-29 00:07:15 UTC - cron_service - ERROR - [error_handler.py:handle_job_error:28] -
Arrr! Cron job 'generate-weekly-combinations' failed!
Context:
  job_name: generate-weekly-combinations
  error: 404 Client Error: Not Found for url: http://backend:8000/api/jobs/weekly-combinations-8a7cb521/status
  error_type: HTTPError
  traceback: Traceback (most recent call last):
  File "/app/cron/scheduler.py", line 119, in _run_job_with_error_handling
    job_function()
  File "/app/cron/scheduler.py", line 29, in <lambda>
    lambda: call_backend_endpoint("/cron/generate-weekly-combinations", last_successful_job),
            ^^^^^^^^^^^^^^^^^^^^^^^^^^^^^^^^^^^^^^^^^^^^^^^^^^^^^^^^^^^^^^^^^^^^^^^^^^^^^^^^
  File "/app/cron/api_endpoints.py", line 79, in call_backend_endpoint
    status_response.raise_for_status()
  File "/usr/local/lib/python3.11/site-packages/requests/models.py", line 1021, in raise_for_status
    raise HTTPError(http_error_msg, response=self)
requests.exceptions.HTTPError: 404 Client Error: Not Found for url: http://backend:8000/api/jobs/weekly-combinations-8a7cb521/status

  context:
    last_successful_job: None
    scheduled_time: 2025-12-28T22:07:15.211686
    job_type: scheduled
    failure_count: 2
  timestamp: 2025-12-28T22:07:15.213927

2025-12-29 00:07:17 UTC - cron_service - INFO - [error_handler.py:_send_error_notification:72] -
Arrr! Error notification sent for job 'generate-weekly-combinations'
Context:
  job_name: generate-weekly-combinations
  timestamp: 2025-12-28T22:07:17.802097

2025-12-29 00:07:17 UTC - cron_service - ERROR - [scheduler.py:run_scheduler:318] -
Arrr! Error in scheduler loop!
Context:
  error: 404 Client Error: Not Found for url: http://backend:8000/api/jobs/weekly-combinations-8a7cb521/status
  consecutive_errors: 2
  max_consecutive_errors: 5
  timestamp: 2025-12-28T22:07:17.803396

2025-12-29 00:08:17 UTC - cron_service - INFO - [scheduler.py:_run_job_with_error_handling:113] -
Arrr! Starting scheduled job: generate-weekly-combinations
Context:
  job_name: generate-weekly-combinations
  triggered_at_utc: 2025-12-28T22:08:17.804168+00:00
  timestamp: 2025-12-28T22:08:17.805390

2025-12-29 00:08:17 UTC - cron_service - INFO - [api_endpoints.py:call_backend_endpoint:28] -
Arrr! Attempting to call backend endpoint: http://backend:8000/cron/generate-weekly-combinations (attempt 1/3)

2025-12-29 00:08:17 UTC - cron_service - INFO - [api_endpoints.py:call_backend_endpoint:34] -
Arrr! Backend health check successful!

2025-12-29 00:08:17 UTC - cron_service - INFO - [api_endpoints.py:call_backend_endpoint:59] -
Arrr! Sending POST request to: http://backend:8000/cron/generate-weekly-combinations

2025-12-29 00:08:17 UTC - cron_service - INFO - [api_endpoints.py:call_backend_endpoint:67] -
Arrr! Job enqueued, polling for completion: weekly-combinations-b7ffbd10
Context:
  job_id: weekly-combinations-b7ffbd10
  endpoint: /cron/generate-weekly-combinations
  timestamp: 2025-12-28T22:08:17.841879

2025-12-29 00:08:17 UTC - cron_service - WARNING - [api_endpoints.py:call_backend_endpoint:165] -
Arrr! Error calling endpoint (attempt 1/3), retrying...
Context:
  error: 404 Client Error: Not Found for url: http://backend:8000/api/jobs/weekly-combinations-b7ffbd10/status
  endpoint: /cron/generate-weekly-combinations
  backend_url: http://backend:8000
  retry_in_seconds: 5
  timestamp: 2025-12-28T22:08:17.858067

2025-12-29 00:08:22 UTC - cron_service - INFO - [api_endpoints.py:call_backend_endpoint:28] -
Arrr! Attempting to call backend endpoint: http://backend:8000/cron/generate-weekly-combinations (attempt 2/3)

2025-12-29 00:08:22 UTC - cron_service - INFO - [api_endpoints.py:call_backend_endpoint:34] -
Arrr! Backend health check successful!

2025-12-29 00:08:22 UTC - cron_service - INFO - [api_endpoints.py:call_backend_endpoint:59] -
Arrr! Sending POST request to: http://backend:8000/cron/generate-weekly-combinations

2025-12-29 00:08:22 UTC - cron_service - INFO - [api_endpoints.py:call_backend_endpoint:67] -
Arrr! Job enqueued, polling for completion: weekly-combinations-b8cf1221
Context:
  job_id: weekly-combinations-b8cf1221
  endpoint: /cron/generate-weekly-combinations
  timestamp: 2025-12-28T22:08:22.893200

2025-12-29 00:08:22 UTC - cron_service - WARNING - [api_endpoints.py:call_backend_endpoint:165] -
Arrr! Error calling endpoint (attempt 2/3), retrying...
Context:
  error: 404 Client Error: Not Found for url: http://backend:8000/api/jobs/weekly-combinations-b8cf1221/status
  endpoint: /cron/generate-weekly-combinations
  backend_url: http://backend:8000
  retry_in_seconds: 5
  timestamp: 2025-12-28T22:08:22.907511

2025-12-29 00:08:27 UTC - cron_service - INFO - [api_endpoints.py:call_backend_endpoint:28] -
Arrr! Attempting to call backend endpoint: http://backend:8000/cron/generate-weekly-combinations (attempt 3/3)

2025-12-29 00:08:27 UTC - cron_service - INFO - [api_endpoints.py:call_backend_endpoint:34] -
Arrr! Backend health check successful!

2025-12-29 00:08:27 UTC - cron_service - INFO - [api_endpoints.py:call_backend_endpoint:59] -
Arrr! Sending POST request to: http://backend:8000/cron/generate-weekly-combinations

2025-12-29 00:08:27 UTC - cron_service - INFO - [api_endpoints.py:call_backend_endpoint:67] -
Arrr! Job enqueued, polling for completion: weekly-combinations-c1075098
Context:
  job_id: weekly-combinations-c1075098
  endpoint: /cron/generate-weekly-combinations
  timestamp: 2025-12-28T22:08:27.944403

2025-12-29 00:08:27 UTC - cron_service - ERROR - [api_endpoints.py:call_backend_endpoint:177] -
Arrr! Error calling endpoint /cron/generate-weekly-combinations after all retries!
Context:
  error: 404 Client Error: Not Found for url: http://backend:8000/api/jobs/weekly-combinations-c1075098/status
  endpoint: /cron/generate-weekly-combinations
  backend_url: http://backend:8000
  total_attempts: 3
  timestamp: 2025-12-28T22:08:27.958084

2025-12-29 00:08:27 UTC - cron_service - ERROR - [scheduler.py:run_scheduler:318] -
Arrr! Error in scheduler loop!
Context:
  error: can't subtract offset-naive and offset-aware datetimes
  consecutive_errors: 3
  max_consecutive_errors: 5
  timestamp: 2025-12-28T22:08:27.962533

2025-12-29 00:09:27 UTC - cron_service - INFO - [scheduler.py:_run_job_with_error_handling:113] -
Arrr! Starting scheduled job: generate-weekly-combinations
Context:
  job_name: generate-weekly-combinations
  triggered_at_utc: 2025-12-28T22:09:27.963815+00:00
  timestamp: 2025-12-28T22:09:27.964767

2025-12-29 00:09:27 UTC - cron_service - INFO - [api_endpoints.py:call_backend_endpoint:28] -
Arrr! Attempting to call backend endpoint: http://backend:8000/cron/generate-weekly-combinations (attempt 1/3)

2025-12-29 00:09:27 UTC - cron_service - INFO - [api_endpoints.py:call_backend_endpoint:34] -
Arrr! Backend health check successful!

2025-12-29 00:09:27 UTC - cron_service - INFO - [api_endpoints.py:call_backend_endpoint:59] -
Arrr! Sending POST request to: http://backend:8000/cron/generate-weekly-combinations

2025-12-29 00:09:28 UTC - cron_service - INFO - [api_endpoints.py:call_backend_endpoint:67] -
Arrr! Job enqueued, polling for completion: weekly-combinations-2e42564d
Context:
  job_id: weekly-combinations-2e42564d
  endpoint: /cron/generate-weekly-combinations
  timestamp: 2025-12-28T22:09:27.999972

2025-12-29 00:09:28 UTC - cron_service - WARNING - [api_endpoints.py:call_backend_endpoint:165] -
Arrr! Error calling endpoint (attempt 1/3), retrying...
Context:
  error: 404 Client Error: Not Found for url: http://backend:8000/api/jobs/weekly-combinations-2e42564d/status
  endpoint: /cron/generate-weekly-combinations
  backend_url: http://backend:8000
  retry_in_seconds: 5
  timestamp: 2025-12-28T22:09:28.016182

2025-12-29 00:09:33 UTC - cron_service - INFO - [api_endpoints.py:call_backend_endpoint:28] -
Arrr! Attempting to call backend endpoint: http://backend:8000/cron/generate-weekly-combinations (attempt 2/3)

2025-12-29 00:09:33 UTC - cron_service - INFO - [api_endpoints.py:call_backend_endpoint:34] -
Arrr! Backend health check successful!

2025-12-29 00:09:33 UTC - cron_service - INFO - [api_endpoints.py:call_backend_endpoint:59] -
Arrr! Sending POST request to: http://backend:8000/cron/generate-weekly-combinations

2025-12-29 00:09:33 UTC - cron_service - INFO - [api_endpoints.py:call_backend_endpoint:67] -
Arrr! Job enqueued, polling for completion: weekly-combinations-c5dcffbc
Context:
  job_id: weekly-combinations-c5dcffbc
  endpoint: /cron/generate-weekly-combinations
  timestamp: 2025-12-28T22:09:33.049864

2025-12-29 00:09:33 UTC - cron_service - WARNING - [api_endpoints.py:call_backend_endpoint:165] -
Arrr! Error calling endpoint (attempt 2/3), retrying...
Context:
  error: 404 Client Error: Not Found for url: http://backend:8000/api/jobs/weekly-combinations-c5dcffbc/status
  endpoint: /cron/generate-weekly-combinations
  backend_url: http://backend:8000
  retry_in_seconds: 5
  timestamp: 2025-12-28T22:09:33.063821

2025-12-29 00:09:38 UTC - cron_service - INFO - [api_endpoints.py:call_backend_endpoint:28] -
Arrr! Attempting to call backend endpoint: http://backend:8000/cron/generate-weekly-combinations (attempt 3/3)

2025-12-29 00:09:38 UTC - cron_service - INFO - [api_endpoints.py:call_backend_endpoint:34] -
Arrr! Backend health check successful!

2025-12-29 00:09:38 UTC - cron_service - INFO - [api_endpoints.py:call_backend_endpoint:59] -
Arrr! Sending POST request to: http://backend:8000/cron/generate-weekly-combinations

2025-12-29 00:09:38 UTC - cron_service - INFO - [api_endpoints.py:call_backend_endpoint:67] -
Arrr! Job enqueued, polling for completion: weekly-combinations-2962430f
Context:
  job_id: weekly-combinations-2962430f
  endpoint: /cron/generate-weekly-combinations
  timestamp: 2025-12-28T22:09:38.097558

2025-12-29 00:09:38 UTC - cron_service - ERROR - [api_endpoints.py:call_backend_endpoint:177] -
Arrr! Error calling endpoint /cron/generate-weekly-combinations after all retries!
Context:
  error: 404 Client Error: Not Found for url: http://backend:8000/api/jobs/weekly-combinations-2962430f/status
  endpoint: /cron/generate-weekly-combinations
  backend_url: http://backend:8000
  total_attempts: 3
  timestamp: 2025-12-28T22:09:38.115361

2025-12-29 00:09:38 UTC - cron_service - ERROR - [scheduler.py:run_scheduler:318] -
Arrr! Error in scheduler loop!
Context:
  error: can't subtract offset-naive and offset-aware datetimes
  consecutive_errors: 4
  max_consecutive_errors: 5
  timestamp: 2025-12-28T22:09:38.120737

2025-12-29 00:10:38 UTC - cron_service - INFO - [scheduler.py:_run_job_with_error_handling:113] -
Arrr! Starting scheduled job: generate-weekly-combinations
Context:
  job_name: generate-weekly-combinations
  triggered_at_utc: 2025-12-28T22:10:38.122146+00:00
  timestamp: 2025-12-28T22:10:38.123094

2025-12-29 00:10:38 UTC - cron_service - INFO - [api_endpoints.py:call_backend_endpoint:28] -
Arrr! Attempting to call backend endpoint: http://backend:8000/cron/generate-weekly-combinations (attempt 1/3)

2025-12-29 00:10:38 UTC - cron_service - INFO - [api_endpoints.py:call_backend_endpoint:34] -
Arrr! Backend health check successful!

2025-12-29 00:10:38 UTC - cron_service - INFO - [api_endpoints.py:call_backend_endpoint:59] -
Arrr! Sending POST request to: http://backend:8000/cron/generate-weekly-combinations

2025-12-29 00:10:38 UTC - cron_service - INFO - [api_endpoints.py:call_backend_endpoint:67] -
Arrr! Job enqueued, polling for completion: weekly-combinations-eee6ea60
Context:
  job_id: weekly-combinations-eee6ea60
  endpoint: /cron/generate-weekly-combinations
  timestamp: 2025-12-28T22:10:38.156226

2025-12-29 00:10:38 UTC - cron_service - WARNING - [api_endpoints.py:call_backend_endpoint:165] -
Arrr! Error calling endpoint (attempt 1/3), retrying...
Context:
  error: 404 Client Error: Not Found for url: http://backend:8000/api/jobs/weekly-combinations-eee6ea60/status
  endpoint: /cron/generate-weekly-combinations
  backend_url: http://backend:8000
  retry_in_seconds: 5
  timestamp: 2025-12-28T22:10:38.169648

2025-12-29 00:10:43 UTC - cron_service - INFO - [api_endpoints.py:call_backend_endpoint:28] -
Arrr! Attempting to call backend endpoint: http://backend:8000/cron/generate-weekly-combinations (attempt 2/3)

2025-12-29 00:10:43 UTC - cron_service - INFO - [api_endpoints.py:call_backend_endpoint:34] -
Arrr! Backend health check successful!

2025-12-29 00:10:43 UTC - cron_service - INFO - [api_endpoints.py:call_backend_endpoint:59] -
Arrr! Sending POST request to: http://backend:8000/cron/generate-weekly-combinations

2025-12-29 00:10:43 UTC - cron_service - INFO - [api_endpoints.py:call_backend_endpoint:67] -
Arrr! Job enqueued, polling for completion: weekly-combinations-a3f4143b
Context:
  job_id: weekly-combinations-a3f4143b
  endpoint: /cron/generate-weekly-combinations
  timestamp: 2025-12-28T22:10:43.205897

2025-12-29 00:10:43 UTC - cron_service - WARNING - [api_endpoints.py:call_backend_endpoint:165] -
Arrr! Error calling endpoint (attempt 2/3), retrying...
Context:
  error: 404 Client Error: Not Found for url: http://backend:8000/api/jobs/weekly-combinations-a3f4143b/status
  endpoint: /cron/generate-weekly-combinations
  backend_url: http://backend:8000
  retry_in_seconds: 5
  timestamp: 2025-12-28T22:10:43.220301

2025-12-29 00:10:48 UTC - cron_service - INFO - [api_endpoints.py:call_backend_endpoint:28] -
Arrr! Attempting to call backend endpoint: http://backend:8000/cron/generate-weekly-combinations (attempt 3/3)

2025-12-29 00:10:48 UTC - cron_service - INFO - [api_endpoints.py:call_backend_endpoint:34] -
Arrr! Backend health check successful!

2025-12-29 00:10:48 UTC - cron_service - INFO - [api_endpoints.py:call_backend_endpoint:59] -
Arrr! Sending POST request to: http://backend:8000/cron/generate-weekly-combinations

2025-12-29 00:10:48 UTC - cron_service - INFO - [api_endpoints.py:call_backend_endpoint:67] -
Arrr! Job enqueued, polling for completion: weekly-combinations-023edcf8
Context:
  job_id: weekly-combinations-023edcf8
  endpoint: /cron/generate-weekly-combinations
  timestamp: 2025-12-28T22:10:48.260052

2025-12-29 00:10:48 UTC - cron_service - ERROR - [api_endpoints.py:call_backend_endpoint:177] -
Arrr! Error calling endpoint /cron/generate-weekly-combinations after all retries!
Context:
  error: 404 Client Error: Not Found for url: http://backend:8000/api/jobs/weekly-combinations-023edcf8/status
  endpoint: /cron/generate-weekly-combinations
  backend_url: http://backend:8000
  total_attempts: 3
  timestamp: 2025-12-28T22:10:48.273685

2025-12-29 00:10:48 UTC - cron_service - ERROR - [scheduler.py:run_scheduler:318] -
Arrr! Error in scheduler loop!
Context:
  error: can't subtract offset-naive and offset-aware datetimes
  consecutive_errors: 5
  max_consecutive_errors: 5
  timestamp: 2025-12-28T22:10:48.278380

2025-12-29 00:11:48 UTC - cron_service - INFO - [scheduler.py:_run_job_with_error_handling:113] -
Arrr! Starting scheduled job: generate-weekly-combinations
Context:
  job_name: generate-weekly-combinations
  triggered_at_utc: 2025-12-28T22:11:48.279639+00:00
  timestamp: 2025-12-28T22:11:48.280390

2025-12-29 00:11:48 UTC - cron_service - INFO - [api_endpoints.py:call_backend_endpoint:28] -
Arrr! Attempting to call backend endpoint: http://backend:8000/cron/generate-weekly-combinations (attempt 1/3)

2025-12-29 00:11:48 UTC - cron_service - INFO - [api_endpoints.py:call_backend_endpoint:34] -
Arrr! Backend health check successful!

2025-12-29 00:11:48 UTC - cron_service - INFO - [api_endpoints.py:call_backend_endpoint:59] -
Arrr! Sending POST request to: http://backend:8000/cron/generate-weekly-combinations

2025-12-29 00:11:48 UTC - cron_service - INFO - [api_endpoints.py:call_backend_endpoint:67] -
Arrr! Job enqueued, polling for completion: weekly-combinations-4e75c30f
Context:
  job_id: weekly-combinations-4e75c30f
  endpoint: /cron/generate-weekly-combinations
  timestamp: 2025-12-28T22:11:48.327873

2025-12-29 00:11:48 UTC - cron_service - WARNING - [api_endpoints.py:call_backend_endpoint:165] -
Arrr! Error calling endpoint (attempt 1/3), retrying...
Context:
  error: 404 Client Error: Not Found for url: http://backend:8000/api/jobs/weekly-combinations-4e75c30f/status
  endpoint: /cron/generate-weekly-combinations
  backend_url: http://backend:8000
  retry_in_seconds: 5
  timestamp: 2025-12-28T22:11:48.343835

2025-12-29 00:11:53 UTC - cron_service - INFO - [api_endpoints.py:call_backend_endpoint:28] -
Arrr! Attempting to call backend endpoint: http://backend:8000/cron/generate-weekly-combinations (attempt 2/3)

2025-12-29 00:11:53 UTC - cron_service - INFO - [api_endpoints.py:call_backend_endpoint:34] -
Arrr! Backend health check successful!

2025-12-29 00:11:53 UTC - cron_service - INFO - [api_endpoints.py:call_backend_endpoint:59] -
Arrr! Sending POST request to: http://backend:8000/cron/generate-weekly-combinations

2025-12-29 00:11:53 UTC - cron_service - INFO - [api_endpoints.py:call_backend_endpoint:67] -
Arrr! Job enqueued, polling for completion: weekly-combinations-5272ea56
Context:
  job_id: weekly-combinations-5272ea56
  endpoint: /cron/generate-weekly-combinations
  timestamp: 2025-12-28T22:11:53.386186

2025-12-29 00:11:53 UTC - cron_service - WARNING - [api_endpoints.py:call_backend_endpoint:165] -
Arrr! Error calling endpoint (attempt 2/3), retrying...
Context:
  error: 404 Client Error: Not Found for url: http://backend:8000/api/jobs/weekly-combinations-5272ea56/status
  endpoint: /cron/generate-weekly-combinations
  backend_url: http://backend:8000
  retry_in_seconds: 5
  timestamp: 2025-12-28T22:11:53.401214

2025-12-29 00:11:58 UTC - cron_service - INFO - [api_endpoints.py:call_backend_endpoint:28] -
Arrr! Attempting to call backend endpoint: http://backend:8000/cron/generate-weekly-combinations (attempt 3/3)

2025-12-29 00:11:58 UTC - cron_service - INFO - [api_endpoints.py:call_backend_endpoint:34] -
Arrr! Backend health check successful!

2025-12-29 00:11:58 UTC - cron_service - INFO - [api_endpoints.py:call_backend_endpoint:59] -
Arrr! Sending POST request to: http://backend:8000/cron/generate-weekly-combinations

2025-12-29 00:11:58 UTC - cron_service - INFO - [api_endpoints.py:call_backend_endpoint:67] -
Arrr! Job enqueued, polling for completion: weekly-combinations-2b517f63
Context:
  job_id: weekly-combinations-2b517f63
  endpoint: /cron/generate-weekly-combinations
  timestamp: 2025-12-28T22:11:58.443032

2025-12-29 00:11:58 UTC - cron_service - ERROR - [api_endpoints.py:call_backend_endpoint:177] -
Arrr! Error calling endpoint /cron/generate-weekly-combinations after all retries!
Context:
  error: 404 Client Error: Not Found for url: http://backend:8000/api/jobs/weekly-combinations-2b517f63/status
  endpoint: /cron/generate-weekly-combinations
  backend_url: http://backend:8000
  total_attempts: 3
  timestamp: 2025-12-28T22:11:58.456818

2025-12-29 00:14:23 UTC - cron_service - ERROR - [api_endpoints.py:health_check_endpoint:238] -
Health check failed - backend connection error
Context:
  error: HTTPConnectionPool(host='backend', port=8000): Max retries exceeded with url: /health (Caused by NewConnectionError('<urllib3.connection.HTTPConnection object at 0x7fa90884de50>: Failed to establish a new connection: [Errno 111] Connection refused'))
  timestamp: 2025-12-28T22:14:23.337918

2025-12-29 00:14:53 UTC - cron_service - ERROR - [api_endpoints.py:health_check_endpoint:238] -
Health check failed - backend connection error
Context:
  error: HTTPConnectionPool(host='backend', port=8000): Max retries exceeded with url: /health (Caused by NewConnectionError('<urllib3.connection.HTTPConnection object at 0x7fa907d69250>: Failed to establish a new connection: [Errno 111] Connection refused'))
  timestamp: 2025-12-28T22:14:53.418553

2025-12-29 01:12:14 UTC - cron_service - INFO - [unknown:unknown:0] -
Logging service initialized - log rotation: 9.5MB max, backup count: 100, cleanup scheduled via cron service at 02:00 AM daily (14 days retention)

2025-12-29 01:12:14 UTC - cron_service - INFO - [main.py:<module>:138] -
Arrr! Starting cron service...

2025-12-29 01:12:14 UTC - cron_service - INFO - [scheduler.py:setup_jobs:32] -
Arrr! TEST: Weekly combinations OPTIMIZED job scheduled to run at 23:14 UTC (in 2 minutes)!
Context:
  test_time_utc: 23:14
  current_time_utc: 2025-12-28T23:12:14.193576+00:00
  scheduled_in_minutes: 2
  endpoint: /cron/generate-weekly-combinations-optimized
  timestamp: 2025-12-28T23:12:14.194778

2025-12-29 01:12:14 UTC - cron_service - INFO - [scheduler.py:setup_jobs:78] -
Arrr! All jobs scheduled successfully!
Context:
  current_time_utc: 2025-12-28T23:12:14.195416+00:00
  scheduled_jobs: 5
  timestamp: 2025-12-28T23:12:14.195912

2025-12-29 01:12:14 UTC - cron_service - INFO - [scheduler.py:setup_jobs:101] -
Arrr! Job scheduled: generate-weekly-combinations
Context:
  job_name: generate-weekly-combinations
  next_run_utc: 2025-12-28T23:14:00+00:00
  days_until_run: 0
  hours_until_run: 0
  timestamp: 2025-12-28T23:12:14.196891

2025-12-29 01:12:14 UTC - cron_service - INFO - [scheduler.py:setup_jobs:101] -
Arrr! Job scheduled: fetch-latest-draw
Context:
  job_name: fetch-latest-draw
  next_run_utc: 2025-12-29T03:00:00+00:00
  days_until_run: 0
  hours_until_run: 3
  timestamp: 2025-12-28T23:12:14.197852

2025-12-29 01:12:14 UTC - cron_service - INFO - [scheduler.py:setup_jobs:101] -
Arrr! Job scheduled: best-model-tables-and-email
Context:
  job_name: best-model-tables-and-email
  next_run_utc: 2026-01-04T14:00:00+00:00
  days_until_run: 6
  hours_until_run: 158
  timestamp: 2025-12-28T23:12:14.198785

2025-12-29 01:12:14 UTC - cron_service - INFO - [scheduler.py:setup_jobs:101] -
Arrr! Job scheduled: cleanup-system
Context:
  job_name: cleanup-system
  next_run_utc: 2025-12-29T02:00:00+00:00
  days_until_run: 0
  hours_until_run: 2
  timestamp: 2025-12-28T23:12:14.199693

2025-12-29 01:12:14 UTC - cron_service - INFO - [scheduler.py:setup_jobs:101] -
Arrr! Job scheduled: backup-database
Context:
  job_name: backup-database
  next_run_utc: 2026-01-04T02:00:00+00:00
  days_until_run: 6
  hours_until_run: 146
  timestamp: 2025-12-28T23:12:14.200626

2025-12-29 01:12:14 UTC - cron_service - INFO - [scheduler.py:run_scheduler:274] -
Arrr! Scheduler thread started!
Context:
  current_time_utc: 2025-12-28T23:12:14.201315+00:00
  scheduled_jobs_count: 5
  timestamp: 2025-12-28T23:12:14.204326

2025-12-29 01:12:31 UTC - cron_service - INFO - [unknown:unknown:0] -
Logging service initialized - log rotation: 9.5MB max, backup count: 100, cleanup scheduled via cron service at 02:00 AM daily (14 days retention)

2025-12-29 01:12:31 UTC - cron_service - INFO - [main.py:<module>:138] -
Arrr! Starting cron service...

2025-12-29 01:12:31 UTC - cron_service - INFO - [scheduler.py:setup_jobs:32] -
Arrr! TEST: Weekly combinations OPTIMIZED job scheduled to run at 23:14 UTC (in 2 minutes)!
Context:
  test_time_utc: 23:14
  current_time_utc: 2025-12-28T23:12:31.320556+00:00
  scheduled_in_minutes: 2
  endpoint: /cron/generate-weekly-combinations-optimized
  timestamp: 2025-12-28T23:12:31.321533

2025-12-29 01:12:31 UTC - cron_service - INFO - [scheduler.py:setup_jobs:78] -
Arrr! All jobs scheduled successfully!
Context:
  current_time_utc: 2025-12-28T23:12:31.322158+00:00
  scheduled_jobs: 5
  timestamp: 2025-12-28T23:12:31.322620

2025-12-29 01:12:31 UTC - cron_service - INFO - [scheduler.py:setup_jobs:101] -
Arrr! Job scheduled: generate-weekly-combinations-optimized
Context:
  job_name: generate-weekly-combinations-optimized
  next_run_utc: 2025-12-28T23:14:00+00:00
  days_until_run: 0
  hours_until_run: 0
  timestamp: 2025-12-28T23:12:31.323591

2025-12-29 01:12:31 UTC - cron_service - INFO - [scheduler.py:setup_jobs:101] -
Arrr! Job scheduled: fetch-latest-draw
Context:
  job_name: fetch-latest-draw
  next_run_utc: 2025-12-29T03:00:00+00:00
  days_until_run: 0
  hours_until_run: 3
  timestamp: 2025-12-28T23:12:31.324684

2025-12-29 01:12:31 UTC - cron_service - INFO - [scheduler.py:setup_jobs:101] -
Arrr! Job scheduled: best-model-tables-and-email
Context:
  job_name: best-model-tables-and-email
  next_run_utc: 2026-01-04T14:00:00+00:00
  days_until_run: 6
  hours_until_run: 158
  timestamp: 2025-12-28T23:12:31.325557

2025-12-29 01:12:31 UTC - cron_service - INFO - [scheduler.py:setup_jobs:101] -
Arrr! Job scheduled: cleanup-system
Context:
  job_name: cleanup-system
  next_run_utc: 2025-12-29T02:00:00+00:00
  days_until_run: 0
  hours_until_run: 2
  timestamp: 2025-12-28T23:12:31.326454

2025-12-29 01:12:31 UTC - cron_service - INFO - [scheduler.py:setup_jobs:101] -
Arrr! Job scheduled: backup-database
Context:
  job_name: backup-database
  next_run_utc: 2026-01-04T02:00:00+00:00
  days_until_run: 6
  hours_until_run: 146
  timestamp: 2025-12-28T23:12:31.327565

2025-12-29 01:12:31 UTC - cron_service - INFO - [scheduler.py:run_scheduler:274] -
Arrr! Scheduler thread started!
Context:
  current_time_utc: 2025-12-28T23:12:31.328660+00:00
  scheduled_jobs_count: 5
  timestamp: 2025-12-28T23:12:31.332203

2025-12-29 01:12:36 UTC - cron_service - INFO - [unknown:unknown:0] -
Logging service initialized - log rotation: 9.5MB max, backup count: 100, cleanup scheduled via cron service at 02:00 AM daily (14 days retention)

2025-12-29 01:12:36 UTC - cron_service - INFO - [main.py:<module>:138] -
Arrr! Starting cron service...

2025-12-29 01:12:36 UTC - cron_service - INFO - [scheduler.py:setup_jobs:32] -
Arrr! TEST: Weekly combinations OPTIMIZED job scheduled to run at 23:14 UTC (in 2 minutes)!
Context:
  test_time_utc: 23:14
  current_time_utc: 2025-12-28T23:12:36.068482+00:00
  scheduled_in_minutes: 2
  endpoint: /cron/generate-weekly-combinations-optimized
  timestamp: 2025-12-28T23:12:36.069770

2025-12-29 01:12:36 UTC - cron_service - INFO - [scheduler.py:setup_jobs:78] -
Arrr! All jobs scheduled successfully!
Context:
  current_time_utc: 2025-12-28T23:12:36.070522+00:00
  scheduled_jobs: 5
  timestamp: 2025-12-28T23:12:36.071039

2025-12-29 01:12:36 UTC - cron_service - INFO - [scheduler.py:setup_jobs:101] -
Arrr! Job scheduled: generate-weekly-combinations-optimized
Context:
  job_name: generate-weekly-combinations-optimized
  next_run_utc: 2025-12-28T23:14:00+00:00
  days_until_run: 0
  hours_until_run: 0
  timestamp: 2025-12-28T23:12:36.072001

2025-12-29 01:12:36 UTC - cron_service - INFO - [scheduler.py:setup_jobs:101] -
Arrr! Job scheduled: fetch-latest-draw
Context:
  job_name: fetch-latest-draw
  next_run_utc: 2025-12-29T03:00:00+00:00
  days_until_run: 0
  hours_until_run: 3
  timestamp: 2025-12-28T23:12:36.072937

2025-12-29 01:12:36 UTC - cron_service - INFO - [scheduler.py:setup_jobs:101] -
Arrr! Job scheduled: best-model-tables-and-email
Context:
  job_name: best-model-tables-and-email
  next_run_utc: 2026-01-04T14:00:00+00:00
  days_until_run: 6
  hours_until_run: 158
  timestamp: 2025-12-28T23:12:36.073982

2025-12-29 01:12:36 UTC - cron_service - INFO - [scheduler.py:setup_jobs:101] -
Arrr! Job scheduled: cleanup-system
Context:
  job_name: cleanup-system
  next_run_utc: 2025-12-29T02:00:00+00:00
  days_until_run: 0
  hours_until_run: 2
  timestamp: 2025-12-28T23:12:36.075027

2025-12-29 01:12:36 UTC - cron_service - INFO - [scheduler.py:setup_jobs:101] -
Arrr! Job scheduled: backup-database
Context:
  job_name: backup-database
  next_run_utc: 2026-01-04T02:00:00+00:00
  days_until_run: 6
  hours_until_run: 146
  timestamp: 2025-12-28T23:12:36.076140

2025-12-29 01:12:36 UTC - cron_service - INFO - [scheduler.py:run_scheduler:274] -
Arrr! Scheduler thread started!
Context:
  current_time_utc: 2025-12-28T23:12:36.076874+00:00
  scheduled_jobs_count: 5
  timestamp: 2025-12-28T23:12:36.079946

2025-12-29 01:12:51 UTC - cron_service - INFO - [unknown:unknown:0] -
Logging service initialized - log rotation: 9.5MB max, backup count: 100, cleanup scheduled via cron service at 02:00 AM daily (14 days retention)

2025-12-29 01:12:51 UTC - cron_service - INFO - [main.py:<module>:138] -
Arrr! Starting cron service...

2025-12-29 01:12:51 UTC - cron_service - INFO - [scheduler.py:setup_jobs:32] -
Arrr! TEST: Weekly combinations OPTIMIZED job scheduled to run at 23:14 UTC (in 2 minutes)!
Context:
  test_time_utc: 23:14
  current_time_utc: 2025-12-28T23:12:51.341498+00:00
  scheduled_in_minutes: 2
  endpoint: /cron/generate-weekly-combinations-optimized
  timestamp: 2025-12-28T23:12:51.342425

2025-12-29 01:12:51 UTC - cron_service - INFO - [scheduler.py:setup_jobs:78] -
Arrr! All jobs scheduled successfully!
Context:
  current_time_utc: 2025-12-28T23:12:51.343156+00:00
  scheduled_jobs: 5
  timestamp: 2025-12-28T23:12:51.343621

2025-12-29 01:12:51 UTC - cron_service - INFO - [scheduler.py:setup_jobs:101] -
Arrr! Job scheduled: generate-weekly-combinations-optimized
Context:
  job_name: generate-weekly-combinations-optimized
  next_run_utc: 2025-12-28T23:14:00+00:00
  days_until_run: 0
  hours_until_run: 0
  timestamp: 2025-12-28T23:12:51.344571

2025-12-29 01:12:51 UTC - cron_service - INFO - [scheduler.py:setup_jobs:101] -
Arrr! Job scheduled: fetch-latest-draw
Context:
  job_name: fetch-latest-draw
  next_run_utc: 2025-12-29T03:00:00+00:00
  days_until_run: 0
  hours_until_run: 3
  timestamp: 2025-12-28T23:12:51.345726

2025-12-29 01:12:51 UTC - cron_service - INFO - [scheduler.py:setup_jobs:101] -
Arrr! Job scheduled: best-model-tables-and-email
Context:
  job_name: best-model-tables-and-email
  next_run_utc: 2026-01-04T14:00:00+00:00
  days_until_run: 6
  hours_until_run: 158
  timestamp: 2025-12-28T23:12:51.346693

2025-12-29 01:12:51 UTC - cron_service - INFO - [scheduler.py:setup_jobs:101] -
Arrr! Job scheduled: cleanup-system
Context:
  job_name: cleanup-system
  next_run_utc: 2025-12-29T02:00:00+00:00
  days_until_run: 0
  hours_until_run: 2
  timestamp: 2025-12-28T23:12:51.347824

2025-12-29 01:12:51 UTC - cron_service - INFO - [scheduler.py:setup_jobs:101] -
Arrr! Job scheduled: backup-database
Context:
  job_name: backup-database
  next_run_utc: 2026-01-04T02:00:00+00:00
  days_until_run: 6
  hours_until_run: 146
  timestamp: 2025-12-28T23:12:51.349050

2025-12-29 01:12:51 UTC - cron_service - INFO - [scheduler.py:run_scheduler:274] -
Arrr! Scheduler thread started!
Context:
  current_time_utc: 2025-12-28T23:12:51.350115+00:00
  scheduled_jobs_count: 5
  timestamp: 2025-12-28T23:12:51.355366

2025-12-29 01:14:51 UTC - cron_service - INFO - [scheduler.py:_run_job_with_error_handling:115] -
Arrr! Starting scheduled job: generate-weekly-combinations-optimized
Context:
  job_name: generate-weekly-combinations-optimized
  triggered_at_utc: 2025-12-28T23:14:51.357857+00:00
  timestamp: 2025-12-28T23:14:51.363073

2025-12-29 01:14:51 UTC - cron_service - INFO - [api_endpoints.py:call_backend_endpoint:28] -
Arrr! Attempting to call backend endpoint: http://backend:8000/cron/generate-weekly-combinations-optimized (attempt 1/3)

2025-12-29 01:14:51 UTC - cron_service - WARNING - [api_endpoints.py:call_backend_endpoint:37] -
Arrr! Backend health check failed (attempt 1/3), retrying...
Context:
  error: HTTPConnectionPool(host='backend', port=8000): Max retries exceeded with url: /health (Caused by NewConnectionError('<urllib3.connection.HTTPConnection object at 0x7f9b3ecb5b10>: Failed to establish a new connection: [Errno 111] Connection refused'))
  url: http://backend:8000/health
  retry_in_seconds: 5
  timestamp: 2025-12-28T23:14:51.370634

2025-12-29 01:14:56 UTC - cron_service - INFO - [api_endpoints.py:call_backend_endpoint:28] -
Arrr! Attempting to call backend endpoint: http://backend:8000/cron/generate-weekly-combinations-optimized (attempt 2/3)

2025-12-29 01:14:56 UTC - cron_service - WARNING - [api_endpoints.py:call_backend_endpoint:37] -
Arrr! Backend health check failed (attempt 2/3), retrying...
Context:
  error: HTTPConnectionPool(host='backend', port=8000): Max retries exceeded with url: /health (Caused by NewConnectionError('<urllib3.connection.HTTPConnection object at 0x7f9b3ecbc250>: Failed to establish a new connection: [Errno 111] Connection refused'))
  url: http://backend:8000/health
  retry_in_seconds: 5
  timestamp: 2025-12-28T23:14:56.376271

2025-12-29 01:15:01 UTC - cron_service - INFO - [api_endpoints.py:call_backend_endpoint:28] -
Arrr! Attempting to call backend endpoint: http://backend:8000/cron/generate-weekly-combinations-optimized (attempt 3/3)

2025-12-29 01:15:01 UTC - cron_service - ERROR - [api_endpoints.py:call_backend_endpoint:48] -
Arrr! Backend health check failed after all retries!
Context:
  error: HTTPConnectionPool(host='backend', port=8000): Max retries exceeded with url: /health (Caused by NewConnectionError('<urllib3.connection.HTTPConnection object at 0x7f9b3ecbed90>: Failed to establish a new connection: [Errno 111] Connection refused'))
  url: http://backend:8000/health
  total_attempts: 3
  timestamp: 2025-12-28T23:15:01.383203

2025-12-29 01:15:01 UTC - cron_service - ERROR - [api_endpoints.py:call_backend_endpoint:129] -
Arrr! Connection error calling endpoint after all retries!
Context:
  error: HTTPConnectionPool(host='backend', port=8000): Max retries exceeded with url: /health (Caused by NewConnectionError('<urllib3.connection.HTTPConnection object at 0x7f9b3ecbed90>: Failed to establish a new connection: [Errno 111] Connection refused'))
  endpoint: /cron/generate-weekly-combinations-optimized
  backend_url: http://backend:8000
  total_attempts: 3
  timestamp: 2025-12-28T23:15:01.384829

2025-12-29 01:15:01 UTC - cron_service - ERROR - [error_handler.py:handle_job_error:28] -
Arrr! Cron job 'generate-weekly-combinations-optimized' failed!
Context:
  job_name: generate-weekly-combinations-optimized
  error: HTTPConnectionPool(host='backend', port=8000): Max retries exceeded with url: /health (Caused by NewConnectionError('<urllib3.connection.HTTPConnection object at 0x7f9b3ecbed90>: Failed to establish a new connection: [Errno 111] Connection refused'))
  error_type: ConnectionError
  traceback: Traceback (most recent call last):
  File "/usr/local/lib/python3.11/site-packages/urllib3/connection.py", line 198, in _new_conn
    sock = connection.create_connection(
           ^^^^^^^^^^^^^^^^^^^^^^^^^^^^^
  File "/usr/local/lib/python3.11/site-packages/urllib3/util/connection.py", line 85, in create_connection
    raise err
  File "/usr/local/lib/python3.11/site-packages/urllib3/util/connection.py", line 73, in create_connection
    sock.connect(sa)
ConnectionRefusedError: [Errno 111] Connection refused

The above exception was the direct cause of the following exception:

Traceback (most recent call last):
  File "/usr/local/lib/python3.11/site-packages/urllib3/connectionpool.py", line 787, in urlopen
    response = self._make_request(
               ^^^^^^^^^^^^^^^^^^^
  File "/usr/local/lib/python3.11/site-packages/urllib3/connectionpool.py", line 493, in _make_request
    conn.request(
  File "/usr/local/lib/python3.11/site-packages/urllib3/connection.py", line 494, in request
    self.endheaders()
  File "/usr/local/lib/python3.11/http/client.py", line 1298, in endheaders
    self._send_output(message_body, encode_chunked=encode_chunked)
  File "/usr/local/lib/python3.11/http/client.py", line 1058, in _send_output
    self.send(msg)
  File "/usr/local/lib/python3.11/http/client.py", line 996, in send
    self.connect()
  File "/usr/local/lib/python3.11/site-packages/urllib3/connection.py", line 325, in connect
    self.sock = self._new_conn()
                ^^^^^^^^^^^^^^^^
  File "/usr/local/lib/python3.11/site-packages/urllib3/connection.py", line 213, in _new_conn
    raise NewConnectionError(
urllib3.exceptions.NewConnectionError: <urllib3.connection.HTTPConnection object at 0x7f9b3ecbed90>: Failed to establish a new connection: [Errno 111] Connection refused

The above exception was the direct cause of the following exception:

Traceback (most recent call last):
  File "/usr/local/lib/python3.11/site-packages/requests/adapters.py", line 486, in send
    resp = conn.urlopen(
           ^^^^^^^^^^^^^
  File "/usr/local/lib/python3.11/site-packages/urllib3/connectionpool.py", line 841, in urlopen
    retries = retries.increment(
              ^^^^^^^^^^^^^^^^^^
  File "/usr/local/lib/python3.11/site-packages/urllib3/util/retry.py", line 519, in increment
    raise MaxRetryError(_pool, url, reason) from reason  # type: ignore[arg-type]
    ^^^^^^^^^^^^^^^^^^^^^^^^^^^^^^^^^^^^^^^^^^^^^^^^^^^
urllib3.exceptions.MaxRetryError: HTTPConnectionPool(host='backend', port=8000): Max retries exceeded with url: /health (Caused by NewConnectionError('<urllib3.connection.HTTPConnection object at 0x7f9b3ecbed90>: Failed to establish a new connection: [Errno 111] Connection refused'))

During handling of the above exception, another exception occurred:

Traceback (most recent call last):
  File "/app/cron/scheduler.py", line 121, in _run_job_with_error_handling
    job_function()
  File "/app/cron/scheduler.py", line 29, in <lambda>
    lambda: call_backend_endpoint("/cron/generate-weekly-combinations-optimized", last_successful_job),
            ^^^^^^^^^^^^^^^^^^^^^^^^^^^^^^^^^^^^^^^^^^^^^^^^^^^^^^^^^^^^^^^^^^^^^^^^^^^^^^^^^^^^^^^^^^
  File "/app/cron/api_endpoints.py", line 32, in call_backend_endpoint
    health_check = requests.get(f"{backend_url}/health", timeout=10)
                   ^^^^^^^^^^^^^^^^^^^^^^^^^^^^^^^^^^^^^^^^^^^^^^^^^
  File "/usr/local/lib/python3.11/site-packages/requests/api.py", line 73, in get
    return request("get", url, params=params, **kwargs)
           ^^^^^^^^^^^^^^^^^^^^^^^^^^^^^^^^^^^^^^^^^^^^
  File "/usr/local/lib/python3.11/site-packages/requests/api.py", line 59, in request
    return session.request(method=method, url=url, **kwargs)
           ^^^^^^^^^^^^^^^^^^^^^^^^^^^^^^^^^^^^^^^^^^^^^^^^^
  File "/usr/local/lib/python3.11/site-packages/requests/sessions.py", line 589, in request
    resp = self.send(prep, **send_kwargs)
           ^^^^^^^^^^^^^^^^^^^^^^^^^^^^^^
  File "/usr/local/lib/python3.11/site-packages/requests/sessions.py", line 703, in send
    r = adapter.send(request, **kwargs)
        ^^^^^^^^^^^^^^^^^^^^^^^^^^^^^^^
  File "/usr/local/lib/python3.11/site-packages/requests/adapters.py", line 519, in send
    raise ConnectionError(e, request=request)
requests.exceptions.ConnectionError: HTTPConnectionPool(host='backend', port=8000): Max retries exceeded with url: /health (Caused by NewConnectionError('<urllib3.connection.HTTPConnection object at 0x7f9b3ecbed90>: Failed to establish a new connection: [Errno 111] Connection refused'))

  context:
    last_successful_job: None
    scheduled_time: 2025-12-28T23:15:01.385251
    job_type: scheduled
    failure_count: 1
  timestamp: 2025-12-28T23:15:01.404407

2025-12-29 01:15:04 UTC - cron_service - INFO - [error_handler.py:_send_error_notification:72] -
Arrr! Error notification sent for job 'generate-weekly-combinations-optimized'
Context:
  job_name: generate-weekly-combinations-optimized
  timestamp: 2025-12-28T23:15:04.383095

2025-12-29 01:15:04 UTC - cron_service - ERROR - [scheduler.py:run_scheduler:320] -
Arrr! Error in scheduler loop!
Context:
  error: HTTPConnectionPool(host='backend', port=8000): Max retries exceeded with url: /health (Caused by NewConnectionError('<urllib3.connection.HTTPConnection object at 0x7f9b3ecbed90>: Failed to establish a new connection: [Errno 111] Connection refused'))
  consecutive_errors: 1
  max_consecutive_errors: 5
  timestamp: 2025-12-28T23:15:04.384406

2025-12-29 01:16:04 UTC - cron_service - INFO - [scheduler.py:_run_job_with_error_handling:115] -
Arrr! Starting scheduled job: generate-weekly-combinations-optimized
Context:
  job_name: generate-weekly-combinations-optimized
  triggered_at_utc: 2025-12-28T23:16:04.385268+00:00
  timestamp: 2025-12-28T23:16:04.386444

2025-12-29 01:16:04 UTC - cron_service - INFO - [api_endpoints.py:call_backend_endpoint:28] -
Arrr! Attempting to call backend endpoint: http://backend:8000/cron/generate-weekly-combinations-optimized (attempt 1/3)

2025-12-29 01:16:04 UTC - cron_service - INFO - [api_endpoints.py:call_backend_endpoint:34] -
Arrr! Backend health check successful!

2025-12-29 01:16:04 UTC - cron_service - INFO - [api_endpoints.py:call_backend_endpoint:59] -
Arrr! Sending POST request to: http://backend:8000/cron/generate-weekly-combinations-optimized

2025-12-29 01:16:04 UTC - cron_service - WARNING - [api_endpoints.py:call_backend_endpoint:165] -
Arrr! Error calling endpoint (attempt 1/3), retrying...
Context:
  error: 500 Server Error: Internal Server Error for url: http://backend:8000/cron/generate-weekly-combinations-optimized
  endpoint: /cron/generate-weekly-combinations-optimized
  backend_url: http://backend:8000
  retry_in_seconds: 5
  timestamp: 2025-12-28T23:16:04.602929

2025-12-29 01:16:09 UTC - cron_service - INFO - [api_endpoints.py:call_backend_endpoint:28] -
Arrr! Attempting to call backend endpoint: http://backend:8000/cron/generate-weekly-combinations-optimized (attempt 2/3)

2025-12-29 01:16:09 UTC - cron_service - INFO - [api_endpoints.py:call_backend_endpoint:34] -
Arrr! Backend health check successful!

2025-12-29 01:16:09 UTC - cron_service - INFO - [api_endpoints.py:call_backend_endpoint:59] -
Arrr! Sending POST request to: http://backend:8000/cron/generate-weekly-combinations-optimized

2025-12-29 01:16:09 UTC - cron_service - WARNING - [api_endpoints.py:call_backend_endpoint:165] -
Arrr! Error calling endpoint (attempt 2/3), retrying...
Context:
  error: 500 Server Error: Internal Server Error for url: http://backend:8000/cron/generate-weekly-combinations-optimized
  endpoint: /cron/generate-weekly-combinations-optimized
  backend_url: http://backend:8000
  retry_in_seconds: 5
  timestamp: 2025-12-28T23:16:09.869068

2025-12-29 01:16:14 UTC - cron_service - INFO - [api_endpoints.py:call_backend_endpoint:28] -
Arrr! Attempting to call backend endpoint: http://backend:8000/cron/generate-weekly-combinations-optimized (attempt 3/3)

2025-12-29 01:16:18 UTC - cron_service - ERROR - [api_endpoints.py:call_backend_endpoint:48] -
Arrr! Backend health check failed after all retries!
Context:
  error: HTTPConnectionPool(host='backend', port=8000): Max retries exceeded with url: /health (Caused by NewConnectionError('<urllib3.connection.HTTPConnection object at 0x7f9b3e2fe810>: Failed to establish a new connection: [Errno 111] Connection refused'))
  url: http://backend:8000/health
  total_attempts: 3
  timestamp: 2025-12-28T23:16:18.083982

2025-12-29 01:16:18 UTC - cron_service - ERROR - [api_endpoints.py:call_backend_endpoint:129] -
Arrr! Connection error calling endpoint after all retries!
Context:
  error: HTTPConnectionPool(host='backend', port=8000): Max retries exceeded with url: /health (Caused by NewConnectionError('<urllib3.connection.HTTPConnection object at 0x7f9b3e2fe810>: Failed to establish a new connection: [Errno 111] Connection refused'))
  endpoint: /cron/generate-weekly-combinations-optimized
  backend_url: http://backend:8000
  total_attempts: 3
  timestamp: 2025-12-28T23:16:18.085854

2025-12-29 01:16:18 UTC - cron_service - ERROR - [error_handler.py:handle_job_error:28] -
Arrr! Cron job 'generate-weekly-combinations-optimized' failed!
Context:
  job_name: generate-weekly-combinations-optimized
  error: HTTPConnectionPool(host='backend', port=8000): Max retries exceeded with url: /health (Caused by NewConnectionError('<urllib3.connection.HTTPConnection object at 0x7f9b3e2fe810>: Failed to establish a new connection: [Errno 111] Connection refused'))
  error_type: ConnectionError
  traceback: Traceback (most recent call last):
  File "/usr/local/lib/python3.11/site-packages/urllib3/connection.py", line 198, in _new_conn
    sock = connection.create_connection(
           ^^^^^^^^^^^^^^^^^^^^^^^^^^^^^
  File "/usr/local/lib/python3.11/site-packages/urllib3/util/connection.py", line 85, in create_connection
    raise err
  File "/usr/local/lib/python3.11/site-packages/urllib3/util/connection.py", line 73, in create_connection
    sock.connect(sa)
ConnectionRefusedError: [Errno 111] Connection refused

The above exception was the direct cause of the following exception:

Traceback (most recent call last):
  File "/usr/local/lib/python3.11/site-packages/urllib3/connectionpool.py", line 787, in urlopen
    response = self._make_request(
               ^^^^^^^^^^^^^^^^^^^
  File "/usr/local/lib/python3.11/site-packages/urllib3/connectionpool.py", line 493, in _make_request
    conn.request(
  File "/usr/local/lib/python3.11/site-packages/urllib3/connection.py", line 494, in request
    self.endheaders()
  File "/usr/local/lib/python3.11/http/client.py", line 1298, in endheaders
    self._send_output(message_body, encode_chunked=encode_chunked)
  File "/usr/local/lib/python3.11/http/client.py", line 1058, in _send_output
    self.send(msg)
  File "/usr/local/lib/python3.11/http/client.py", line 996, in send
    self.connect()
  File "/usr/local/lib/python3.11/site-packages/urllib3/connection.py", line 325, in connect
    self.sock = self._new_conn()
                ^^^^^^^^^^^^^^^^
  File "/usr/local/lib/python3.11/site-packages/urllib3/connection.py", line 213, in _new_conn
    raise NewConnectionError(
urllib3.exceptions.NewConnectionError: <urllib3.connection.HTTPConnection object at 0x7f9b3e2fe810>: Failed to establish a new connection: [Errno 111] Connection refused

The above exception was the direct cause of the following exception:

Traceback (most recent call last):
  File "/usr/local/lib/python3.11/site-packages/requests/adapters.py", line 486, in send
    resp = conn.urlopen(
           ^^^^^^^^^^^^^
  File "/usr/local/lib/python3.11/site-packages/urllib3/connectionpool.py", line 841, in urlopen
    retries = retries.increment(
              ^^^^^^^^^^^^^^^^^^
  File "/usr/local/lib/python3.11/site-packages/urllib3/util/retry.py", line 519, in increment
    raise MaxRetryError(_pool, url, reason) from reason  # type: ignore[arg-type]
    ^^^^^^^^^^^^^^^^^^^^^^^^^^^^^^^^^^^^^^^^^^^^^^^^^^^
urllib3.exceptions.MaxRetryError: HTTPConnectionPool(host='backend', port=8000): Max retries exceeded with url: /health (Caused by NewConnectionError('<urllib3.connection.HTTPConnection object at 0x7f9b3e2fe810>: Failed to establish a new connection: [Errno 111] Connection refused'))

During handling of the above exception, another exception occurred:

Traceback (most recent call last):
  File "/app/cron/scheduler.py", line 121, in _run_job_with_error_handling
    job_function()
  File "/app/cron/scheduler.py", line 29, in <lambda>
    lambda: call_backend_endpoint("/cron/generate-weekly-combinations-optimized", last_successful_job),
            ^^^^^^^^^^^^^^^^^^^^^^^^^^^^^^^^^^^^^^^^^^^^^^^^^^^^^^^^^^^^^^^^^^^^^^^^^^^^^^^^^^^^^^^^^^
  File "/app/cron/api_endpoints.py", line 32, in call_backend_endpoint
    health_check = requests.get(f"{backend_url}/health", timeout=10)
                   ^^^^^^^^^^^^^^^^^^^^^^^^^^^^^^^^^^^^^^^^^^^^^^^^^
  File "/usr/local/lib/python3.11/site-packages/requests/api.py", line 73, in get
    return request("get", url, params=params, **kwargs)
           ^^^^^^^^^^^^^^^^^^^^^^^^^^^^^^^^^^^^^^^^^^^^
  File "/usr/local/lib/python3.11/site-packages/requests/api.py", line 59, in request
    return session.request(method=method, url=url, **kwargs)
           ^^^^^^^^^^^^^^^^^^^^^^^^^^^^^^^^^^^^^^^^^^^^^^^^^
  File "/usr/local/lib/python3.11/site-packages/requests/sessions.py", line 589, in request
    resp = self.send(prep, **send_kwargs)
           ^^^^^^^^^^^^^^^^^^^^^^^^^^^^^^
  File "/usr/local/lib/python3.11/site-packages/requests/sessions.py", line 703, in send
    r = adapter.send(request, **kwargs)
        ^^^^^^^^^^^^^^^^^^^^^^^^^^^^^^^
  File "/usr/local/lib/python3.11/site-packages/requests/adapters.py", line 519, in send
    raise ConnectionError(e, request=request)
requests.exceptions.ConnectionError: HTTPConnectionPool(host='backend', port=8000): Max retries exceeded with url: /health (Caused by NewConnectionError('<urllib3.connection.HTTPConnection object at 0x7f9b3e2fe810>: Failed to establish a new connection: [Errno 111] Connection refused'))

  context:
    last_successful_job: None
    scheduled_time: 2025-12-28T23:16:18.086342
    job_type: scheduled
    failure_count: 2
  timestamp: 2025-12-28T23:16:18.089427

2025-12-29 01:16:19 UTC - cron_service - INFO - [error_handler.py:_send_error_notification:72] -
Arrr! Error notification sent for job 'generate-weekly-combinations-optimized'
Context:
  job_name: generate-weekly-combinations-optimized
  timestamp: 2025-12-28T23:16:19.869659

2025-12-29 01:16:19 UTC - cron_service - ERROR - [scheduler.py:run_scheduler:320] -
Arrr! Error in scheduler loop!
Context:
  error: HTTPConnectionPool(host='backend', port=8000): Max retries exceeded with url: /health (Caused by NewConnectionError('<urllib3.connection.HTTPConnection object at 0x7f9b3e2fe810>: Failed to establish a new connection: [Errno 111] Connection refused'))
  consecutive_errors: 2
  max_consecutive_errors: 5
  timestamp: 2025-12-28T23:16:19.870978

2025-12-29 01:17:12 UTC - cron_service - ERROR - [api_endpoints.py:health_check_endpoint:238] -
Health check failed - backend connection error
Context:
  error: HTTPConnectionPool(host='backend', port=8000): Max retries exceeded with url: /health (Caused by NewConnectionError('<urllib3.connection.HTTPConnection object at 0x7f9b3e311490>: Failed to establish a new connection: [Errno 111] Connection refused'))
  timestamp: 2025-12-28T23:17:12.260932

2025-12-29 01:17:19 UTC - cron_service - INFO - [scheduler.py:_run_job_with_error_handling:115] -
Arrr! Starting scheduled job: generate-weekly-combinations-optimized
Context:
  job_name: generate-weekly-combinations-optimized
  triggered_at_utc: 2025-12-28T23:17:19.871707+00:00
  timestamp: 2025-12-28T23:17:19.872842

2025-12-29 01:17:19 UTC - cron_service - INFO - [api_endpoints.py:call_backend_endpoint:28] -
Arrr! Attempting to call backend endpoint: http://backend:8000/cron/generate-weekly-combinations-optimized (attempt 1/3)

2025-12-29 01:17:19 UTC - cron_service - INFO - [api_endpoints.py:call_backend_endpoint:34] -
Arrr! Backend health check successful!

2025-12-29 01:17:19 UTC - cron_service - INFO - [api_endpoints.py:call_backend_endpoint:59] -
Arrr! Sending POST request to: http://backend:8000/cron/generate-weekly-combinations-optimized

2025-12-29 01:17:20 UTC - cron_service - WARNING - [api_endpoints.py:call_backend_endpoint:165] -
Arrr! Error calling endpoint (attempt 1/3), retrying...
Context:
  error: 500 Server Error: Internal Server Error for url: http://backend:8000/cron/generate-weekly-combinations-optimized
  endpoint: /cron/generate-weekly-combinations-optimized
  backend_url: http://backend:8000
  retry_in_seconds: 5
  timestamp: 2025-12-28T23:17:20.104117

2025-12-29 01:17:25 UTC - cron_service - INFO - [api_endpoints.py:call_backend_endpoint:28] -
Arrr! Attempting to call backend endpoint: http://backend:8000/cron/generate-weekly-combinations-optimized (attempt 2/3)

2025-12-29 01:17:25 UTC - cron_service - INFO - [api_endpoints.py:call_backend_endpoint:34] -
Arrr! Backend health check successful!

2025-12-29 01:17:25 UTC - cron_service - INFO - [api_endpoints.py:call_backend_endpoint:59] -
Arrr! Sending POST request to: http://backend:8000/cron/generate-weekly-combinations-optimized

2025-12-29 01:17:25 UTC - cron_service - WARNING - [api_endpoints.py:call_backend_endpoint:165] -
Arrr! Error calling endpoint (attempt 2/3), retrying...
Context:
  error: 500 Server Error: Internal Server Error for url: http://backend:8000/cron/generate-weekly-combinations-optimized
  endpoint: /cron/generate-weekly-combinations-optimized
  backend_url: http://backend:8000
  retry_in_seconds: 5
  timestamp: 2025-12-28T23:17:25.322688

2025-12-29 01:17:30 UTC - cron_service - INFO - [api_endpoints.py:call_backend_endpoint:28] -
Arrr! Attempting to call backend endpoint: http://backend:8000/cron/generate-weekly-combinations-optimized (attempt 3/3)

2025-12-29 01:17:30 UTC - cron_service - INFO - [api_endpoints.py:call_backend_endpoint:34] -
Arrr! Backend health check successful!

2025-12-29 01:17:30 UTC - cron_service - INFO - [api_endpoints.py:call_backend_endpoint:59] -
Arrr! Sending POST request to: http://backend:8000/cron/generate-weekly-combinations-optimized

2025-12-29 01:17:30 UTC - cron_service - ERROR - [api_endpoints.py:call_backend_endpoint:177] -
Arrr! Error calling endpoint /cron/generate-weekly-combinations-optimized after all retries!
Context:
  error: 500 Server Error: Internal Server Error for url: http://backend:8000/cron/generate-weekly-combinations-optimized
  endpoint: /cron/generate-weekly-combinations-optimized
  backend_url: http://backend:8000
  total_attempts: 3
  timestamp: 2025-12-28T23:17:30.594653

2025-12-29 01:17:30 UTC - cron_service - ERROR - [scheduler.py:run_scheduler:320] -
Arrr! Error in scheduler loop!
Context:
  error: can't subtract offset-naive and offset-aware datetimes
  consecutive_errors: 3
  max_consecutive_errors: 5
  timestamp: 2025-12-28T23:17:30.600735

2025-12-29 01:17:42 UTC - cron_service - ERROR - [api_endpoints.py:health_check_endpoint:238] -
Health check failed - backend connection error
Context:
  error: HTTPConnectionPool(host='backend', port=8000): Max retries exceeded with url: /health (Caused by NewConnectionError('<urllib3.connection.HTTPConnection object at 0x7f9b3e2fca50>: Failed to establish a new connection: [Errno 111] Connection refused'))
  timestamp: 2025-12-28T23:17:42.332340

2025-12-29 01:18:30 UTC - cron_service - INFO - [scheduler.py:_run_job_with_error_handling:115] -
Arrr! Starting scheduled job: generate-weekly-combinations-optimized
Context:
  job_name: generate-weekly-combinations-optimized
  triggered_at_utc: 2025-12-28T23:18:30.601425+00:00
  timestamp: 2025-12-28T23:18:30.602926

2025-12-29 01:18:30 UTC - cron_service - INFO - [api_endpoints.py:call_backend_endpoint:28] -
Arrr! Attempting to call backend endpoint: http://backend:8000/cron/generate-weekly-combinations-optimized (attempt 1/3)

2025-12-29 01:18:30 UTC - cron_service - INFO - [api_endpoints.py:call_backend_endpoint:34] -
Arrr! Backend health check successful!

2025-12-29 01:18:30 UTC - cron_service - INFO - [api_endpoints.py:call_backend_endpoint:59] -
Arrr! Sending POST request to: http://backend:8000/cron/generate-weekly-combinations-optimized

2025-12-29 01:18:30 UTC - cron_service - WARNING - [api_endpoints.py:call_backend_endpoint:165] -
Arrr! Error calling endpoint (attempt 1/3), retrying...
Context:
  error: 500 Server Error: Internal Server Error for url: http://backend:8000/cron/generate-weekly-combinations-optimized
  endpoint: /cron/generate-weekly-combinations-optimized
  backend_url: http://backend:8000
  retry_in_seconds: 5
  timestamp: 2025-12-28T23:18:30.774507

2025-12-29 01:18:35 UTC - cron_service - INFO - [api_endpoints.py:call_backend_endpoint:28] -
Arrr! Attempting to call backend endpoint: http://backend:8000/cron/generate-weekly-combinations-optimized (attempt 2/3)

2025-12-29 01:18:35 UTC - cron_service - INFO - [api_endpoints.py:call_backend_endpoint:34] -
Arrr! Backend health check successful!

2025-12-29 01:18:35 UTC - cron_service - INFO - [api_endpoints.py:call_backend_endpoint:59] -
Arrr! Sending POST request to: http://backend:8000/cron/generate-weekly-combinations-optimized

2025-12-29 01:18:35 UTC - cron_service - WARNING - [api_endpoints.py:call_backend_endpoint:165] -
Arrr! Error calling endpoint (attempt 2/3), retrying...
Context:
  error: 500 Server Error: Internal Server Error for url: http://backend:8000/cron/generate-weekly-combinations-optimized
  endpoint: /cron/generate-weekly-combinations-optimized
  backend_url: http://backend:8000
  retry_in_seconds: 5
  timestamp: 2025-12-28T23:18:35.931359

2025-12-29 01:18:40 UTC - cron_service - INFO - [api_endpoints.py:call_backend_endpoint:28] -
Arrr! Attempting to call backend endpoint: http://backend:8000/cron/generate-weekly-combinations-optimized (attempt 3/3)

2025-12-29 01:18:40 UTC - cron_service - INFO - [api_endpoints.py:call_backend_endpoint:34] -
Arrr! Backend health check successful!

2025-12-29 01:18:40 UTC - cron_service - INFO - [api_endpoints.py:call_backend_endpoint:59] -
Arrr! Sending POST request to: http://backend:8000/cron/generate-weekly-combinations-optimized

2025-12-29 01:18:41 UTC - cron_service - ERROR - [api_endpoints.py:call_backend_endpoint:177] -
Arrr! Error calling endpoint /cron/generate-weekly-combinations-optimized after all retries!
Context:
  error: 500 Server Error: Internal Server Error for url: http://backend:8000/cron/generate-weekly-combinations-optimized
  endpoint: /cron/generate-weekly-combinations-optimized
  backend_url: http://backend:8000
  total_attempts: 3
  timestamp: 2025-12-28T23:18:41.093514

2025-12-29 01:18:41 UTC - cron_service - ERROR - [scheduler.py:run_scheduler:320] -
Arrr! Error in scheduler loop!
Context:
  error: can't subtract offset-naive and offset-aware datetimes
  consecutive_errors: 4
  max_consecutive_errors: 5
  timestamp: 2025-12-28T23:18:41.098186

2025-12-29 01:19:12 UTC - cron_service - ERROR - [api_endpoints.py:health_check_endpoint:238] -
Health check failed - backend connection error
Context:
  error: HTTPConnectionPool(host='backend', port=8000): Max retries exceeded with url: /health (Caused by NewConnectionError('<urllib3.connection.HTTPConnection object at 0x7f9b3e2fd790>: Failed to establish a new connection: [Errno 111] Connection refused'))
  timestamp: 2025-12-28T23:19:12.707200

2025-12-29 01:19:41 UTC - cron_service - INFO - [scheduler.py:_run_job_with_error_handling:115] -
Arrr! Starting scheduled job: generate-weekly-combinations-optimized
Context:
  job_name: generate-weekly-combinations-optimized
  triggered_at_utc: 2025-12-28T23:19:41.099370+00:00
  timestamp: 2025-12-28T23:19:41.100112

2025-12-29 01:19:41 UTC - cron_service - INFO - [api_endpoints.py:call_backend_endpoint:28] -
Arrr! Attempting to call backend endpoint: http://backend:8000/cron/generate-weekly-combinations-optimized (attempt 1/3)

2025-12-29 01:19:41 UTC - cron_service - INFO - [api_endpoints.py:call_backend_endpoint:34] -
Arrr! Backend health check successful!

2025-12-29 01:19:41 UTC - cron_service - INFO - [api_endpoints.py:call_backend_endpoint:59] -
Arrr! Sending POST request to: http://backend:8000/cron/generate-weekly-combinations-optimized

2025-12-29 01:20:11 UTC - cron_service - WARNING - [api_endpoints.py:call_backend_endpoint:141] -
Arrr! Timeout calling endpoint (attempt 1/3), retrying...
Context:
  error: HTTPConnectionPool(host='backend', port=8000): Read timed out. (read timeout=30)
  endpoint: /cron/generate-weekly-combinations-optimized
  backend_url: http://backend:8000
  retry_in_seconds: 5
  timestamp: 2025-12-28T23:20:11.144391

2025-12-29 01:20:16 UTC - cron_service - INFO - [api_endpoints.py:call_backend_endpoint:28] -
Arrr! Attempting to call backend endpoint: http://backend:8000/cron/generate-weekly-combinations-optimized (attempt 2/3)

2025-12-29 01:20:26 UTC - cron_service - WARNING - [api_endpoints.py:call_backend_endpoint:37] -
Arrr! Backend health check failed (attempt 2/3), retrying...
Context:
  error: HTTPConnectionPool(host='backend', port=8000): Read timed out. (read timeout=10)
  url: http://backend:8000/health
  retry_in_seconds: 5
  timestamp: 2025-12-28T23:20:26.160067

2025-12-29 01:20:31 UTC - cron_service - INFO - [api_endpoints.py:call_backend_endpoint:28] -
Arrr! Attempting to call backend endpoint: http://backend:8000/cron/generate-weekly-combinations-optimized (attempt 3/3)

2025-12-29 01:20:41 UTC - cron_service - ERROR - [api_endpoints.py:call_backend_endpoint:48] -
Arrr! Backend health check failed after all retries!
Context:
  error: HTTPConnectionPool(host='backend', port=8000): Read timed out. (read timeout=10)
  url: http://backend:8000/health
  total_attempts: 3
  timestamp: 2025-12-28T23:20:41.175330

2025-12-29 01:20:41 UTC - cron_service - ERROR - [api_endpoints.py:call_backend_endpoint:153] -
Arrr! Timeout calling endpoint after all retries!
Context:
  error: HTTPConnectionPool(host='backend', port=8000): Read timed out. (read timeout=10)
  endpoint: /cron/generate-weekly-combinations-optimized
  backend_url: http://backend:8000
  total_attempts: 3
  timestamp: 2025-12-28T23:20:41.177753

2025-12-29 01:20:41 UTC - cron_service - ERROR - [scheduler.py:run_scheduler:320] -
Arrr! Error in scheduler loop!
Context:
  error: can't subtract offset-naive and offset-aware datetimes
  consecutive_errors: 5
  max_consecutive_errors: 5
  timestamp: 2025-12-28T23:20:41.179128

2025-12-29 01:21:41 UTC - cron_service - INFO - [scheduler.py:_run_job_with_error_handling:115] -
Arrr! Starting scheduled job: generate-weekly-combinations-optimized
Context:
  job_name: generate-weekly-combinations-optimized
  triggered_at_utc: 2025-12-28T23:21:41.179784+00:00
  timestamp: 2025-12-28T23:21:41.181145

2025-12-29 01:21:41 UTC - cron_service - INFO - [api_endpoints.py:call_backend_endpoint:28] -
Arrr! Attempting to call backend endpoint: http://backend:8000/cron/generate-weekly-combinations-optimized (attempt 1/3)

2025-12-29 01:21:51 UTC - cron_service - WARNING - [api_endpoints.py:call_backend_endpoint:37] -
Arrr! Backend health check failed (attempt 1/3), retrying...
Context:
  error: HTTPConnectionPool(host='backend', port=8000): Read timed out. (read timeout=10)
  url: http://backend:8000/health
  retry_in_seconds: 5
  timestamp: 2025-12-28T23:21:51.195358

2025-12-29 01:21:56 UTC - cron_service - INFO - [api_endpoints.py:call_backend_endpoint:28] -
Arrr! Attempting to call backend endpoint: http://backend:8000/cron/generate-weekly-combinations-optimized (attempt 2/3)

2025-12-29 01:22:06 UTC - cron_service - WARNING - [api_endpoints.py:call_backend_endpoint:37] -
Arrr! Backend health check failed (attempt 2/3), retrying...
Context:
  error: HTTPConnectionPool(host='backend', port=8000): Read timed out. (read timeout=10)
  url: http://backend:8000/health
  retry_in_seconds: 5
  timestamp: 2025-12-28T23:22:06.208266

2025-12-29 01:22:11 UTC - cron_service - INFO - [api_endpoints.py:call_backend_endpoint:28] -
Arrr! Attempting to call backend endpoint: http://backend:8000/cron/generate-weekly-combinations-optimized (attempt 3/3)

2025-12-29 01:22:21 UTC - cron_service - ERROR - [api_endpoints.py:call_backend_endpoint:48] -
Arrr! Backend health check failed after all retries!
Context:
  error: HTTPConnectionPool(host='backend', port=8000): Read timed out. (read timeout=10)
  url: http://backend:8000/health
  total_attempts: 3
  timestamp: 2025-12-28T23:22:21.220070

2025-12-29 01:22:21 UTC - cron_service - ERROR - [api_endpoints.py:call_backend_endpoint:153] -
Arrr! Timeout calling endpoint after all retries!
Context:
  error: HTTPConnectionPool(host='backend', port=8000): Read timed out. (read timeout=10)
  endpoint: /cron/generate-weekly-combinations-optimized
  backend_url: http://backend:8000
  total_attempts: 3
  timestamp: 2025-12-28T23:22:21.221689

2025-12-29 12:34:59 UTC - cron_service - INFO - [unknown:unknown:0] -
Logging service initialized - log rotation: 9.5MB max, backup count: 100, cleanup scheduled via cron service at 02:00 AM daily (14 days retention)

2025-12-29 12:34:59 UTC - cron_service - INFO - [main.py:<module>:138] -
Arrr! Starting cron service...

2025-12-29 12:34:59 UTC - cron_service - INFO - [scheduler.py:setup_jobs:32] -
Arrr! TEST: Weekly combinations OPTIMIZED job scheduled to run at 10:36 UTC (in 2 minutes)!
Context:
  test_time_utc: 10:36
  current_time_utc: 2025-12-29T10:34:59.505289+00:00
  scheduled_in_minutes: 2
  endpoint: /cron/generate-weekly-combinations-optimized
  timestamp: 2025-12-29T10:34:59.507299

2025-12-29 12:34:59 UTC - cron_service - INFO - [scheduler.py:setup_jobs:78] -
Arrr! All jobs scheduled successfully!
Context:
  current_time_utc: 2025-12-29T10:34:59.508024+00:00
  scheduled_jobs: 5
  timestamp: 2025-12-29T10:34:59.508774

2025-12-29 12:34:59 UTC - cron_service - INFO - [scheduler.py:setup_jobs:101] -
Arrr! Job scheduled: generate-weekly-combinations-optimized
Context:
  job_name: generate-weekly-combinations-optimized
  next_run_utc: 2025-12-29T10:36:00+00:00
  days_until_run: 0
  hours_until_run: 0
  timestamp: 2025-12-29T10:34:59.509905

2025-12-29 12:34:59 UTC - cron_service - INFO - [scheduler.py:setup_jobs:101] -
Arrr! Job scheduled: fetch-latest-draw
Context:
  job_name: fetch-latest-draw
  next_run_utc: 2025-12-30T03:00:00+00:00
  days_until_run: 0
  hours_until_run: 16
  timestamp: 2025-12-29T10:34:59.511036

2025-12-29 12:34:59 UTC - cron_service - INFO - [scheduler.py:setup_jobs:101] -
Arrr! Job scheduled: best-model-tables-and-email
Context:
  job_name: best-model-tables-and-email
  next_run_utc: 2026-01-04T14:00:00+00:00
  days_until_run: 6
  hours_until_run: 147
  timestamp: 2025-12-29T10:34:59.512114

2025-12-29 12:34:59 UTC - cron_service - INFO - [scheduler.py:setup_jobs:101] -
Arrr! Job scheduled: cleanup-system
Context:
  job_name: cleanup-system
  next_run_utc: 2025-12-30T02:00:00+00:00
  days_until_run: 0
  hours_until_run: 15
  timestamp: 2025-12-29T10:34:59.513304

2025-12-29 12:34:59 UTC - cron_service - INFO - [scheduler.py:setup_jobs:101] -
Arrr! Job scheduled: backup-database
Context:
  job_name: backup-database
  next_run_utc: 2026-01-04T02:00:00+00:00
  days_until_run: 5
  hours_until_run: 135
  timestamp: 2025-12-29T10:34:59.514367

2025-12-29 12:34:59 UTC - cron_service - INFO - [scheduler.py:run_scheduler:274] -
Arrr! Scheduler thread started!
Context:
  current_time_utc: 2025-12-29T10:34:59.515177+00:00
  scheduled_jobs_count: 5
  timestamp: 2025-12-29T10:34:59.519885

2025-12-29 12:36:59 UTC - cron_service - INFO - [scheduler.py:_run_job_with_error_handling:115] -
Arrr! Starting scheduled job: generate-weekly-combinations-optimized
Context:
  job_name: generate-weekly-combinations-optimized
  triggered_at_utc: 2025-12-29T10:36:59.522064+00:00
  timestamp: 2025-12-29T10:36:59.525655

2025-12-29 12:36:59 UTC - cron_service - INFO - [api_endpoints.py:call_backend_endpoint:28] -
Arrr! Attempting to call backend endpoint: http://backend:8000/cron/generate-weekly-combinations-optimized (attempt 1/3)

2025-12-29 12:37:09 UTC - cron_service - WARNING - [api_endpoints.py:call_backend_endpoint:37] -
Arrr! Backend health check failed (attempt 1/3), retrying...
Context:
  error: HTTPConnectionPool(host='backend', port=8000): Read timed out. (read timeout=10)
  url: http://backend:8000/health
  retry_in_seconds: 5
  timestamp: 2025-12-29T10:37:09.540300

2025-12-29 12:37:14 UTC - cron_service - INFO - [api_endpoints.py:call_backend_endpoint:28] -
Arrr! Attempting to call backend endpoint: http://backend:8000/cron/generate-weekly-combinations-optimized (attempt 2/3)

2025-12-29 12:37:24 UTC - cron_service - WARNING - [api_endpoints.py:call_backend_endpoint:37] -
Arrr! Backend health check failed (attempt 2/3), retrying...
Context:
  error: HTTPConnectionPool(host='backend', port=8000): Read timed out. (read timeout=10)
  url: http://backend:8000/health
  retry_in_seconds: 5
  timestamp: 2025-12-29T10:37:24.554776

2025-12-29 12:37:29 UTC - cron_service - INFO - [api_endpoints.py:call_backend_endpoint:28] -
Arrr! Attempting to call backend endpoint: http://backend:8000/cron/generate-weekly-combinations-optimized (attempt 3/3)

2025-12-29 12:37:39 UTC - cron_service - ERROR - [api_endpoints.py:call_backend_endpoint:48] -
Arrr! Backend health check failed after all retries!
Context:
  error: HTTPConnectionPool(host='backend', port=8000): Read timed out. (read timeout=10)
  url: http://backend:8000/health
  total_attempts: 3
  timestamp: 2025-12-29T10:37:39.570314

2025-12-29 12:37:39 UTC - cron_service - ERROR - [api_endpoints.py:call_backend_endpoint:153] -
Arrr! Timeout calling endpoint after all retries!
Context:
  error: HTTPConnectionPool(host='backend', port=8000): Read timed out. (read timeout=10)
  endpoint: /cron/generate-weekly-combinations-optimized
  backend_url: http://backend:8000
  total_attempts: 3
  timestamp: 2025-12-29T10:37:39.571928

2025-12-29 12:37:39 UTC - cron_service - ERROR - [error_handler.py:handle_job_error:28] -
Arrr! Cron job 'generate-weekly-combinations-optimized' failed!
Context:
  job_name: generate-weekly-combinations-optimized
  error: HTTPConnectionPool(host='backend', port=8000): Read timed out. (read timeout=10)
  error_type: ReadTimeout
  traceback: Traceback (most recent call last):
  File "/usr/local/lib/python3.11/site-packages/urllib3/connectionpool.py", line 534, in _make_request
    response = conn.getresponse()
               ^^^^^^^^^^^^^^^^^^
  File "/usr/local/lib/python3.11/site-packages/urllib3/connection.py", line 565, in getresponse
    httplib_response = super().getresponse()
                       ^^^^^^^^^^^^^^^^^^^^^
  File "/usr/local/lib/python3.11/http/client.py", line 1395, in getresponse
    response.begin()
  File "/usr/local/lib/python3.11/http/client.py", line 325, in begin
    version, status, reason = self._read_status()
                              ^^^^^^^^^^^^^^^^^^^
  File "/usr/local/lib/python3.11/http/client.py", line 286, in _read_status
    line = str(self.fp.readline(_MAXLINE + 1), "iso-8859-1")
               ^^^^^^^^^^^^^^^^^^^^^^^^^^^^^^
  File "/usr/local/lib/python3.11/socket.py", line 718, in readinto
    return self._sock.recv_into(b)
           ^^^^^^^^^^^^^^^^^^^^^^^
TimeoutError: timed out

The above exception was the direct cause of the following exception:

Traceback (most recent call last):
  File "/usr/local/lib/python3.11/site-packages/requests/adapters.py", line 486, in send
    resp = conn.urlopen(
           ^^^^^^^^^^^^^
  File "/usr/local/lib/python3.11/site-packages/urllib3/connectionpool.py", line 841, in urlopen
    retries = retries.increment(
              ^^^^^^^^^^^^^^^^^^
  File "/usr/local/lib/python3.11/site-packages/urllib3/util/retry.py", line 474, in increment
    raise reraise(type(error), error, _stacktrace)
          ^^^^^^^^^^^^^^^^^^^^^^^^^^^^^^^^^^^^^^^^
  File "/usr/local/lib/python3.11/site-packages/urllib3/util/util.py", line 39, in reraise
    raise value
  File "/usr/local/lib/python3.11/site-packages/urllib3/connectionpool.py", line 787, in urlopen
    response = self._make_request(
               ^^^^^^^^^^^^^^^^^^^
  File "/usr/local/lib/python3.11/site-packages/urllib3/connectionpool.py", line 536, in _make_request
    self._raise_timeout(err=e, url=url, timeout_value=read_timeout)
  File "/usr/local/lib/python3.11/site-packages/urllib3/connectionpool.py", line 367, in _raise_timeout
    raise ReadTimeoutError(
urllib3.exceptions.ReadTimeoutError: HTTPConnectionPool(host='backend', port=8000): Read timed out. (read timeout=10)

During handling of the above exception, another exception occurred:

Traceback (most recent call last):
  File "/app/cron/scheduler.py", line 121, in _run_job_with_error_handling
    job_function()
  File "/app/cron/scheduler.py", line 29, in <lambda>
    lambda: call_backend_endpoint("/cron/generate-weekly-combinations-optimized", last_successful_job),
            ^^^^^^^^^^^^^^^^^^^^^^^^^^^^^^^^^^^^^^^^^^^^^^^^^^^^^^^^^^^^^^^^^^^^^^^^^^^^^^^^^^^^^^^^^^
  File "/app/cron/api_endpoints.py", line 32, in call_backend_endpoint
    health_check = requests.get(f"{backend_url}/health", timeout=10)
                   ^^^^^^^^^^^^^^^^^^^^^^^^^^^^^^^^^^^^^^^^^^^^^^^^^
  File "/usr/local/lib/python3.11/site-packages/requests/api.py", line 73, in get
    return request("get", url, params=params, **kwargs)
           ^^^^^^^^^^^^^^^^^^^^^^^^^^^^^^^^^^^^^^^^^^^^
  File "/usr/local/lib/python3.11/site-packages/requests/api.py", line 59, in request
    return session.request(method=method, url=url, **kwargs)
           ^^^^^^^^^^^^^^^^^^^^^^^^^^^^^^^^^^^^^^^^^^^^^^^^^
  File "/usr/local/lib/python3.11/site-packages/requests/sessions.py", line 589, in request
    resp = self.send(prep, **send_kwargs)
           ^^^^^^^^^^^^^^^^^^^^^^^^^^^^^^
  File "/usr/local/lib/python3.11/site-packages/requests/sessions.py", line 703, in send
    r = adapter.send(request, **kwargs)
        ^^^^^^^^^^^^^^^^^^^^^^^^^^^^^^^
  File "/usr/local/lib/python3.11/site-packages/requests/adapters.py", line 532, in send
    raise ReadTimeout(e, request=request)
requests.exceptions.ReadTimeout: HTTPConnectionPool(host='backend', port=8000): Read timed out. (read timeout=10)

  context:
    last_successful_job: None
    scheduled_time: 2025-12-29T10:37:39.572306
    job_type: scheduled
    failure_count: 1
  timestamp: 2025-12-29T10:37:39.593536

2025-12-29 12:37:42 UTC - cron_service - INFO - [error_handler.py:_send_error_notification:72] -
Arrr! Error notification sent for job 'generate-weekly-combinations-optimized'
Context:
  job_name: generate-weekly-combinations-optimized
  timestamp: 2025-12-29T10:37:42.211513

2025-12-29 12:37:42 UTC - cron_service - ERROR - [scheduler.py:run_scheduler:320] -
Arrr! Error in scheduler loop!
Context:
  error: HTTPConnectionPool(host='backend', port=8000): Read timed out. (read timeout=10)
  consecutive_errors: 1
  max_consecutive_errors: 5
  timestamp: 2025-12-29T10:37:42.212515

2025-12-29 12:38:42 UTC - cron_service - INFO - [scheduler.py:_run_job_with_error_handling:115] -
Arrr! Starting scheduled job: generate-weekly-combinations-optimized
Context:
  job_name: generate-weekly-combinations-optimized
  triggered_at_utc: 2025-12-29T10:38:42.213327+00:00
  timestamp: 2025-12-29T10:38:42.214311

2025-12-29 12:38:42 UTC - cron_service - INFO - [api_endpoints.py:call_backend_endpoint:28] -
Arrr! Attempting to call backend endpoint: http://backend:8000/cron/generate-weekly-combinations-optimized (attempt 1/3)

2025-12-29 12:38:52 UTC - cron_service - WARNING - [api_endpoints.py:call_backend_endpoint:37] -
Arrr! Backend health check failed (attempt 1/3), retrying...
Context:
  error: HTTPConnectionPool(host='backend', port=8000): Read timed out. (read timeout=10)
  url: http://backend:8000/health
  retry_in_seconds: 5
  timestamp: 2025-12-29T10:38:52.227714

2025-12-29 12:38:57 UTC - cron_service - INFO - [api_endpoints.py:call_backend_endpoint:28] -
Arrr! Attempting to call backend endpoint: http://backend:8000/cron/generate-weekly-combinations-optimized (attempt 2/3)

2025-12-29 12:39:07 UTC - cron_service - WARNING - [api_endpoints.py:call_backend_endpoint:37] -
Arrr! Backend health check failed (attempt 2/3), retrying...
Context:
  error: HTTPConnectionPool(host='backend', port=8000): Read timed out. (read timeout=10)
  url: http://backend:8000/health
  retry_in_seconds: 5
  timestamp: 2025-12-29T10:39:07.239873

2025-12-29 12:39:12 UTC - cron_service - INFO - [api_endpoints.py:call_backend_endpoint:28] -
Arrr! Attempting to call backend endpoint: http://backend:8000/cron/generate-weekly-combinations-optimized (attempt 3/3)

2025-12-29 12:39:22 UTC - cron_service - ERROR - [api_endpoints.py:call_backend_endpoint:48] -
Arrr! Backend health check failed after all retries!
Context:
  error: HTTPConnectionPool(host='backend', port=8000): Read timed out. (read timeout=10)
  url: http://backend:8000/health
  total_attempts: 3
  timestamp: 2025-12-29T10:39:22.254242

2025-12-29 12:39:22 UTC - cron_service - ERROR - [api_endpoints.py:call_backend_endpoint:153] -
Arrr! Timeout calling endpoint after all retries!
Context:
  error: HTTPConnectionPool(host='backend', port=8000): Read timed out. (read timeout=10)
  endpoint: /cron/generate-weekly-combinations-optimized
  backend_url: http://backend:8000
  total_attempts: 3
  timestamp: 2025-12-29T10:39:22.256336

2025-12-29 12:39:22 UTC - cron_service - ERROR - [error_handler.py:handle_job_error:28] -
Arrr! Cron job 'generate-weekly-combinations-optimized' failed!
Context:
  job_name: generate-weekly-combinations-optimized
  error: HTTPConnectionPool(host='backend', port=8000): Read timed out. (read timeout=10)
  error_type: ReadTimeout
  traceback: Traceback (most recent call last):
  File "/usr/local/lib/python3.11/site-packages/urllib3/connectionpool.py", line 534, in _make_request
    response = conn.getresponse()
               ^^^^^^^^^^^^^^^^^^
  File "/usr/local/lib/python3.11/site-packages/urllib3/connection.py", line 565, in getresponse
    httplib_response = super().getresponse()
                       ^^^^^^^^^^^^^^^^^^^^^
  File "/usr/local/lib/python3.11/http/client.py", line 1395, in getresponse
    response.begin()
  File "/usr/local/lib/python3.11/http/client.py", line 325, in begin
    version, status, reason = self._read_status()
                              ^^^^^^^^^^^^^^^^^^^
  File "/usr/local/lib/python3.11/http/client.py", line 286, in _read_status
    line = str(self.fp.readline(_MAXLINE + 1), "iso-8859-1")
               ^^^^^^^^^^^^^^^^^^^^^^^^^^^^^^
  File "/usr/local/lib/python3.11/socket.py", line 718, in readinto
    return self._sock.recv_into(b)
           ^^^^^^^^^^^^^^^^^^^^^^^
TimeoutError: timed out

The above exception was the direct cause of the following exception:

Traceback (most recent call last):
  File "/usr/local/lib/python3.11/site-packages/requests/adapters.py", line 486, in send
    resp = conn.urlopen(
           ^^^^^^^^^^^^^
  File "/usr/local/lib/python3.11/site-packages/urllib3/connectionpool.py", line 841, in urlopen
    retries = retries.increment(
              ^^^^^^^^^^^^^^^^^^
  File "/usr/local/lib/python3.11/site-packages/urllib3/util/retry.py", line 474, in increment
    raise reraise(type(error), error, _stacktrace)
          ^^^^^^^^^^^^^^^^^^^^^^^^^^^^^^^^^^^^^^^^
  File "/usr/local/lib/python3.11/site-packages/urllib3/util/util.py", line 39, in reraise
    raise value
  File "/usr/local/lib/python3.11/site-packages/urllib3/connectionpool.py", line 787, in urlopen
    response = self._make_request(
               ^^^^^^^^^^^^^^^^^^^
  File "/usr/local/lib/python3.11/site-packages/urllib3/connectionpool.py", line 536, in _make_request
    self._raise_timeout(err=e, url=url, timeout_value=read_timeout)
  File "/usr/local/lib/python3.11/site-packages/urllib3/connectionpool.py", line 367, in _raise_timeout
    raise ReadTimeoutError(
urllib3.exceptions.ReadTimeoutError: HTTPConnectionPool(host='backend', port=8000): Read timed out. (read timeout=10)

During handling of the above exception, another exception occurred:

Traceback (most recent call last):
  File "/app/cron/scheduler.py", line 121, in _run_job_with_error_handling
    job_function()
  File "/app/cron/scheduler.py", line 29, in <lambda>
    lambda: call_backend_endpoint("/cron/generate-weekly-combinations-optimized", last_successful_job),
            ^^^^^^^^^^^^^^^^^^^^^^^^^^^^^^^^^^^^^^^^^^^^^^^^^^^^^^^^^^^^^^^^^^^^^^^^^^^^^^^^^^^^^^^^^^
  File "/app/cron/api_endpoints.py", line 32, in call_backend_endpoint
    health_check = requests.get(f"{backend_url}/health", timeout=10)
                   ^^^^^^^^^^^^^^^^^^^^^^^^^^^^^^^^^^^^^^^^^^^^^^^^^
  File "/usr/local/lib/python3.11/site-packages/requests/api.py", line 73, in get
    return request("get", url, params=params, **kwargs)
           ^^^^^^^^^^^^^^^^^^^^^^^^^^^^^^^^^^^^^^^^^^^^
  File "/usr/local/lib/python3.11/site-packages/requests/api.py", line 59, in request
    return session.request(method=method, url=url, **kwargs)
           ^^^^^^^^^^^^^^^^^^^^^^^^^^^^^^^^^^^^^^^^^^^^^^^^^
  File "/usr/local/lib/python3.11/site-packages/requests/sessions.py", line 589, in request
    resp = self.send(prep, **send_kwargs)
           ^^^^^^^^^^^^^^^^^^^^^^^^^^^^^^
  File "/usr/local/lib/python3.11/site-packages/requests/sessions.py", line 703, in send
    r = adapter.send(request, **kwargs)
        ^^^^^^^^^^^^^^^^^^^^^^^^^^^^^^^
  File "/usr/local/lib/python3.11/site-packages/requests/adapters.py", line 532, in send
    raise ReadTimeout(e, request=request)
requests.exceptions.ReadTimeout: HTTPConnectionPool(host='backend', port=8000): Read timed out. (read timeout=10)

  context:
    last_successful_job: None
    scheduled_time: 2025-12-29T10:39:22.256801
    job_type: scheduled
    failure_count: 2
  timestamp: 2025-12-29T10:39:22.259941

2025-12-29 12:39:24 UTC - cron_service - INFO - [error_handler.py:_send_error_notification:72] -
Arrr! Error notification sent for job 'generate-weekly-combinations-optimized'
Context:
  job_name: generate-weekly-combinations-optimized
  timestamp: 2025-12-29T10:39:24.754790

2025-12-29 12:39:24 UTC - cron_service - ERROR - [scheduler.py:run_scheduler:320] -
Arrr! Error in scheduler loop!
Context:
  error: HTTPConnectionPool(host='backend', port=8000): Read timed out. (read timeout=10)
  consecutive_errors: 2
  max_consecutive_errors: 5
  timestamp: 2025-12-29T10:39:24.755940

2025-12-29 12:40:24 UTC - cron_service - INFO - [scheduler.py:_run_job_with_error_handling:115] -
Arrr! Starting scheduled job: generate-weekly-combinations-optimized
Context:
  job_name: generate-weekly-combinations-optimized
  triggered_at_utc: 2025-12-29T10:40:24.756534+00:00
  timestamp: 2025-12-29T10:40:24.757485

2025-12-29 12:40:24 UTC - cron_service - INFO - [api_endpoints.py:call_backend_endpoint:28] -
Arrr! Attempting to call backend endpoint: http://backend:8000/cron/generate-weekly-combinations-optimized (attempt 1/3)

2025-12-29 12:40:34 UTC - cron_service - WARNING - [api_endpoints.py:call_backend_endpoint:37] -
Arrr! Backend health check failed (attempt 1/3), retrying...
Context:
  error: HTTPConnectionPool(host='backend', port=8000): Read timed out. (read timeout=10)
  url: http://backend:8000/health
  retry_in_seconds: 5
  timestamp: 2025-12-29T10:40:34.768751

2025-12-29 12:40:39 UTC - cron_service - INFO - [api_endpoints.py:call_backend_endpoint:28] -
Arrr! Attempting to call backend endpoint: http://backend:8000/cron/generate-weekly-combinations-optimized (attempt 2/3)

2025-12-29 12:40:49 UTC - cron_service - WARNING - [api_endpoints.py:call_backend_endpoint:37] -
Arrr! Backend health check failed (attempt 2/3), retrying...
Context:
  error: HTTPConnectionPool(host='backend', port=8000): Read timed out. (read timeout=10)
  url: http://backend:8000/health
  retry_in_seconds: 5
  timestamp: 2025-12-29T10:40:49.781721

2025-12-29 12:40:54 UTC - cron_service - INFO - [api_endpoints.py:call_backend_endpoint:28] -
Arrr! Attempting to call backend endpoint: http://backend:8000/cron/generate-weekly-combinations-optimized (attempt 3/3)

2025-12-29 12:41:04 UTC - cron_service - ERROR - [api_endpoints.py:call_backend_endpoint:48] -
Arrr! Backend health check failed after all retries!
Context:
  error: HTTPConnectionPool(host='backend', port=8000): Read timed out. (read timeout=10)
  url: http://backend:8000/health
  total_attempts: 3
  timestamp: 2025-12-29T10:41:04.796470

2025-12-29 12:41:04 UTC - cron_service - ERROR - [api_endpoints.py:call_backend_endpoint:153] -
Arrr! Timeout calling endpoint after all retries!
Context:
  error: HTTPConnectionPool(host='backend', port=8000): Read timed out. (read timeout=10)
  endpoint: /cron/generate-weekly-combinations-optimized
  backend_url: http://backend:8000
  total_attempts: 3
  timestamp: 2025-12-29T10:41:04.798470

2025-12-29 12:41:04 UTC - cron_service - ERROR - [scheduler.py:run_scheduler:320] -
Arrr! Error in scheduler loop!
Context:
  error: can't subtract offset-naive and offset-aware datetimes
  consecutive_errors: 3
  max_consecutive_errors: 5
  timestamp: 2025-12-29T10:41:04.799705

2025-12-29 12:42:04 UTC - cron_service - INFO - [scheduler.py:_run_job_with_error_handling:115] -
Arrr! Starting scheduled job: generate-weekly-combinations-optimized
Context:
  job_name: generate-weekly-combinations-optimized
  triggered_at_utc: 2025-12-29T10:42:04.800314+00:00
  timestamp: 2025-12-29T10:42:04.802104

2025-12-29 12:42:04 UTC - cron_service - INFO - [api_endpoints.py:call_backend_endpoint:28] -
Arrr! Attempting to call backend endpoint: http://backend:8000/cron/generate-weekly-combinations-optimized (attempt 1/3)

2025-12-29 12:42:14 UTC - cron_service - WARNING - [api_endpoints.py:call_backend_endpoint:37] -
Arrr! Backend health check failed (attempt 1/3), retrying...
Context:
  error: HTTPConnectionPool(host='backend', port=8000): Read timed out. (read timeout=10)
  url: http://backend:8000/health
  retry_in_seconds: 5
  timestamp: 2025-12-29T10:42:14.818209

2025-12-29 12:42:19 UTC - cron_service - INFO - [api_endpoints.py:call_backend_endpoint:28] -
Arrr! Attempting to call backend endpoint: http://backend:8000/cron/generate-weekly-combinations-optimized (attempt 2/3)

2025-12-29 12:42:29 UTC - cron_service - WARNING - [api_endpoints.py:call_backend_endpoint:37] -
Arrr! Backend health check failed (attempt 2/3), retrying...
Context:
  error: HTTPConnectionPool(host='backend', port=8000): Read timed out. (read timeout=10)
  url: http://backend:8000/health
  retry_in_seconds: 5
  timestamp: 2025-12-29T10:42:29.831600

2025-12-29 12:42:34 UTC - cron_service - INFO - [api_endpoints.py:call_backend_endpoint:28] -
Arrr! Attempting to call backend endpoint: http://backend:8000/cron/generate-weekly-combinations-optimized (attempt 3/3)

2025-12-29 12:42:44 UTC - cron_service - ERROR - [api_endpoints.py:call_backend_endpoint:48] -
Arrr! Backend health check failed after all retries!
Context:
  error: HTTPConnectionPool(host='backend', port=8000): Read timed out. (read timeout=10)
  url: http://backend:8000/health
  total_attempts: 3
  timestamp: 2025-12-29T10:42:44.842929

2025-12-29 12:42:44 UTC - cron_service - ERROR - [api_endpoints.py:call_backend_endpoint:153] -
Arrr! Timeout calling endpoint after all retries!
Context:
  error: HTTPConnectionPool(host='backend', port=8000): Read timed out. (read timeout=10)
  endpoint: /cron/generate-weekly-combinations-optimized
  backend_url: http://backend:8000
  total_attempts: 3
  timestamp: 2025-12-29T10:42:44.845346

2025-12-29 12:42:44 UTC - cron_service - ERROR - [scheduler.py:run_scheduler:320] -
Arrr! Error in scheduler loop!
Context:
  error: can't subtract offset-naive and offset-aware datetimes
  consecutive_errors: 4
  max_consecutive_errors: 5
  timestamp: 2025-12-29T10:42:44.846891

2025-12-29 12:43:44 UTC - cron_service - INFO - [scheduler.py:_run_job_with_error_handling:115] -
Arrr! Starting scheduled job: generate-weekly-combinations-optimized
Context:
  job_name: generate-weekly-combinations-optimized
  triggered_at_utc: 2025-12-29T10:43:44.847675+00:00
  timestamp: 2025-12-29T10:43:44.848871

2025-12-29 12:43:44 UTC - cron_service - INFO - [api_endpoints.py:call_backend_endpoint:28] -
Arrr! Attempting to call backend endpoint: http://backend:8000/cron/generate-weekly-combinations-optimized (attempt 1/3)

2025-12-29 12:43:54 UTC - cron_service - WARNING - [api_endpoints.py:call_backend_endpoint:37] -
Arrr! Backend health check failed (attempt 1/3), retrying...
Context:
  error: HTTPConnectionPool(host='backend', port=8000): Read timed out. (read timeout=10)
  url: http://backend:8000/health
  retry_in_seconds: 5
  timestamp: 2025-12-29T10:43:54.864143

2025-12-29 12:43:59 UTC - cron_service - INFO - [api_endpoints.py:call_backend_endpoint:28] -
Arrr! Attempting to call backend endpoint: http://backend:8000/cron/generate-weekly-combinations-optimized (attempt 2/3)

2025-12-29 12:44:09 UTC - cron_service - WARNING - [api_endpoints.py:call_backend_endpoint:37] -
Arrr! Backend health check failed (attempt 2/3), retrying...
Context:
  error: HTTPConnectionPool(host='backend', port=8000): Read timed out. (read timeout=10)
  url: http://backend:8000/health
  retry_in_seconds: 5
  timestamp: 2025-12-29T10:44:09.879065

2025-12-29 12:44:14 UTC - cron_service - INFO - [api_endpoints.py:call_backend_endpoint:28] -
Arrr! Attempting to call backend endpoint: http://backend:8000/cron/generate-weekly-combinations-optimized (attempt 3/3)

2025-12-29 12:44:24 UTC - cron_service - ERROR - [api_endpoints.py:call_backend_endpoint:48] -
Arrr! Backend health check failed after all retries!
Context:
  error: HTTPConnectionPool(host='backend', port=8000): Read timed out. (read timeout=10)
  url: http://backend:8000/health
  total_attempts: 3
  timestamp: 2025-12-29T10:44:24.888138

2025-12-29 12:44:24 UTC - cron_service - ERROR - [api_endpoints.py:call_backend_endpoint:153] -
Arrr! Timeout calling endpoint after all retries!
Context:
  error: HTTPConnectionPool(host='backend', port=8000): Read timed out. (read timeout=10)
  endpoint: /cron/generate-weekly-combinations-optimized
  backend_url: http://backend:8000
  total_attempts: 3
  timestamp: 2025-12-29T10:44:24.889847

2025-12-29 12:44:24 UTC - cron_service - ERROR - [scheduler.py:run_scheduler:320] -
Arrr! Error in scheduler loop!
Context:
  error: can't subtract offset-naive and offset-aware datetimes
  consecutive_errors: 5
  max_consecutive_errors: 5
  timestamp: 2025-12-29T10:44:24.890905

2025-12-29 12:45:24 UTC - cron_service - INFO - [scheduler.py:_run_job_with_error_handling:115] -
Arrr! Starting scheduled job: generate-weekly-combinations-optimized
Context:
  job_name: generate-weekly-combinations-optimized
  triggered_at_utc: 2025-12-29T10:45:24.891827+00:00
  timestamp: 2025-12-29T10:45:24.893276

2025-12-29 12:45:24 UTC - cron_service - INFO - [api_endpoints.py:call_backend_endpoint:28] -
Arrr! Attempting to call backend endpoint: http://backend:8000/cron/generate-weekly-combinations-optimized (attempt 1/3)

2025-12-29 12:45:34 UTC - cron_service - WARNING - [api_endpoints.py:call_backend_endpoint:37] -
Arrr! Backend health check failed (attempt 1/3), retrying...
Context:
  error: HTTPConnectionPool(host='backend', port=8000): Read timed out. (read timeout=10)
  url: http://backend:8000/health
  retry_in_seconds: 5
  timestamp: 2025-12-29T10:45:34.909063

2025-12-29 12:45:39 UTC - cron_service - INFO - [api_endpoints.py:call_backend_endpoint:28] -
Arrr! Attempting to call backend endpoint: http://backend:8000/cron/generate-weekly-combinations-optimized (attempt 2/3)

2025-12-29 12:45:49 UTC - cron_service - WARNING - [api_endpoints.py:call_backend_endpoint:37] -
Arrr! Backend health check failed (attempt 2/3), retrying...
Context:
  error: HTTPConnectionPool(host='backend', port=8000): Read timed out. (read timeout=10)
  url: http://backend:8000/health
  retry_in_seconds: 5
  timestamp: 2025-12-29T10:45:49.924283

2025-12-29 12:45:54 UTC - cron_service - INFO - [api_endpoints.py:call_backend_endpoint:28] -
Arrr! Attempting to call backend endpoint: http://backend:8000/cron/generate-weekly-combinations-optimized (attempt 3/3)

2025-12-29 12:46:04 UTC - cron_service - ERROR - [api_endpoints.py:call_backend_endpoint:48] -
Arrr! Backend health check failed after all retries!
Context:
  error: HTTPConnectionPool(host='backend', port=8000): Read timed out. (read timeout=10)
  url: http://backend:8000/health
  total_attempts: 3
  timestamp: 2025-12-29T10:46:04.934935

2025-12-29 12:46:04 UTC - cron_service - ERROR - [api_endpoints.py:call_backend_endpoint:153] -
Arrr! Timeout calling endpoint after all retries!
Context:
  error: HTTPConnectionPool(host='backend', port=8000): Read timed out. (read timeout=10)
  endpoint: /cron/generate-weekly-combinations-optimized
  backend_url: http://backend:8000
  total_attempts: 3
  timestamp: 2025-12-29T10:46:04.937048

2025-12-29 12:50:34 UTC - cron_service - INFO - [unknown:unknown:0] -
Logging service initialized - log rotation: 9.5MB max, backup count: 100, cleanup scheduled via cron service at 02:00 AM daily (14 days retention)

2025-12-29 12:50:34 UTC - cron_service - INFO - [main.py:<module>:138] -
Arrr! Starting cron service...

2025-12-29 12:50:34 UTC - cron_service - INFO - [scheduler.py:setup_jobs:32] -
Arrr! TEST: Weekly combinations OPTIMIZED job scheduled to run at 10:52 UTC (in 2 minutes)!
Context:
  test_time_utc: 10:52
  current_time_utc: 2025-12-29T10:50:34.706379+00:00
  scheduled_in_minutes: 2
  endpoint: /cron/generate-weekly-combinations-optimized
  timestamp: 2025-12-29T10:50:34.707692

2025-12-29 12:50:34 UTC - cron_service - INFO - [scheduler.py:setup_jobs:78] -
Arrr! All jobs scheduled successfully!
Context:
  current_time_utc: 2025-12-29T10:50:34.708393+00:00
  scheduled_jobs: 5
  timestamp: 2025-12-29T10:50:34.708808

2025-12-29 12:50:34 UTC - cron_service - INFO - [scheduler.py:setup_jobs:101] -
Arrr! Job scheduled: generate-weekly-combinations-optimized
Context:
  job_name: generate-weekly-combinations-optimized
  next_run_utc: 2025-12-29T10:52:00+00:00
  days_until_run: 0
  hours_until_run: 0
  timestamp: 2025-12-29T10:50:34.709733

2025-12-29 12:50:34 UTC - cron_service - INFO - [scheduler.py:setup_jobs:101] -
Arrr! Job scheduled: fetch-latest-draw
Context:
  job_name: fetch-latest-draw
  next_run_utc: 2025-12-30T03:00:00+00:00
  days_until_run: 0
  hours_until_run: 16
  timestamp: 2025-12-29T10:50:34.710552

2025-12-29 12:50:34 UTC - cron_service - INFO - [scheduler.py:setup_jobs:101] -
Arrr! Job scheduled: best-model-tables-and-email
Context:
  job_name: best-model-tables-and-email
  next_run_utc: 2026-01-04T14:00:00+00:00
  days_until_run: 6
  hours_until_run: 147
  timestamp: 2025-12-29T10:50:34.711420

2025-12-29 12:50:34 UTC - cron_service - INFO - [scheduler.py:setup_jobs:101] -
Arrr! Job scheduled: cleanup-system
Context:
  job_name: cleanup-system
  next_run_utc: 2025-12-30T02:00:00+00:00
  days_until_run: 0
  hours_until_run: 15
  timestamp: 2025-12-29T10:50:34.712209

2025-12-29 12:50:34 UTC - cron_service - INFO - [scheduler.py:setup_jobs:101] -
Arrr! Job scheduled: backup-database
Context:
  job_name: backup-database
  next_run_utc: 2026-01-04T02:00:00+00:00
  days_until_run: 5
  hours_until_run: 135
  timestamp: 2025-12-29T10:50:34.712982

2025-12-29 12:50:34 UTC - cron_service - INFO - [scheduler.py:run_scheduler:274] -
Arrr! Scheduler thread started!
Context:
  current_time_utc: 2025-12-29T10:50:34.713697+00:00
  scheduled_jobs_count: 5
  timestamp: 2025-12-29T10:50:34.716722

2025-12-29 12:50:57 UTC - cron_service - INFO - [unknown:unknown:0] -
Logging service initialized - log rotation: 9.5MB max, backup count: 100, cleanup scheduled via cron service at 02:00 AM daily (14 days retention)

2025-12-29 12:50:57 UTC - cron_service - INFO - [main.py:<module>:138] -
Arrr! Starting cron service...

2025-12-29 12:50:57 UTC - cron_service - INFO - [scheduler.py:setup_jobs:32] -
Arrr! TEST: Weekly combinations OPTIMIZED job scheduled to run at 10:52 UTC (in 2 minutes)!
Context:
  test_time_utc: 10:52
  current_time_utc: 2025-12-29T10:50:57.317807+00:00
  scheduled_in_minutes: 2
  endpoint: /cron/generate-weekly-combinations-optimized
  timestamp: 2025-12-29T10:50:57.318846

2025-12-29 12:50:57 UTC - cron_service - INFO - [scheduler.py:setup_jobs:78] -
Arrr! All jobs scheduled successfully!
Context:
  current_time_utc: 2025-12-29T10:50:57.319348+00:00
  scheduled_jobs: 5
  timestamp: 2025-12-29T10:50:57.319803

2025-12-29 12:50:57 UTC - cron_service - INFO - [scheduler.py:setup_jobs:101] -
Arrr! Job scheduled: generate-weekly-combinations-optimized
Context:
  job_name: generate-weekly-combinations-optimized
  next_run_utc: 2025-12-29T10:52:00+00:00
  days_until_run: 0
  hours_until_run: 0
  timestamp: 2025-12-29T10:50:57.320627

2025-12-29 12:50:57 UTC - cron_service - INFO - [scheduler.py:setup_jobs:101] -
Arrr! Job scheduled: fetch-latest-draw
Context:
  job_name: fetch-latest-draw
  next_run_utc: 2025-12-30T03:00:00+00:00
  days_until_run: 0
  hours_until_run: 16
  timestamp: 2025-12-29T10:50:57.321419

2025-12-29 12:50:57 UTC - cron_service - INFO - [scheduler.py:setup_jobs:101] -
Arrr! Job scheduled: best-model-tables-and-email
Context:
  job_name: best-model-tables-and-email
  next_run_utc: 2026-01-04T14:00:00+00:00
  days_until_run: 6
  hours_until_run: 147
  timestamp: 2025-12-29T10:50:57.322234

2025-12-29 12:50:57 UTC - cron_service - INFO - [scheduler.py:setup_jobs:101] -
Arrr! Job scheduled: cleanup-system
Context:
  job_name: cleanup-system
  next_run_utc: 2025-12-30T02:00:00+00:00
  days_until_run: 0
  hours_until_run: 15
  timestamp: 2025-12-29T10:50:57.323078

2025-12-29 12:50:57 UTC - cron_service - INFO - [scheduler.py:setup_jobs:101] -
Arrr! Job scheduled: backup-database
Context:
  job_name: backup-database
  next_run_utc: 2026-01-04T02:00:00+00:00
  days_until_run: 5
  hours_until_run: 135
  timestamp: 2025-12-29T10:50:57.323834

2025-12-29 12:50:57 UTC - cron_service - INFO - [scheduler.py:run_scheduler:274] -
Arrr! Scheduler thread started!
Context:
  current_time_utc: 2025-12-29T10:50:57.324420+00:00
  scheduled_jobs_count: 5
  timestamp: 2025-12-29T10:50:57.325496

2025-12-29 12:51:30 UTC - cron_service - INFO - [unknown:unknown:0] -
Logging service initialized - log rotation: 9.5MB max, backup count: 100, cleanup scheduled via cron service at 02:00 AM daily (14 days retention)

2025-12-29 12:51:30 UTC - cron_service - INFO - [main.py:<module>:138] -
Arrr! Starting cron service...

2025-12-29 12:51:30 UTC - cron_service - INFO - [scheduler.py:setup_jobs:32] -
Arrr! TEST: Weekly combinations OPTIMIZED job scheduled to run at 10:53 UTC (in 2 minutes)!
Context:
  test_time_utc: 10:53
  current_time_utc: 2025-12-29T10:51:30.338690+00:00
  scheduled_in_minutes: 2
  endpoint: /cron/generate-weekly-combinations-optimized
  timestamp: 2025-12-29T10:51:30.339703

2025-12-29 12:51:30 UTC - cron_service - INFO - [scheduler.py:setup_jobs:78] -
Arrr! All jobs scheduled successfully!
Context:
  current_time_utc: 2025-12-29T10:51:30.340358+00:00
  scheduled_jobs: 5
  timestamp: 2025-12-29T10:51:30.340865

2025-12-29 12:51:30 UTC - cron_service - INFO - [scheduler.py:setup_jobs:101] -
Arrr! Job scheduled: generate-weekly-combinations-optimized
Context:
  job_name: generate-weekly-combinations-optimized
  next_run_utc: 2025-12-29T10:53:00+00:00
  days_until_run: 0
  hours_until_run: 0
  timestamp: 2025-12-29T10:51:30.341914

2025-12-29 12:51:30 UTC - cron_service - INFO - [scheduler.py:setup_jobs:101] -
Arrr! Job scheduled: fetch-latest-draw
Context:
  job_name: fetch-latest-draw
  next_run_utc: 2025-12-30T03:00:00+00:00
  days_until_run: 0
  hours_until_run: 16
  timestamp: 2025-12-29T10:51:30.343496

2025-12-29 12:51:30 UTC - cron_service - INFO - [scheduler.py:setup_jobs:101] -
Arrr! Job scheduled: best-model-tables-and-email
Context:
  job_name: best-model-tables-and-email
  next_run_utc: 2026-01-04T14:00:00+00:00
  days_until_run: 6
  hours_until_run: 147
  timestamp: 2025-12-29T10:51:30.344431

2025-12-29 12:51:30 UTC - cron_service - INFO - [scheduler.py:setup_jobs:101] -
Arrr! Job scheduled: cleanup-system
Context:
  job_name: cleanup-system
  next_run_utc: 2025-12-30T02:00:00+00:00
  days_until_run: 0
  hours_until_run: 15
  timestamp: 2025-12-29T10:51:30.345356

2025-12-29 12:51:30 UTC - cron_service - INFO - [scheduler.py:setup_jobs:101] -
Arrr! Job scheduled: backup-database
Context:
  job_name: backup-database
  next_run_utc: 2026-01-04T02:00:00+00:00
  days_until_run: 5
  hours_until_run: 135
  timestamp: 2025-12-29T10:51:30.346264

2025-12-29 12:51:30 UTC - cron_service - INFO - [scheduler.py:run_scheduler:274] -
Arrr! Scheduler thread started!
Context:
  current_time_utc: 2025-12-29T10:51:30.347115+00:00
  scheduled_jobs_count: 5
  timestamp: 2025-12-29T10:51:30.350358

2025-12-29 12:53:30 UTC - cron_service - INFO - [scheduler.py:_run_job_with_error_handling:115] -
Arrr! Starting scheduled job: generate-weekly-combinations-optimized
Context:
  job_name: generate-weekly-combinations-optimized
  triggered_at_utc: 2025-12-29T10:53:30.351786+00:00
  timestamp: 2025-12-29T10:53:30.353119

2025-12-29 12:53:30 UTC - cron_service - INFO - [api_endpoints.py:call_backend_endpoint:28] -
Arrr! Attempting to call backend endpoint: http://backend:8000/cron/generate-weekly-combinations-optimized (attempt 1/3)

2025-12-29 12:54:00 UTC - cron_service - WARNING - [api_endpoints.py:call_backend_endpoint:38] -
Arrr! Backend health check failed (attempt 1/3), retrying...
Context:
  error: HTTPConnectionPool(host='backend', port=8000): Read timed out. (read timeout=30)
  url: http://backend:8000/health
  retry_in_seconds: 5
  timestamp: 2025-12-29T10:54:00.389114

2025-12-29 12:54:05 UTC - cron_service - INFO - [api_endpoints.py:call_backend_endpoint:28] -
Arrr! Attempting to call backend endpoint: http://backend:8000/cron/generate-weekly-combinations-optimized (attempt 2/3)

2025-12-29 12:54:35 UTC - cron_service - WARNING - [api_endpoints.py:call_backend_endpoint:38] -
Arrr! Backend health check failed (attempt 2/3), retrying...
Context:
  error: HTTPConnectionPool(host='backend', port=8000): Read timed out. (read timeout=30)
  url: http://backend:8000/health
  retry_in_seconds: 5
  timestamp: 2025-12-29T10:54:35.424759

2025-12-29 12:54:40 UTC - cron_service - INFO - [api_endpoints.py:call_backend_endpoint:28] -
Arrr! Attempting to call backend endpoint: http://backend:8000/cron/generate-weekly-combinations-optimized (attempt 3/3)

2025-12-29 12:55:10 UTC - cron_service - ERROR - [api_endpoints.py:call_backend_endpoint:49] -
Arrr! Backend health check failed after all retries!
Context:
  error: HTTPConnectionPool(host='backend', port=8000): Read timed out. (read timeout=30)
  url: http://backend:8000/health
  total_attempts: 3
  timestamp: 2025-12-29T10:55:10.460390

2025-12-29 12:55:10 UTC - cron_service - ERROR - [api_endpoints.py:call_backend_endpoint:155] -
Arrr! Timeout calling endpoint after all retries!
Context:
  error: HTTPConnectionPool(host='backend', port=8000): Read timed out. (read timeout=30)
  endpoint: /cron/generate-weekly-combinations-optimized
  backend_url: http://backend:8000
  total_attempts: 3
  timestamp: 2025-12-29T10:55:10.462207

2025-12-29 12:55:10 UTC - cron_service - ERROR - [error_handler.py:handle_job_error:28] -
Arrr! Cron job 'generate-weekly-combinations-optimized' failed!
Context:
  job_name: generate-weekly-combinations-optimized
  error: HTTPConnectionPool(host='backend', port=8000): Read timed out. (read timeout=30)
  error_type: ReadTimeout
  traceback: Traceback (most recent call last):
  File "/usr/local/lib/python3.11/site-packages/urllib3/connectionpool.py", line 534, in _make_request
    response = conn.getresponse()
               ^^^^^^^^^^^^^^^^^^
  File "/usr/local/lib/python3.11/site-packages/urllib3/connection.py", line 565, in getresponse
    httplib_response = super().getresponse()
                       ^^^^^^^^^^^^^^^^^^^^^
  File "/usr/local/lib/python3.11/http/client.py", line 1395, in getresponse
    response.begin()
  File "/usr/local/lib/python3.11/http/client.py", line 325, in begin
    version, status, reason = self._read_status()
                              ^^^^^^^^^^^^^^^^^^^
  File "/usr/local/lib/python3.11/http/client.py", line 286, in _read_status
    line = str(self.fp.readline(_MAXLINE + 1), "iso-8859-1")
               ^^^^^^^^^^^^^^^^^^^^^^^^^^^^^^
  File "/usr/local/lib/python3.11/socket.py", line 718, in readinto
    return self._sock.recv_into(b)
           ^^^^^^^^^^^^^^^^^^^^^^^
TimeoutError: timed out

The above exception was the direct cause of the following exception:

Traceback (most recent call last):
  File "/usr/local/lib/python3.11/site-packages/requests/adapters.py", line 486, in send
    resp = conn.urlopen(
           ^^^^^^^^^^^^^
  File "/usr/local/lib/python3.11/site-packages/urllib3/connectionpool.py", line 841, in urlopen
    retries = retries.increment(
              ^^^^^^^^^^^^^^^^^^
  File "/usr/local/lib/python3.11/site-packages/urllib3/util/retry.py", line 474, in increment
    raise reraise(type(error), error, _stacktrace)
          ^^^^^^^^^^^^^^^^^^^^^^^^^^^^^^^^^^^^^^^^
  File "/usr/local/lib/python3.11/site-packages/urllib3/util/util.py", line 39, in reraise
    raise value
  File "/usr/local/lib/python3.11/site-packages/urllib3/connectionpool.py", line 787, in urlopen
    response = self._make_request(
               ^^^^^^^^^^^^^^^^^^^
  File "/usr/local/lib/python3.11/site-packages/urllib3/connectionpool.py", line 536, in _make_request
    self._raise_timeout(err=e, url=url, timeout_value=read_timeout)
  File "/usr/local/lib/python3.11/site-packages/urllib3/connectionpool.py", line 367, in _raise_timeout
    raise ReadTimeoutError(
urllib3.exceptions.ReadTimeoutError: HTTPConnectionPool(host='backend', port=8000): Read timed out. (read timeout=30)

During handling of the above exception, another exception occurred:

Traceback (most recent call last):
  File "/app/cron/scheduler.py", line 121, in _run_job_with_error_handling
    job_function()
  File "/app/cron/scheduler.py", line 29, in <lambda>
    lambda: call_backend_endpoint("/cron/generate-weekly-combinations-optimized", last_successful_job),
            ^^^^^^^^^^^^^^^^^^^^^^^^^^^^^^^^^^^^^^^^^^^^^^^^^^^^^^^^^^^^^^^^^^^^^^^^^^^^^^^^^^^^^^^^^^
  File "/app/cron/api_endpoints.py", line 33, in call_backend_endpoint
    health_check = requests.get(f"{backend_url}/health", timeout=30)
                   ^^^^^^^^^^^^^^^^^^^^^^^^^^^^^^^^^^^^^^^^^^^^^^^^^
  File "/usr/local/lib/python3.11/site-packages/requests/api.py", line 73, in get
    return request("get", url, params=params, **kwargs)
           ^^^^^^^^^^^^^^^^^^^^^^^^^^^^^^^^^^^^^^^^^^^^
  File "/usr/local/lib/python3.11/site-packages/requests/api.py", line 59, in request
    return session.request(method=method, url=url, **kwargs)
           ^^^^^^^^^^^^^^^^^^^^^^^^^^^^^^^^^^^^^^^^^^^^^^^^^
  File "/usr/local/lib/python3.11/site-packages/requests/sessions.py", line 589, in request
    resp = self.send(prep, **send_kwargs)
           ^^^^^^^^^^^^^^^^^^^^^^^^^^^^^^
  File "/usr/local/lib/python3.11/site-packages/requests/sessions.py", line 703, in send
    r = adapter.send(request, **kwargs)
        ^^^^^^^^^^^^^^^^^^^^^^^^^^^^^^^
  File "/usr/local/lib/python3.11/site-packages/requests/adapters.py", line 532, in send
    raise ReadTimeout(e, request=request)
requests.exceptions.ReadTimeout: HTTPConnectionPool(host='backend', port=8000): Read timed out. (read timeout=30)

  context:
    last_successful_job: None
    scheduled_time: 2025-12-29T10:55:10.462634
    job_type: scheduled
    failure_count: 1
  timestamp: 2025-12-29T10:55:10.469941

2025-12-29 12:55:13 UTC - cron_service - INFO - [error_handler.py:_send_error_notification:72] -
Arrr! Error notification sent for job 'generate-weekly-combinations-optimized'
Context:
  job_name: generate-weekly-combinations-optimized
  timestamp: 2025-12-29T10:55:13.219488

2025-12-29 12:55:13 UTC - cron_service - ERROR - [scheduler.py:run_scheduler:320] -
Arrr! Error in scheduler loop!
Context:
  error: HTTPConnectionPool(host='backend', port=8000): Read timed out. (read timeout=30)
  consecutive_errors: 1
  max_consecutive_errors: 5
  timestamp: 2025-12-29T10:55:13.220864

2025-12-29 12:56:13 UTC - cron_service - INFO - [scheduler.py:_run_job_with_error_handling:115] -
Arrr! Starting scheduled job: generate-weekly-combinations-optimized
Context:
  job_name: generate-weekly-combinations-optimized
  triggered_at_utc: 2025-12-29T10:56:13.221510+00:00
  timestamp: 2025-12-29T10:56:13.222629

2025-12-29 12:56:13 UTC - cron_service - INFO - [api_endpoints.py:call_backend_endpoint:28] -
Arrr! Attempting to call backend endpoint: http://backend:8000/cron/generate-weekly-combinations-optimized (attempt 1/3)

2025-12-29 12:56:43 UTC - cron_service - WARNING - [api_endpoints.py:call_backend_endpoint:38] -
Arrr! Backend health check failed (attempt 1/3), retrying...
Context:
  error: HTTPConnectionPool(host='backend', port=8000): Read timed out. (read timeout=30)
  url: http://backend:8000/health
  retry_in_seconds: 5
  timestamp: 2025-12-29T10:56:43.259379

2025-12-29 12:56:48 UTC - cron_service - INFO - [api_endpoints.py:call_backend_endpoint:28] -
Arrr! Attempting to call backend endpoint: http://backend:8000/cron/generate-weekly-combinations-optimized (attempt 2/3)

2025-12-29 12:57:18 UTC - cron_service - WARNING - [api_endpoints.py:call_backend_endpoint:38] -
Arrr! Backend health check failed (attempt 2/3), retrying...
Context:
  error: HTTPConnectionPool(host='backend', port=8000): Read timed out. (read timeout=30)
  url: http://backend:8000/health
  retry_in_seconds: 5
  timestamp: 2025-12-29T10:57:18.292111

2025-12-29 12:57:23 UTC - cron_service - INFO - [api_endpoints.py:call_backend_endpoint:28] -
Arrr! Attempting to call backend endpoint: http://backend:8000/cron/generate-weekly-combinations-optimized (attempt 3/3)

2025-12-29 12:57:53 UTC - cron_service - ERROR - [api_endpoints.py:call_backend_endpoint:49] -
Arrr! Backend health check failed after all retries!
Context:
  error: HTTPConnectionPool(host='backend', port=8000): Read timed out. (read timeout=30)
  url: http://backend:8000/health
  total_attempts: 3
  timestamp: 2025-12-29T10:57:53.327826

2025-12-29 12:57:53 UTC - cron_service - ERROR - [api_endpoints.py:call_backend_endpoint:155] -
Arrr! Timeout calling endpoint after all retries!
Context:
  error: HTTPConnectionPool(host='backend', port=8000): Read timed out. (read timeout=30)
  endpoint: /cron/generate-weekly-combinations-optimized
  backend_url: http://backend:8000
  total_attempts: 3
  timestamp: 2025-12-29T10:57:53.330073

2025-12-29 12:57:53 UTC - cron_service - ERROR - [error_handler.py:handle_job_error:28] -
Arrr! Cron job 'generate-weekly-combinations-optimized' failed!
Context:
  job_name: generate-weekly-combinations-optimized
  error: HTTPConnectionPool(host='backend', port=8000): Read timed out. (read timeout=30)
  error_type: ReadTimeout
  traceback: Traceback (most recent call last):
  File "/usr/local/lib/python3.11/site-packages/urllib3/connectionpool.py", line 534, in _make_request
    response = conn.getresponse()
               ^^^^^^^^^^^^^^^^^^
  File "/usr/local/lib/python3.11/site-packages/urllib3/connection.py", line 565, in getresponse
    httplib_response = super().getresponse()
                       ^^^^^^^^^^^^^^^^^^^^^
  File "/usr/local/lib/python3.11/http/client.py", line 1395, in getresponse
    response.begin()
  File "/usr/local/lib/python3.11/http/client.py", line 325, in begin
    version, status, reason = self._read_status()
                              ^^^^^^^^^^^^^^^^^^^
  File "/usr/local/lib/python3.11/http/client.py", line 286, in _read_status
    line = str(self.fp.readline(_MAXLINE + 1), "iso-8859-1")
               ^^^^^^^^^^^^^^^^^^^^^^^^^^^^^^
  File "/usr/local/lib/python3.11/socket.py", line 718, in readinto
    return self._sock.recv_into(b)
           ^^^^^^^^^^^^^^^^^^^^^^^
TimeoutError: timed out

The above exception was the direct cause of the following exception:

Traceback (most recent call last):
  File "/usr/local/lib/python3.11/site-packages/requests/adapters.py", line 486, in send
    resp = conn.urlopen(
           ^^^^^^^^^^^^^
  File "/usr/local/lib/python3.11/site-packages/urllib3/connectionpool.py", line 841, in urlopen
    retries = retries.increment(
              ^^^^^^^^^^^^^^^^^^
  File "/usr/local/lib/python3.11/site-packages/urllib3/util/retry.py", line 474, in increment
    raise reraise(type(error), error, _stacktrace)
          ^^^^^^^^^^^^^^^^^^^^^^^^^^^^^^^^^^^^^^^^
  File "/usr/local/lib/python3.11/site-packages/urllib3/util/util.py", line 39, in reraise
    raise value
  File "/usr/local/lib/python3.11/site-packages/urllib3/connectionpool.py", line 787, in urlopen
    response = self._make_request(
               ^^^^^^^^^^^^^^^^^^^
  File "/usr/local/lib/python3.11/site-packages/urllib3/connectionpool.py", line 536, in _make_request
    self._raise_timeout(err=e, url=url, timeout_value=read_timeout)
  File "/usr/local/lib/python3.11/site-packages/urllib3/connectionpool.py", line 367, in _raise_timeout
    raise ReadTimeoutError(
urllib3.exceptions.ReadTimeoutError: HTTPConnectionPool(host='backend', port=8000): Read timed out. (read timeout=30)

During handling of the above exception, another exception occurred:

Traceback (most recent call last):
  File "/app/cron/scheduler.py", line 121, in _run_job_with_error_handling
    job_function()
  File "/app/cron/scheduler.py", line 29, in <lambda>
    lambda: call_backend_endpoint("/cron/generate-weekly-combinations-optimized", last_successful_job),
            ^^^^^^^^^^^^^^^^^^^^^^^^^^^^^^^^^^^^^^^^^^^^^^^^^^^^^^^^^^^^^^^^^^^^^^^^^^^^^^^^^^^^^^^^^^
  File "/app/cron/api_endpoints.py", line 33, in call_backend_endpoint
    health_check = requests.get(f"{backend_url}/health", timeout=30)
                   ^^^^^^^^^^^^^^^^^^^^^^^^^^^^^^^^^^^^^^^^^^^^^^^^^
  File "/usr/local/lib/python3.11/site-packages/requests/api.py", line 73, in get
    return request("get", url, params=params, **kwargs)
           ^^^^^^^^^^^^^^^^^^^^^^^^^^^^^^^^^^^^^^^^^^^^
  File "/usr/local/lib/python3.11/site-packages/requests/api.py", line 59, in request
    return session.request(method=method, url=url, **kwargs)
           ^^^^^^^^^^^^^^^^^^^^^^^^^^^^^^^^^^^^^^^^^^^^^^^^^
  File "/usr/local/lib/python3.11/site-packages/requests/sessions.py", line 589, in request
    resp = self.send(prep, **send_kwargs)
           ^^^^^^^^^^^^^^^^^^^^^^^^^^^^^^
  File "/usr/local/lib/python3.11/site-packages/requests/sessions.py", line 703, in send
    r = adapter.send(request, **kwargs)
        ^^^^^^^^^^^^^^^^^^^^^^^^^^^^^^^
  File "/usr/local/lib/python3.11/site-packages/requests/adapters.py", line 532, in send
    raise ReadTimeout(e, request=request)
requests.exceptions.ReadTimeout: HTTPConnectionPool(host='backend', port=8000): Read timed out. (read timeout=30)

  context:
    last_successful_job: None
    scheduled_time: 2025-12-29T10:57:53.330633
    job_type: scheduled
    failure_count: 2
  timestamp: 2025-12-29T10:57:53.335299

2025-12-29 12:57:56 UTC - cron_service - INFO - [error_handler.py:_send_error_notification:72] -
Arrr! Error notification sent for job 'generate-weekly-combinations-optimized'
Context:
  job_name: generate-weekly-combinations-optimized
  timestamp: 2025-12-29T10:57:56.058944

2025-12-29 12:57:56 UTC - cron_service - ERROR - [scheduler.py:run_scheduler:320] -
Arrr! Error in scheduler loop!
Context:
  error: HTTPConnectionPool(host='backend', port=8000): Read timed out. (read timeout=30)
  consecutive_errors: 2
  max_consecutive_errors: 5
  timestamp: 2025-12-29T10:57:56.060131

2025-12-29 12:58:56 UTC - cron_service - INFO - [scheduler.py:_run_job_with_error_handling:115] -
Arrr! Starting scheduled job: generate-weekly-combinations-optimized
Context:
  job_name: generate-weekly-combinations-optimized
  triggered_at_utc: 2025-12-29T10:58:56.060811+00:00
  timestamp: 2025-12-29T10:58:56.061701

2025-12-29 12:58:56 UTC - cron_service - INFO - [api_endpoints.py:call_backend_endpoint:28] -
Arrr! Attempting to call backend endpoint: http://backend:8000/cron/generate-weekly-combinations-optimized (attempt 1/3)

2025-12-29 12:59:26 UTC - cron_service - WARNING - [api_endpoints.py:call_backend_endpoint:38] -
Arrr! Backend health check failed (attempt 1/3), retrying...
Context:
  error: HTTPConnectionPool(host='backend', port=8000): Read timed out. (read timeout=30)
  url: http://backend:8000/health
  retry_in_seconds: 5
  timestamp: 2025-12-29T10:59:26.095289

2025-12-29 12:59:31 UTC - cron_service - INFO - [api_endpoints.py:call_backend_endpoint:28] -
Arrr! Attempting to call backend endpoint: http://backend:8000/cron/generate-weekly-combinations-optimized (attempt 2/3)

2025-12-29 13:00:01 UTC - cron_service - WARNING - [api_endpoints.py:call_backend_endpoint:38] -
Arrr! Backend health check failed (attempt 2/3), retrying...
Context:
  error: HTTPConnectionPool(host='backend', port=8000): Read timed out. (read timeout=30)
  url: http://backend:8000/health
  retry_in_seconds: 5
  timestamp: 2025-12-29T11:00:01.128504

2025-12-29 13:00:06 UTC - cron_service - INFO - [api_endpoints.py:call_backend_endpoint:28] -
Arrr! Attempting to call backend endpoint: http://backend:8000/cron/generate-weekly-combinations-optimized (attempt 3/3)

2025-12-29 13:00:36 UTC - cron_service - ERROR - [api_endpoints.py:call_backend_endpoint:49] -
Arrr! Backend health check failed after all retries!
Context:
  error: HTTPConnectionPool(host='backend', port=8000): Read timed out. (read timeout=30)
  url: http://backend:8000/health
  total_attempts: 3
  timestamp: 2025-12-29T11:00:36.165126

2025-12-29 13:00:36 UTC - cron_service - ERROR - [api_endpoints.py:call_backend_endpoint:155] -
Arrr! Timeout calling endpoint after all retries!
Context:
  error: HTTPConnectionPool(host='backend', port=8000): Read timed out. (read timeout=30)
  endpoint: /cron/generate-weekly-combinations-optimized
  backend_url: http://backend:8000
  total_attempts: 3
  timestamp: 2025-12-29T11:00:36.167230

2025-12-29 13:00:36 UTC - cron_service - ERROR - [scheduler.py:run_scheduler:320] -
Arrr! Error in scheduler loop!
Context:
  error: can't subtract offset-naive and offset-aware datetimes
  consecutive_errors: 3
  max_consecutive_errors: 5
  timestamp: 2025-12-29T11:00:36.168394

2025-12-29 13:01:36 UTC - cron_service - INFO - [scheduler.py:_run_job_with_error_handling:115] -
Arrr! Starting scheduled job: generate-weekly-combinations-optimized
Context:
  job_name: generate-weekly-combinations-optimized
  triggered_at_utc: 2025-12-29T11:01:36.169021+00:00
  timestamp: 2025-12-29T11:01:36.170799

2025-12-29 13:01:36 UTC - cron_service - INFO - [api_endpoints.py:call_backend_endpoint:28] -
Arrr! Attempting to call backend endpoint: http://backend:8000/cron/generate-weekly-combinations-optimized (attempt 1/3)

2025-12-29 13:02:06 UTC - cron_service - WARNING - [api_endpoints.py:call_backend_endpoint:38] -
Arrr! Backend health check failed (attempt 1/3), retrying...
Context:
  error: HTTPConnectionPool(host='backend', port=8000): Read timed out. (read timeout=30)
  url: http://backend:8000/health
  retry_in_seconds: 5
  timestamp: 2025-12-29T11:02:06.206410

2025-12-29 13:02:11 UTC - cron_service - INFO - [api_endpoints.py:call_backend_endpoint:28] -
Arrr! Attempting to call backend endpoint: http://backend:8000/cron/generate-weekly-combinations-optimized (attempt 2/3)

2025-12-29 13:02:41 UTC - cron_service - WARNING - [api_endpoints.py:call_backend_endpoint:38] -
Arrr! Backend health check failed (attempt 2/3), retrying...
Context:
  error: HTTPConnectionPool(host='backend', port=8000): Read timed out. (read timeout=30)
  url: http://backend:8000/health
  retry_in_seconds: 5
  timestamp: 2025-12-29T11:02:41.243734

2025-12-29 13:02:46 UTC - cron_service - INFO - [api_endpoints.py:call_backend_endpoint:28] -
Arrr! Attempting to call backend endpoint: http://backend:8000/cron/generate-weekly-combinations-optimized (attempt 3/3)

2025-12-29 13:03:16 UTC - cron_service - ERROR - [api_endpoints.py:call_backend_endpoint:49] -
Arrr! Backend health check failed after all retries!
Context:
  error: HTTPConnectionPool(host='backend', port=8000): Read timed out. (read timeout=30)
  url: http://backend:8000/health
  total_attempts: 3
  timestamp: 2025-12-29T11:03:16.295765

2025-12-29 13:03:16 UTC - cron_service - ERROR - [api_endpoints.py:call_backend_endpoint:155] -
Arrr! Timeout calling endpoint after all retries!
Context:
  error: HTTPConnectionPool(host='backend', port=8000): Read timed out. (read timeout=30)
  endpoint: /cron/generate-weekly-combinations-optimized
  backend_url: http://backend:8000
  total_attempts: 3
  timestamp: 2025-12-29T11:03:16.298083

2025-12-29 13:03:16 UTC - cron_service - ERROR - [scheduler.py:run_scheduler:320] -
Arrr! Error in scheduler loop!
Context:
  error: can't subtract offset-naive and offset-aware datetimes
  consecutive_errors: 4
  max_consecutive_errors: 5
  timestamp: 2025-12-29T11:03:16.299381

2025-12-29 13:04:16 UTC - cron_service - INFO - [scheduler.py:_run_job_with_error_handling:115] -
Arrr! Starting scheduled job: generate-weekly-combinations-optimized
Context:
  job_name: generate-weekly-combinations-optimized
  triggered_at_utc: 2025-12-29T11:04:16.300007+00:00
  timestamp: 2025-12-29T11:04:16.300856

2025-12-29 13:04:16 UTC - cron_service - INFO - [api_endpoints.py:call_backend_endpoint:28] -
Arrr! Attempting to call backend endpoint: http://backend:8000/cron/generate-weekly-combinations-optimized (attempt 1/3)

2025-12-29 13:04:46 UTC - cron_service - WARNING - [api_endpoints.py:call_backend_endpoint:38] -
Arrr! Backend health check failed (attempt 1/3), retrying...
Context:
  error: HTTPConnectionPool(host='backend', port=8000): Read timed out. (read timeout=30)
  url: http://backend:8000/health
  retry_in_seconds: 5
  timestamp: 2025-12-29T11:04:46.336248

2025-12-29 13:04:51 UTC - cron_service - INFO - [api_endpoints.py:call_backend_endpoint:28] -
Arrr! Attempting to call backend endpoint: http://backend:8000/cron/generate-weekly-combinations-optimized (attempt 2/3)

2025-12-29 13:05:21 UTC - cron_service - WARNING - [api_endpoints.py:call_backend_endpoint:38] -
Arrr! Backend health check failed (attempt 2/3), retrying...
Context:
  error: HTTPConnectionPool(host='backend', port=8000): Read timed out. (read timeout=30)
  url: http://backend:8000/health
  retry_in_seconds: 5
  timestamp: 2025-12-29T11:05:21.371607

2025-12-29 13:05:26 UTC - cron_service - INFO - [api_endpoints.py:call_backend_endpoint:28] -
Arrr! Attempting to call backend endpoint: http://backend:8000/cron/generate-weekly-combinations-optimized (attempt 3/3)

2025-12-29 13:05:56 UTC - cron_service - ERROR - [api_endpoints.py:call_backend_endpoint:49] -
Arrr! Backend health check failed after all retries!
Context:
  error: HTTPConnectionPool(host='backend', port=8000): Read timed out. (read timeout=30)
  url: http://backend:8000/health
  total_attempts: 3
  timestamp: 2025-12-29T11:05:56.409580

2025-12-29 13:05:56 UTC - cron_service - ERROR - [api_endpoints.py:call_backend_endpoint:155] -
Arrr! Timeout calling endpoint after all retries!
Context:
  error: HTTPConnectionPool(host='backend', port=8000): Read timed out. (read timeout=30)
  endpoint: /cron/generate-weekly-combinations-optimized
  backend_url: http://backend:8000
  total_attempts: 3
  timestamp: 2025-12-29T11:05:56.415378

2025-12-29 13:05:56 UTC - cron_service - ERROR - [scheduler.py:run_scheduler:320] -
Arrr! Error in scheduler loop!
Context:
  error: can't subtract offset-naive and offset-aware datetimes
  consecutive_errors: 5
  max_consecutive_errors: 5
  timestamp: 2025-12-29T11:05:56.419449

2025-12-29 13:06:56 UTC - cron_service - INFO - [scheduler.py:_run_job_with_error_handling:115] -
Arrr! Starting scheduled job: generate-weekly-combinations-optimized
Context:
  job_name: generate-weekly-combinations-optimized
  triggered_at_utc: 2025-12-29T11:06:56.420696+00:00
  timestamp: 2025-12-29T11:06:56.423219

2025-12-29 13:06:56 UTC - cron_service - INFO - [api_endpoints.py:call_backend_endpoint:28] -
Arrr! Attempting to call backend endpoint: http://backend:8000/cron/generate-weekly-combinations-optimized (attempt 1/3)

2025-12-29 13:07:26 UTC - cron_service - WARNING - [api_endpoints.py:call_backend_endpoint:38] -
Arrr! Backend health check failed (attempt 1/3), retrying...
Context:
  error: HTTPConnectionPool(host='backend', port=8000): Read timed out. (read timeout=30)
  url: http://backend:8000/health
  retry_in_seconds: 5
  timestamp: 2025-12-29T11:07:26.464232

2025-12-29 13:07:31 UTC - cron_service - INFO - [api_endpoints.py:call_backend_endpoint:28] -
Arrr! Attempting to call backend endpoint: http://backend:8000/cron/generate-weekly-combinations-optimized (attempt 2/3)

2025-12-29 13:08:01 UTC - cron_service - WARNING - [api_endpoints.py:call_backend_endpoint:38] -
Arrr! Backend health check failed (attempt 2/3), retrying...
Context:
  error: HTTPConnectionPool(host='backend', port=8000): Read timed out. (read timeout=30)
  url: http://backend:8000/health
  retry_in_seconds: 5
  timestamp: 2025-12-29T11:08:01.500227

2025-12-29 13:08:06 UTC - cron_service - INFO - [api_endpoints.py:call_backend_endpoint:28] -
Arrr! Attempting to call backend endpoint: http://backend:8000/cron/generate-weekly-combinations-optimized (attempt 3/3)

2025-12-29 13:08:36 UTC - cron_service - ERROR - [api_endpoints.py:call_backend_endpoint:49] -
Arrr! Backend health check failed after all retries!
Context:
  error: HTTPConnectionPool(host='backend', port=8000): Read timed out. (read timeout=30)
  url: http://backend:8000/health
  total_attempts: 3
  timestamp: 2025-12-29T11:08:36.536205

2025-12-29 13:08:36 UTC - cron_service - ERROR - [api_endpoints.py:call_backend_endpoint:155] -
Arrr! Timeout calling endpoint after all retries!
Context:
  error: HTTPConnectionPool(host='backend', port=8000): Read timed out. (read timeout=30)
  endpoint: /cron/generate-weekly-combinations-optimized
  backend_url: http://backend:8000
  total_attempts: 3
  timestamp: 2025-12-29T11:08:36.537905

2025-12-29 16:04:22 UTC - cron_service - ERROR - [api_endpoints.py:health_check_endpoint:240] -
Health check failed - backend connection error
Context:
  error: ('Connection aborted.', ConnectionResetError(104, 'Connection reset by peer'))
  timestamp: 2025-12-29T14:04:22.141434

2025-12-29 16:04:22 UTC - cron_service - ERROR - [api_endpoints.py:health_check_endpoint:240] -
Health check failed - backend connection error
Context:
  error: HTTPConnectionPool(host='backend', port=8000): Max retries exceeded with url: /health (Caused by NewConnectionError('<urllib3.connection.HTTPConnection object at 0x7f46fffc3810>: Failed to establish a new connection: [Errno 111] Connection refused'))
  timestamp: 2025-12-29T14:04:22.254291

2025-12-29 16:04:22 UTC - cron_service - ERROR - [api_endpoints.py:health_check_endpoint:240] -
Health check failed - backend connection error
Context:
  error: HTTPConnectionPool(host='backend', port=8000): Max retries exceeded with url: /health (Caused by NewConnectionError('<urllib3.connection.HTTPConnection object at 0x7f46fffc2b90>: Failed to establish a new connection: [Errno 111] Connection refused'))
  timestamp: 2025-12-29T14:04:22.260693

2025-12-29 16:04:22 UTC - cron_service - ERROR - [api_endpoints.py:health_check_endpoint:240] -
Health check failed - backend connection error
Context:
  error: HTTPConnectionPool(host='backend', port=8000): Max retries exceeded with url: /health (Caused by NewConnectionError('<urllib3.connection.HTTPConnection object at 0x7f46fffd2910>: Failed to establish a new connection: [Errno 111] Connection refused'))
  timestamp: 2025-12-29T14:04:22.274789

2025-12-29 16:04:22 UTC - cron_service - ERROR - [api_endpoints.py:health_check_endpoint:240] -
Health check failed - backend connection error
Context:
  error: HTTPConnectionPool(host='backend', port=8000): Max retries exceeded with url: /health (Caused by NewConnectionError('<urllib3.connection.HTTPConnection object at 0x7f46fffde310>: Failed to establish a new connection: [Errno 111] Connection refused'))
  timestamp: 2025-12-29T14:04:22.292279

2025-12-29 16:04:22 UTC - cron_service - ERROR - [api_endpoints.py:health_check_endpoint:240] -
Health check failed - backend connection error
Context:
  error: HTTPConnectionPool(host='backend', port=8000): Max retries exceeded with url: /health (Caused by NewConnectionError('<urllib3.connection.HTTPConnection object at 0x7f46fffd2590>: Failed to establish a new connection: [Errno 111] Connection refused'))
  timestamp: 2025-12-29T14:04:22.302552

2025-12-29 16:04:22 UTC - cron_service - ERROR - [api_endpoints.py:health_check_endpoint:240] -
Health check failed - backend connection error
Context:
  error: HTTPConnectionPool(host='backend', port=8000): Max retries exceeded with url: /health (Caused by NewConnectionError('<urllib3.connection.HTTPConnection object at 0x7f46fffc2190>: Failed to establish a new connection: [Errno 111] Connection refused'))
  timestamp: 2025-12-29T14:04:22.312380

2025-12-29 16:04:22 UTC - cron_service - ERROR - [api_endpoints.py:health_check_endpoint:240] -
Health check failed - backend connection error
Context:
  error: HTTPConnectionPool(host='backend', port=8000): Max retries exceeded with url: /health (Caused by NewConnectionError('<urllib3.connection.HTTPConnection object at 0x7f46fffd2050>: Failed to establish a new connection: [Errno 111] Connection refused'))
  timestamp: 2025-12-29T14:04:22.323275

2025-12-29 16:04:22 UTC - cron_service - ERROR - [api_endpoints.py:health_check_endpoint:240] -
Health check failed - backend connection error
Context:
  error: HTTPConnectionPool(host='backend', port=8000): Max retries exceeded with url: /health (Caused by NewConnectionError('<urllib3.connection.HTTPConnection object at 0x7f46fffeda10>: Failed to establish a new connection: [Errno 111] Connection refused'))
  timestamp: 2025-12-29T14:04:22.334212

2025-12-29 16:04:22 UTC - cron_service - ERROR - [api_endpoints.py:health_check_endpoint:240] -
Health check failed - backend connection error
Context:
  error: HTTPConnectionPool(host='backend', port=8000): Max retries exceeded with url: /health (Caused by NewConnectionError('<urllib3.connection.HTTPConnection object at 0x7f46fffee450>: Failed to establish a new connection: [Errno 111] Connection refused'))
  timestamp: 2025-12-29T14:04:22.343326

2025-12-29 16:04:22 UTC - cron_service - ERROR - [api_endpoints.py:health_check_endpoint:240] -
Health check failed - backend connection error
Context:
  error: HTTPConnectionPool(host='backend', port=8000): Max retries exceeded with url: /health (Caused by NewConnectionError('<urllib3.connection.HTTPConnection object at 0x7f46fffdff10>: Failed to establish a new connection: [Errno 111] Connection refused'))
  timestamp: 2025-12-29T14:04:22.351711

2025-12-29 16:04:22 UTC - cron_service - ERROR - [api_endpoints.py:health_check_endpoint:240] -
Health check failed - backend connection error
Context:
  error: HTTPConnectionPool(host='backend', port=8000): Max retries exceeded with url: /health (Caused by NewConnectionError('<urllib3.connection.HTTPConnection object at 0x7f46ffff5790>: Failed to establish a new connection: [Errno 111] Connection refused'))
  timestamp: 2025-12-29T14:04:22.361049

2025-12-29 16:04:22 UTC - cron_service - ERROR - [api_endpoints.py:health_check_endpoint:240] -
Health check failed - backend connection error
Context:
  error: HTTPConnectionPool(host='backend', port=8000): Max retries exceeded with url: /health (Caused by NewConnectionError('<urllib3.connection.HTTPConnection object at 0x7f46fffdff90>: Failed to establish a new connection: [Errno 111] Connection refused'))
  timestamp: 2025-12-29T14:04:22.369448

2025-12-29 16:04:22 UTC - cron_service - ERROR - [api_endpoints.py:health_check_endpoint:240] -
Health check failed - backend connection error
Context:
  error: HTTPConnectionPool(host='backend', port=8000): Max retries exceeded with url: /health (Caused by NewConnectionError('<urllib3.connection.HTTPConnection object at 0x7f46fffec750>: Failed to establish a new connection: [Errno 111] Connection refused'))
  timestamp: 2025-12-29T14:04:22.376722

2025-12-29 16:04:22 UTC - cron_service - ERROR - [api_endpoints.py:health_check_endpoint:240] -
Health check failed - backend connection error
Context:
  error: HTTPConnectionPool(host='backend', port=8000): Max retries exceeded with url: /health (Caused by NewConnectionError('<urllib3.connection.HTTPConnection object at 0x7f46fffec810>: Failed to establish a new connection: [Errno 111] Connection refused'))
  timestamp: 2025-12-29T14:04:22.385949

2025-12-29 16:04:22 UTC - cron_service - ERROR - [api_endpoints.py:health_check_endpoint:240] -
Health check failed - backend connection error
Context:
  error: HTTPConnectionPool(host='backend', port=8000): Max retries exceeded with url: /health (Caused by NewConnectionError('<urllib3.connection.HTTPConnection object at 0x7f47042d5b50>: Failed to establish a new connection: [Errno 111] Connection refused'))
  timestamp: 2025-12-29T14:04:22.396531

2025-12-29 16:04:22 UTC - cron_service - ERROR - [api_endpoints.py:health_check_endpoint:240] -
Health check failed - backend connection error
Context:
  error: HTTPConnectionPool(host='backend', port=8000): Max retries exceeded with url: /health (Caused by NewConnectionError('<urllib3.connection.HTTPConnection object at 0x7f47042d56d0>: Failed to establish a new connection: [Errno 111] Connection refused'))
  timestamp: 2025-12-29T14:04:22.404413

2025-12-29 16:04:22 UTC - cron_service - ERROR - [api_endpoints.py:health_check_endpoint:240] -
Health check failed - backend connection error
Context:
  error: HTTPConnectionPool(host='backend', port=8000): Max retries exceeded with url: /health (Caused by NewConnectionError('<urllib3.connection.HTTPConnection object at 0x7f46ffff6d90>: Failed to establish a new connection: [Errno 111] Connection refused'))
  timestamp: 2025-12-29T14:04:22.412012

2025-12-29 16:04:22 UTC - cron_service - ERROR - [api_endpoints.py:health_check_endpoint:240] -
Health check failed - backend connection error
Context:
  error: HTTPConnectionPool(host='backend', port=8000): Max retries exceeded with url: /health (Caused by NewConnectionError('<urllib3.connection.HTTPConnection object at 0x7f46ffffe150>: Failed to establish a new connection: [Errno 111] Connection refused'))
  timestamp: 2025-12-29T14:04:22.419864

2025-12-29 16:04:22 UTC - cron_service - ERROR - [api_endpoints.py:health_check_endpoint:240] -
Health check failed - backend connection error
Context:
  error: HTTPConnectionPool(host='backend', port=8000): Max retries exceeded with url: /health (Caused by NewConnectionError('<urllib3.connection.HTTPConnection object at 0x7f46fffd2c10>: Failed to establish a new connection: [Errno 111] Connection refused'))
  timestamp: 2025-12-29T14:04:22.427481

2025-12-29 16:04:22 UTC - cron_service - ERROR - [api_endpoints.py:health_check_endpoint:240] -
Health check failed - backend connection error
Context:
  error: HTTPConnectionPool(host='backend', port=8000): Max retries exceeded with url: /health (Caused by NewConnectionError('<urllib3.connection.HTTPConnection object at 0x7f46ffffcd50>: Failed to establish a new connection: [Errno 111] Connection refused'))
  timestamp: 2025-12-29T14:04:22.436737

2025-12-29 16:04:22 UTC - cron_service - ERROR - [api_endpoints.py:health_check_endpoint:240] -
Health check failed - backend connection error
Context:
  error: HTTPConnectionPool(host='backend', port=8000): Max retries exceeded with url: /health (Caused by NewConnectionError('<urllib3.connection.HTTPConnection object at 0x7f46fffed9d0>: Failed to establish a new connection: [Errno 111] Connection refused'))
  timestamp: 2025-12-29T14:04:22.452561

2025-12-29 16:04:22 UTC - cron_service - ERROR - [api_endpoints.py:health_check_endpoint:240] -
Health check failed - backend connection error
Context:
  error: HTTPConnectionPool(host='backend', port=8000): Max retries exceeded with url: /health (Caused by NewConnectionError('<urllib3.connection.HTTPConnection object at 0x7f46fffee9d0>: Failed to establish a new connection: [Errno 111] Connection refused'))
  timestamp: 2025-12-29T14:04:22.460761

2025-12-29 16:04:22 UTC - cron_service - ERROR - [api_endpoints.py:health_check_endpoint:240] -
Health check failed - backend connection error
Context:
  error: HTTPConnectionPool(host='backend', port=8000): Max retries exceeded with url: /health (Caused by NewConnectionError('<urllib3.connection.HTTPConnection object at 0x7f4704191f10>: Failed to establish a new connection: [Errno 111] Connection refused'))
  timestamp: 2025-12-29T14:04:22.469951

2025-12-29 16:04:22 UTC - cron_service - ERROR - [api_endpoints.py:health_check_endpoint:240] -
Health check failed - backend connection error
Context:
  error: HTTPConnectionPool(host='backend', port=8000): Max retries exceeded with url: /health (Caused by NewConnectionError('<urllib3.connection.HTTPConnection object at 0x7f46fffee490>: Failed to establish a new connection: [Errno 111] Connection refused'))
  timestamp: 2025-12-29T14:04:22.480670

2025-12-29 16:04:22 UTC - cron_service - ERROR - [api_endpoints.py:health_check_endpoint:240] -
Health check failed - backend connection error
Context:
  error: HTTPConnectionPool(host='backend', port=8000): Max retries exceeded with url: /health (Caused by NewConnectionError('<urllib3.connection.HTTPConnection object at 0x7f46fffc3d90>: Failed to establish a new connection: [Errno 111] Connection refused'))
  timestamp: 2025-12-29T14:04:22.491741

2025-12-29 16:04:22 UTC - cron_service - ERROR - [api_endpoints.py:health_check_endpoint:240] -
Health check failed - backend connection error
Context:
  error: HTTPConnectionPool(host='backend', port=8000): Max retries exceeded with url: /health (Caused by NewConnectionError('<urllib3.connection.HTTPConnection object at 0x7f46fffc3810>: Failed to establish a new connection: [Errno 111] Connection refused'))
  timestamp: 2025-12-29T14:04:22.498433

2025-12-29 16:04:22 UTC - cron_service - ERROR - [api_endpoints.py:health_check_endpoint:240] -
Health check failed - backend connection error
Context:
  error: HTTPConnectionPool(host='backend', port=8000): Max retries exceeded with url: /health (Caused by NewConnectionError('<urllib3.connection.HTTPConnection object at 0x7f46fffedad0>: Failed to establish a new connection: [Errno 111] Connection refused'))
  timestamp: 2025-12-29T14:04:22.506337

2025-12-29 16:04:22 UTC - cron_service - ERROR - [api_endpoints.py:health_check_endpoint:240] -
Health check failed - backend connection error
Context:
  error: HTTPConnectionPool(host='backend', port=8000): Max retries exceeded with url: /health (Caused by NewConnectionError('<urllib3.connection.HTTPConnection object at 0x7f4704cdb610>: Failed to establish a new connection: [Errno 111] Connection refused'))
  timestamp: 2025-12-29T14:04:22.513572

2025-12-29 16:04:22 UTC - cron_service - ERROR - [api_endpoints.py:health_check_endpoint:240] -
Health check failed - backend connection error
Context:
  error: HTTPConnectionPool(host='backend', port=8000): Max retries exceeded with url: /health (Caused by NewConnectionError('<urllib3.connection.HTTPConnection object at 0x7f47040cafd0>: Failed to establish a new connection: [Errno 111] Connection refused'))
  timestamp: 2025-12-29T14:04:22.519398

2025-12-29 16:04:22 UTC - cron_service - ERROR - [api_endpoints.py:health_check_endpoint:240] -
Health check failed - backend connection error
Context:
  error: HTTPConnectionPool(host='backend', port=8000): Max retries exceeded with url: /health (Caused by NewConnectionError('<urllib3.connection.HTTPConnection object at 0x7f46fffd00d0>: Failed to establish a new connection: [Errno 111] Connection refused'))
  timestamp: 2025-12-29T14:04:22.528226

2025-12-29 16:04:22 UTC - cron_service - ERROR - [api_endpoints.py:health_check_endpoint:240] -
Health check failed - backend connection error
Context:
  error: HTTPConnectionPool(host='backend', port=8000): Max retries exceeded with url: /health (Caused by NewConnectionError('<urllib3.connection.HTTPConnection object at 0x7f46fffd3e10>: Failed to establish a new connection: [Errno 111] Connection refused'))
  timestamp: 2025-12-29T14:04:22.533878

2025-12-29 16:04:22 UTC - cron_service - ERROR - [api_endpoints.py:health_check_endpoint:240] -
Health check failed - backend connection error
Context:
  error: HTTPConnectionPool(host='backend', port=8000): Max retries exceeded with url: /health (Caused by NewConnectionError('<urllib3.connection.HTTPConnection object at 0x7f46fffec110>: Failed to establish a new connection: [Errno 111] Connection refused'))
  timestamp: 2025-12-29T14:04:22.540605

2025-12-29 16:04:22 UTC - cron_service - ERROR - [api_endpoints.py:health_check_endpoint:240] -
Health check failed - backend connection error
Context:
  error: HTTPConnectionPool(host='backend', port=8000): Max retries exceeded with url: /health (Caused by NewConnectionError('<urllib3.connection.HTTPConnection object at 0x7f46fffee650>: Failed to establish a new connection: [Errno 111] Connection refused'))
  timestamp: 2025-12-29T14:04:22.547739

2025-12-29 16:04:22 UTC - cron_service - ERROR - [api_endpoints.py:health_check_endpoint:240] -
Health check failed - backend connection error
Context:
  error: HTTPConnectionPool(host='backend', port=8000): Max retries exceeded with url: /health (Caused by NewConnectionError('<urllib3.connection.HTTPConnection object at 0x7f46fffd32d0>: Failed to establish a new connection: [Errno 111] Connection refused'))
  timestamp: 2025-12-29T14:04:22.556544

2025-12-29 16:04:22 UTC - cron_service - ERROR - [api_endpoints.py:health_check_endpoint:240] -
Health check failed - backend connection error
Context:
  error: HTTPConnectionPool(host='backend', port=8000): Max retries exceeded with url: /health (Caused by NewConnectionError('<urllib3.connection.HTTPConnection object at 0x7f46fffff590>: Failed to establish a new connection: [Errno 111] Connection refused'))
  timestamp: 2025-12-29T14:04:22.563468

2025-12-29 16:04:22 UTC - cron_service - ERROR - [api_endpoints.py:health_check_endpoint:240] -
Health check failed - backend connection error
Context:
  error: HTTPConnectionPool(host='backend', port=8000): Max retries exceeded with url: /health (Caused by NewConnectionError('<urllib3.connection.HTTPConnection object at 0x7f46fffd2350>: Failed to establish a new connection: [Errno 111] Connection refused'))
  timestamp: 2025-12-29T14:04:22.571418

2025-12-29 16:04:22 UTC - cron_service - ERROR - [api_endpoints.py:health_check_endpoint:240] -
Health check failed - backend connection error
Context:
  error: HTTPConnectionPool(host='backend', port=8000): Max retries exceeded with url: /health (Caused by NewConnectionError('<urllib3.connection.HTTPConnection object at 0x7f46fffed110>: Failed to establish a new connection: [Errno 111] Connection refused'))
  timestamp: 2025-12-29T14:04:22.577767

2025-12-29 16:04:22 UTC - cron_service - ERROR - [api_endpoints.py:health_check_endpoint:240] -
Health check failed - backend connection error
Context:
  error: HTTPConnectionPool(host='backend', port=8000): Max retries exceeded with url: /health (Caused by NewConnectionError('<urllib3.connection.HTTPConnection object at 0x7f46fffef3d0>: Failed to establish a new connection: [Errno 111] Connection refused'))
  timestamp: 2025-12-29T14:04:22.584379

2025-12-29 16:04:22 UTC - cron_service - ERROR - [api_endpoints.py:health_check_endpoint:240] -
Health check failed - backend connection error
Context:
  error: HTTPConnectionPool(host='backend', port=8000): Max retries exceeded with url: /health (Caused by NewConnectionError('<urllib3.connection.HTTPConnection object at 0x7f46fffd04d0>: Failed to establish a new connection: [Errno 111] Connection refused'))
  timestamp: 2025-12-29T14:04:22.589445

2025-12-29 16:04:22 UTC - cron_service - ERROR - [api_endpoints.py:health_check_endpoint:240] -
Health check failed - backend connection error
Context:
  error: HTTPConnectionPool(host='backend', port=8000): Max retries exceeded with url: /health (Caused by NewConnectionError('<urllib3.connection.HTTPConnection object at 0x7f46ffe095d0>: Failed to establish a new connection: [Errno 111] Connection refused'))
  timestamp: 2025-12-29T14:04:22.599631

2025-12-29 16:04:22 UTC - cron_service - ERROR - [api_endpoints.py:health_check_endpoint:240] -
Health check failed - backend connection error
Context:
  error: HTTPConnectionPool(host='backend', port=8000): Max retries exceeded with url: /health (Caused by NewConnectionError('<urllib3.connection.HTTPConnection object at 0x7f46fffd36d0>: Failed to establish a new connection: [Errno 111] Connection refused'))
  timestamp: 2025-12-29T14:04:22.606105

2025-12-29 16:04:22 UTC - cron_service - ERROR - [api_endpoints.py:health_check_endpoint:240] -
Health check failed - backend connection error
Context:
  error: HTTPConnectionPool(host='backend', port=8000): Max retries exceeded with url: /health (Caused by NewConnectionError('<urllib3.connection.HTTPConnection object at 0x7f46fffef790>: Failed to establish a new connection: [Errno 111] Connection refused'))
  timestamp: 2025-12-29T14:04:22.611982

2025-12-29 16:04:22 UTC - cron_service - ERROR - [api_endpoints.py:health_check_endpoint:240] -
Health check failed - backend connection error
Context:
  error: HTTPConnectionPool(host='backend', port=8000): Max retries exceeded with url: /health (Caused by NewConnectionError('<urllib3.connection.HTTPConnection object at 0x7f46fffd32d0>: Failed to establish a new connection: [Errno 111] Connection refused'))
  timestamp: 2025-12-29T14:04:22.619265

2025-12-29 16:04:22 UTC - cron_service - ERROR - [api_endpoints.py:health_check_endpoint:240] -
Health check failed - backend connection error
Context:
  error: HTTPConnectionPool(host='backend', port=8000): Max retries exceeded with url: /health (Caused by NewConnectionError('<urllib3.connection.HTTPConnection object at 0x7f46ffe0b010>: Failed to establish a new connection: [Errno 111] Connection refused'))
  timestamp: 2025-12-29T14:04:22.626384

2025-12-29 16:04:22 UTC - cron_service - ERROR - [api_endpoints.py:health_check_endpoint:240] -
Health check failed - backend connection error
Context:
  error: HTTPConnectionPool(host='backend', port=8000): Max retries exceeded with url: /health (Caused by NewConnectionError('<urllib3.connection.HTTPConnection object at 0x7f46ffe0b690>: Failed to establish a new connection: [Errno 111] Connection refused'))
  timestamp: 2025-12-29T14:04:22.634774

2025-12-29 16:04:22 UTC - cron_service - ERROR - [api_endpoints.py:health_check_endpoint:240] -
Health check failed - backend connection error
Context:
  error: HTTPConnectionPool(host='backend', port=8000): Max retries exceeded with url: /health (Caused by NewConnectionError('<urllib3.connection.HTTPConnection object at 0x7f46ffff6910>: Failed to establish a new connection: [Errno 111] Connection refused'))
  timestamp: 2025-12-29T14:04:22.643543

2025-12-29 16:04:22 UTC - cron_service - ERROR - [api_endpoints.py:health_check_endpoint:240] -
Health check failed - backend connection error
Context:
  error: HTTPConnectionPool(host='backend', port=8000): Max retries exceeded with url: /health (Caused by NewConnectionError('<urllib3.connection.HTTPConnection object at 0x7f46ffe1ae10>: Failed to establish a new connection: [Errno 111] Connection refused'))
  timestamp: 2025-12-29T14:04:22.651253

2025-12-29 16:04:25 UTC - cron_service - ERROR - [api_endpoints.py:health_check_endpoint:240] -
Health check failed - backend connection error
Context:
  error: HTTPConnectionPool(host='backend', port=8000): Max retries exceeded with url: /health (Caused by NewConnectionError('<urllib3.connection.HTTPConnection object at 0x7f46fffd1590>: Failed to establish a new connection: [Errno 111] Connection refused'))
  timestamp: 2025-12-29T14:04:25.677610

2025-12-29 16:04:25 UTC - cron_service - ERROR - [api_endpoints.py:health_check_endpoint:240] -
Health check failed - backend connection error
Context:
  error: HTTPConnectionPool(host='backend', port=8000): Max retries exceeded with url: /health (Caused by NewConnectionError('<urllib3.connection.HTTPConnection object at 0x7f46ffe19210>: Failed to establish a new connection: [Errno 111] Connection refused'))
  timestamp: 2025-12-29T14:04:25.684005

2025-12-29 16:04:25 UTC - cron_service - ERROR - [api_endpoints.py:health_check_endpoint:240] -
Health check failed - backend connection error
Context:
  error: HTTPConnectionPool(host='backend', port=8000): Max retries exceeded with url: /health (Caused by NewConnectionError('<urllib3.connection.HTTPConnection object at 0x7f46ffe18a50>: Failed to establish a new connection: [Errno 111] Connection refused'))
  timestamp: 2025-12-29T14:04:25.690447

2025-12-29 16:04:25 UTC - cron_service - ERROR - [api_endpoints.py:health_check_endpoint:240] -
Health check failed - backend connection error
Context:
  error: HTTPConnectionPool(host='backend', port=8000): Max retries exceeded with url: /health (Caused by NewConnectionError('<urllib3.connection.HTTPConnection object at 0x7f46fff68cd0>: Failed to establish a new connection: [Errno 111] Connection refused'))
  timestamp: 2025-12-29T14:04:25.697005

2025-12-29 16:04:25 UTC - cron_service - ERROR - [api_endpoints.py:health_check_endpoint:240] -
Health check failed - backend connection error
Context:
  error: HTTPConnectionPool(host='backend', port=8000): Max retries exceeded with url: /health (Caused by NewConnectionError('<urllib3.connection.HTTPConnection object at 0x7f46ffffef50>: Failed to establish a new connection: [Errno 111] Connection refused'))
  timestamp: 2025-12-29T14:04:25.703039

2025-12-29 16:04:25 UTC - cron_service - ERROR - [api_endpoints.py:health_check_endpoint:240] -
Health check failed - backend connection error
Context:
  error: HTTPConnectionPool(host='backend', port=8000): Max retries exceeded with url: /health (Caused by NewConnectionError('<urllib3.connection.HTTPConnection object at 0x7f46ffe1a090>: Failed to establish a new connection: [Errno 111] Connection refused'))
  timestamp: 2025-12-29T14:04:25.709785

2025-12-29 16:04:25 UTC - cron_service - ERROR - [api_endpoints.py:health_check_endpoint:240] -
Health check failed - backend connection error
Context:
  error: HTTPConnectionPool(host='backend', port=8000): Max retries exceeded with url: /health (Caused by NewConnectionError('<urllib3.connection.HTTPConnection object at 0x7f47040fdc90>: Failed to establish a new connection: [Errno 111] Connection refused'))
  timestamp: 2025-12-29T14:04:25.716091

2025-12-29 16:04:25 UTC - cron_service - ERROR - [api_endpoints.py:health_check_endpoint:240] -
Health check failed - backend connection error
Context:
  error: HTTPConnectionPool(host='backend', port=8000): Max retries exceeded with url: /health (Caused by NewConnectionError('<urllib3.connection.HTTPConnection object at 0x7f46fff6a590>: Failed to establish a new connection: [Errno 111] Connection refused'))
  timestamp: 2025-12-29T14:04:25.721962

2025-12-29 16:04:25 UTC - cron_service - ERROR - [api_endpoints.py:health_check_endpoint:240] -
Health check failed - backend connection error
Context:
  error: HTTPConnectionPool(host='backend', port=8000): Max retries exceeded with url: /health (Caused by NewConnectionError('<urllib3.connection.HTTPConnection object at 0x7f46fffeff90>: Failed to establish a new connection: [Errno 111] Connection refused'))
  timestamp: 2025-12-29T14:04:25.728496

2025-12-29 16:04:25 UTC - cron_service - ERROR - [api_endpoints.py:health_check_endpoint:240] -
Health check failed - backend connection error
Context:
  error: HTTPConnectionPool(host='backend', port=8000): Max retries exceeded with url: /health (Caused by NewConnectionError('<urllib3.connection.HTTPConnection object at 0x7f46fffeffd0>: Failed to establish a new connection: [Errno 111] Connection refused'))
  timestamp: 2025-12-29T14:04:25.734608

2025-12-29 16:04:25 UTC - cron_service - ERROR - [api_endpoints.py:health_check_endpoint:240] -
Health check failed - backend connection error
Context:
  error: HTTPConnectionPool(host='backend', port=8000): Max retries exceeded with url: /health (Caused by NewConnectionError('<urllib3.connection.HTTPConnection object at 0x7f46ffffe890>: Failed to establish a new connection: [Errno 111] Connection refused'))
  timestamp: 2025-12-29T14:04:25.740217

2025-12-29 16:04:25 UTC - cron_service - ERROR - [api_endpoints.py:health_check_endpoint:240] -
Health check failed - backend connection error
Context:
  error: HTTPConnectionPool(host='backend', port=8000): Max retries exceeded with url: /health (Caused by NewConnectionError('<urllib3.connection.HTTPConnection object at 0x7f47042a73d0>: Failed to establish a new connection: [Errno 111] Connection refused'))
  timestamp: 2025-12-29T14:04:25.746654

2025-12-29 16:04:25 UTC - cron_service - ERROR - [api_endpoints.py:health_check_endpoint:240] -
Health check failed - backend connection error
Context:
  error: HTTPConnectionPool(host='backend', port=8000): Max retries exceeded with url: /health (Caused by NewConnectionError('<urllib3.connection.HTTPConnection object at 0x7f46ffffedd0>: Failed to establish a new connection: [Errno 111] Connection refused'))
  timestamp: 2025-12-29T14:04:25.752788

2025-12-29 16:04:25 UTC - cron_service - ERROR - [api_endpoints.py:health_check_endpoint:240] -
Health check failed - backend connection error
Context:
  error: HTTPConnectionPool(host='backend', port=8000): Max retries exceeded with url: /health (Caused by NewConnectionError('<urllib3.connection.HTTPConnection object at 0x7f46fffee850>: Failed to establish a new connection: [Errno 111] Connection refused'))
  timestamp: 2025-12-29T14:04:25.759290

2025-12-29 16:04:25 UTC - cron_service - ERROR - [api_endpoints.py:health_check_endpoint:240] -
Health check failed - backend connection error
Context:
  error: HTTPConnectionPool(host='backend', port=8000): Max retries exceeded with url: /health (Caused by NewConnectionError('<urllib3.connection.HTTPConnection object at 0x7f46fffee4d0>: Failed to establish a new connection: [Errno 111] Connection refused'))
  timestamp: 2025-12-29T14:04:25.766279

2025-12-29 16:04:25 UTC - cron_service - ERROR - [api_endpoints.py:health_check_endpoint:240] -
Health check failed - backend connection error
Context:
  error: HTTPConnectionPool(host='backend', port=8000): Max retries exceeded with url: /health (Caused by NewConnectionError('<urllib3.connection.HTTPConnection object at 0x7f4704e33790>: Failed to establish a new connection: [Errno 111] Connection refused'))
  timestamp: 2025-12-29T14:04:25.773527

2025-12-29 16:04:25 UTC - cron_service - ERROR - [api_endpoints.py:health_check_endpoint:240] -
Health check failed - backend connection error
Context:
  error: HTTPConnectionPool(host='backend', port=8000): Max retries exceeded with url: /health (Caused by NewConnectionError('<urllib3.connection.HTTPConnection object at 0x7f46fffdcdd0>: Failed to establish a new connection: [Errno 111] Connection refused'))
  timestamp: 2025-12-29T14:04:25.781385

2025-12-29 16:04:25 UTC - cron_service - ERROR - [api_endpoints.py:health_check_endpoint:240] -
Health check failed - backend connection error
Context:
  error: HTTPConnectionPool(host='backend', port=8000): Max retries exceeded with url: /health (Caused by NewConnectionError('<urllib3.connection.HTTPConnection object at 0x7f46ffffeb90>: Failed to establish a new connection: [Errno 111] Connection refused'))
  timestamp: 2025-12-29T14:04:25.787483

2025-12-29 16:04:25 UTC - cron_service - ERROR - [api_endpoints.py:health_check_endpoint:240] -
Health check failed - backend connection error
Context:
  error: HTTPConnectionPool(host='backend', port=8000): Max retries exceeded with url: /health (Caused by NewConnectionError('<urllib3.connection.HTTPConnection object at 0x7f46ffe08a90>: Failed to establish a new connection: [Errno 111] Connection refused'))
  timestamp: 2025-12-29T14:04:25.793738

2025-12-29 16:04:25 UTC - cron_service - ERROR - [api_endpoints.py:health_check_endpoint:240] -
Health check failed - backend connection error
Context:
  error: HTTPConnectionPool(host='backend', port=8000): Max retries exceeded with url: /health (Caused by NewConnectionError('<urllib3.connection.HTTPConnection object at 0x7f46fffff150>: Failed to establish a new connection: [Errno 111] Connection refused'))
  timestamp: 2025-12-29T14:04:25.800740

2025-12-29 16:04:25 UTC - cron_service - ERROR - [api_endpoints.py:health_check_endpoint:240] -
Health check failed - backend connection error
Context:
  error: HTTPConnectionPool(host='backend', port=8000): Max retries exceeded with url: /health (Caused by NewConnectionError('<urllib3.connection.HTTPConnection object at 0x7f46fffdd8d0>: Failed to establish a new connection: [Errno 111] Connection refused'))
  timestamp: 2025-12-29T14:04:25.808744

2025-12-29 16:04:25 UTC - cron_service - ERROR - [api_endpoints.py:health_check_endpoint:240] -
Health check failed - backend connection error
Context:
  error: HTTPConnectionPool(host='backend', port=8000): Max retries exceeded with url: /health (Caused by NewConnectionError('<urllib3.connection.HTTPConnection object at 0x7f46ffe08f50>: Failed to establish a new connection: [Errno 111] Connection refused'))
  timestamp: 2025-12-29T14:04:25.816882

2025-12-29 16:04:25 UTC - cron_service - ERROR - [api_endpoints.py:health_check_endpoint:240] -
Health check failed - backend connection error
Context:
  error: HTTPConnectionPool(host='backend', port=8000): Max retries exceeded with url: /health (Caused by NewConnectionError('<urllib3.connection.HTTPConnection object at 0x7f46ffe19cd0>: Failed to establish a new connection: [Errno 111] Connection refused'))
  timestamp: 2025-12-29T14:04:25.823174

2025-12-29 16:04:25 UTC - cron_service - ERROR - [api_endpoints.py:health_check_endpoint:240] -
Health check failed - backend connection error
Context:
  error: HTTPConnectionPool(host='backend', port=8000): Max retries exceeded with url: /health (Caused by NewConnectionError('<urllib3.connection.HTTPConnection object at 0x7f46fffc22d0>: Failed to establish a new connection: [Errno 111] Connection refused'))
  timestamp: 2025-12-29T14:04:25.829452

2025-12-29 16:04:25 UTC - cron_service - ERROR - [api_endpoints.py:health_check_endpoint:240] -
Health check failed - backend connection error
Context:
  error: HTTPConnectionPool(host='backend', port=8000): Max retries exceeded with url: /health (Caused by NewConnectionError('<urllib3.connection.HTTPConnection object at 0x7f46fffdd050>: Failed to establish a new connection: [Errno 111] Connection refused'))
  timestamp: 2025-12-29T14:04:25.836462

2025-12-29 16:04:25 UTC - cron_service - ERROR - [api_endpoints.py:health_check_endpoint:240] -
Health check failed - backend connection error
Context:
  error: HTTPConnectionPool(host='backend', port=8000): Max retries exceeded with url: /health (Caused by NewConnectionError('<urllib3.connection.HTTPConnection object at 0x7f46ffe09610>: Failed to establish a new connection: [Errno 111] Connection refused'))
  timestamp: 2025-12-29T14:04:25.845843

2025-12-29 16:04:25 UTC - cron_service - ERROR - [api_endpoints.py:health_check_endpoint:240] -
Health check failed - backend connection error
Context:
  error: HTTPConnectionPool(host='backend', port=8000): Max retries exceeded with url: /health (Caused by NewConnectionError('<urllib3.connection.HTTPConnection object at 0x7f4704e33a10>: Failed to establish a new connection: [Errno 111] Connection refused'))
  timestamp: 2025-12-29T14:04:25.854954

2025-12-29 16:04:25 UTC - cron_service - ERROR - [api_endpoints.py:health_check_endpoint:240] -
Health check failed - backend connection error
Context:
  error: HTTPConnectionPool(host='backend', port=8000): Max retries exceeded with url: /health (Caused by NewConnectionError('<urllib3.connection.HTTPConnection object at 0x7f46fffdc9d0>: Failed to establish a new connection: [Errno 111] Connection refused'))
  timestamp: 2025-12-29T14:04:25.860725

2025-12-29 16:04:25 UTC - cron_service - ERROR - [api_endpoints.py:health_check_endpoint:240] -
Health check failed - backend connection error
Context:
  error: HTTPConnectionPool(host='backend', port=8000): Max retries exceeded with url: /health (Caused by NewConnectionError('<urllib3.connection.HTTPConnection object at 0x7f46ffe21a50>: Failed to establish a new connection: [Errno 111] Connection refused'))
  timestamp: 2025-12-29T14:04:25.866159

2025-12-29 16:04:25 UTC - cron_service - ERROR - [api_endpoints.py:health_check_endpoint:240] -
Health check failed - backend connection error
Context:
  error: HTTPConnectionPool(host='backend', port=8000): Max retries exceeded with url: /health (Caused by NewConnectionError('<urllib3.connection.HTTPConnection object at 0x7f46fffdf390>: Failed to establish a new connection: [Errno 111] Connection refused'))
  timestamp: 2025-12-29T14:04:25.871422

2025-12-29 16:04:25 UTC - cron_service - ERROR - [api_endpoints.py:health_check_endpoint:240] -
Health check failed - backend connection error
Context:
  error: HTTPConnectionPool(host='backend', port=8000): Max retries exceeded with url: /health (Caused by NewConnectionError('<urllib3.connection.HTTPConnection object at 0x7f46ffe0b210>: Failed to establish a new connection: [Errno 111] Connection refused'))
  timestamp: 2025-12-29T14:04:25.877881

2025-12-29 16:04:25 UTC - cron_service - ERROR - [api_endpoints.py:health_check_endpoint:240] -
Health check failed - backend connection error
Context:
  error: HTTPConnectionPool(host='backend', port=8000): Max retries exceeded with url: /health (Caused by NewConnectionError('<urllib3.connection.HTTPConnection object at 0x7f46fffc2c90>: Failed to establish a new connection: [Errno 111] Connection refused'))
  timestamp: 2025-12-29T14:04:25.886167

2025-12-29 16:04:25 UTC - cron_service - ERROR - [api_endpoints.py:health_check_endpoint:240] -
Health check failed - backend connection error
Context:
  error: HTTPConnectionPool(host='backend', port=8000): Max retries exceeded with url: /health (Caused by NewConnectionError('<urllib3.connection.HTTPConnection object at 0x7f46ffe09dd0>: Failed to establish a new connection: [Errno 111] Connection refused'))
  timestamp: 2025-12-29T14:04:25.891697

2025-12-29 16:04:26 UTC - cron_service - ERROR - [api_endpoints.py:health_check_endpoint:240] -
Health check failed - backend connection error
Context:
  error: HTTPConnectionPool(host='backend', port=8000): Max retries exceeded with url: /health (Caused by NewConnectionError('<urllib3.connection.HTTPConnection object at 0x7f4704192550>: Failed to establish a new connection: [Errno 111] Connection refused'))
  timestamp: 2025-12-29T14:04:26.112783

2025-12-29 16:04:26 UTC - cron_service - ERROR - [api_endpoints.py:health_check_endpoint:240] -
Health check failed - backend connection error
Context:
  error: HTTPConnectionPool(host='backend', port=8000): Max retries exceeded with url: /health (Caused by NewConnectionError('<urllib3.connection.HTTPConnection object at 0x7f46ffe0a4d0>: Failed to establish a new connection: [Errno 111] Connection refused'))
  timestamp: 2025-12-29T14:04:26.120201

2025-12-29 16:04:26 UTC - cron_service - ERROR - [api_endpoints.py:health_check_endpoint:240] -
Health check failed - backend connection error
Context:
  error: HTTPConnectionPool(host='backend', port=8000): Max retries exceeded with url: /health (Caused by NewConnectionError('<urllib3.connection.HTTPConnection object at 0x7f46ffe0a890>: Failed to establish a new connection: [Errno 111] Connection refused'))
  timestamp: 2025-12-29T14:04:26.128374

2025-12-29 16:04:26 UTC - cron_service - ERROR - [api_endpoints.py:health_check_endpoint:240] -
Health check failed - backend connection error
Context:
  error: HTTPConnectionPool(host='backend', port=8000): Max retries exceeded with url: /health (Caused by NewConnectionError('<urllib3.connection.HTTPConnection object at 0x7f46fffdec10>: Failed to establish a new connection: [Errno 111] Connection refused'))
  timestamp: 2025-12-29T14:04:26.135170

2025-12-29 16:04:26 UTC - cron_service - ERROR - [api_endpoints.py:health_check_endpoint:240] -
Health check failed - backend connection error
Context:
  error: HTTPConnectionPool(host='backend', port=8000): Max retries exceeded with url: /health (Caused by NewConnectionError('<urllib3.connection.HTTPConnection object at 0x7f4704e33610>: Failed to establish a new connection: [Errno 111] Connection refused'))
  timestamp: 2025-12-29T14:04:26.142278

2025-12-29 16:04:26 UTC - cron_service - ERROR - [api_endpoints.py:health_check_endpoint:240] -
Health check failed - backend connection error
Context:
  error: HTTPConnectionPool(host='backend', port=8000): Max retries exceeded with url: /health (Caused by NewConnectionError('<urllib3.connection.HTTPConnection object at 0x7f46fffddb50>: Failed to establish a new connection: [Errno 111] Connection refused'))
  timestamp: 2025-12-29T14:04:26.149982

2025-12-29 16:04:26 UTC - cron_service - ERROR - [api_endpoints.py:health_check_endpoint:240] -
Health check failed - backend connection error
Context:
  error: HTTPConnectionPool(host='backend', port=8000): Max retries exceeded with url: /health (Caused by NewConnectionError('<urllib3.connection.HTTPConnection object at 0x7f46ffe0ab10>: Failed to establish a new connection: [Errno 111] Connection refused'))
  timestamp: 2025-12-29T14:04:26.158194

2025-12-29 16:04:26 UTC - cron_service - ERROR - [api_endpoints.py:health_check_endpoint:240] -
Health check failed - backend connection error
Context:
  error: HTTPConnectionPool(host='backend', port=8000): Max retries exceeded with url: /health (Caused by NewConnectionError('<urllib3.connection.HTTPConnection object at 0x7f46fffdeb90>: Failed to establish a new connection: [Errno 111] Connection refused'))
  timestamp: 2025-12-29T14:04:26.165232

2025-12-29 16:04:26 UTC - cron_service - ERROR - [api_endpoints.py:health_check_endpoint:240] -
Health check failed - backend connection error
Context:
  error: HTTPConnectionPool(host='backend', port=8000): Max retries exceeded with url: /health (Caused by NewConnectionError('<urllib3.connection.HTTPConnection object at 0x7f46ffff4310>: Failed to establish a new connection: [Errno 111] Connection refused'))
  timestamp: 2025-12-29T14:04:26.171984

2025-12-29 16:04:26 UTC - cron_service - ERROR - [api_endpoints.py:health_check_endpoint:240] -
Health check failed - backend connection error
Context:
  error: HTTPConnectionPool(host='backend', port=8000): Max retries exceeded with url: /health (Caused by NewConnectionError('<urllib3.connection.HTTPConnection object at 0x7f46ffff7990>: Failed to establish a new connection: [Errno 111] Connection refused'))
  timestamp: 2025-12-29T14:04:26.181142

2025-12-29 16:04:26 UTC - cron_service - ERROR - [api_endpoints.py:health_check_endpoint:240] -
Health check failed - backend connection error
Context:
  error: HTTPConnectionPool(host='backend', port=8000): Max retries exceeded with url: /health (Caused by NewConnectionError('<urllib3.connection.HTTPConnection object at 0x7f46ffe093d0>: Failed to establish a new connection: [Errno 111] Connection refused'))
  timestamp: 2025-12-29T14:04:26.189334

2025-12-29 16:04:26 UTC - cron_service - ERROR - [api_endpoints.py:health_check_endpoint:240] -
Health check failed - backend connection error
Context:
  error: HTTPConnectionPool(host='backend', port=8000): Max retries exceeded with url: /health (Caused by NewConnectionError('<urllib3.connection.HTTPConnection object at 0x7f46fffd23d0>: Failed to establish a new connection: [Errno 111] Connection refused'))
  timestamp: 2025-12-29T14:04:26.198364

2025-12-29 16:04:26 UTC - cron_service - ERROR - [api_endpoints.py:health_check_endpoint:240] -
Health check failed - backend connection error
Context:
  error: HTTPConnectionPool(host='backend', port=8000): Max retries exceeded with url: /health (Caused by NewConnectionError('<urllib3.connection.HTTPConnection object at 0x7f46ffe0a1d0>: Failed to establish a new connection: [Errno 111] Connection refused'))
  timestamp: 2025-12-29T14:04:26.208068

2025-12-29 16:04:26 UTC - cron_service - ERROR - [api_endpoints.py:health_check_endpoint:240] -
Health check failed - backend connection error
Context:
  error: HTTPConnectionPool(host='backend', port=8000): Max retries exceeded with url: /health (Caused by NewConnectionError('<urllib3.connection.HTTPConnection object at 0x7f4704c78b90>: Failed to establish a new connection: [Errno 111] Connection refused'))
  timestamp: 2025-12-29T14:04:26.215821

2025-12-29 16:04:26 UTC - cron_service - ERROR - [api_endpoints.py:health_check_endpoint:240] -
Health check failed - backend connection error
Context:
  error: HTTPConnectionPool(host='backend', port=8000): Max retries exceeded with url: /health (Caused by NewConnectionError('<urllib3.connection.HTTPConnection object at 0x7f46fffdf5d0>: Failed to establish a new connection: [Errno 111] Connection refused'))
  timestamp: 2025-12-29T14:04:26.223772

2025-12-29 16:04:26 UTC - cron_service - ERROR - [api_endpoints.py:health_check_endpoint:240] -
Health check failed - backend connection error
Context:
  error: HTTPConnectionPool(host='backend', port=8000): Max retries exceeded with url: /health (Caused by NewConnectionError('<urllib3.connection.HTTPConnection object at 0x7f46fff779d0>: Failed to establish a new connection: [Errno 111] Connection refused'))
  timestamp: 2025-12-29T14:04:26.229985

2025-12-29 16:04:26 UTC - cron_service - ERROR - [api_endpoints.py:health_check_endpoint:240] -
Health check failed - backend connection error
Context:
  error: HTTPConnectionPool(host='backend', port=8000): Max retries exceeded with url: /health (Caused by NewConnectionError('<urllib3.connection.HTTPConnection object at 0x7f47040f6f50>: Failed to establish a new connection: [Errno 111] Connection refused'))
  timestamp: 2025-12-29T14:04:26.236298

2025-12-29 16:04:26 UTC - cron_service - ERROR - [api_endpoints.py:health_check_endpoint:240] -
Health check failed - backend connection error
Context:
  error: HTTPConnectionPool(host='backend', port=8000): Max retries exceeded with url: /health (Caused by NewConnectionError('<urllib3.connection.HTTPConnection object at 0x7f46fffd3010>: Failed to establish a new connection: [Errno 111] Connection refused'))
  timestamp: 2025-12-29T14:04:26.242353

2025-12-29 16:04:26 UTC - cron_service - ERROR - [api_endpoints.py:health_check_endpoint:240] -
Health check failed - backend connection error
Context:
  error: HTTPConnectionPool(host='backend', port=8000): Max retries exceeded with url: /health (Caused by NewConnectionError('<urllib3.connection.HTTPConnection object at 0x7f46ffe18550>: Failed to establish a new connection: [Errno 111] Connection refused'))
  timestamp: 2025-12-29T14:04:26.249844

2025-12-29 16:04:26 UTC - cron_service - ERROR - [api_endpoints.py:health_check_endpoint:240] -
Health check failed - backend connection error
Context:
  error: HTTPConnectionPool(host='backend', port=8000): Max retries exceeded with url: /health (Caused by NewConnectionError('<urllib3.connection.HTTPConnection object at 0x7f46fffd06d0>: Failed to establish a new connection: [Errno 111] Connection refused'))
  timestamp: 2025-12-29T14:04:26.256198

2025-12-29 16:04:26 UTC - cron_service - ERROR - [api_endpoints.py:health_check_endpoint:240] -
Health check failed - backend connection error
Context:
  error: HTTPConnectionPool(host='backend', port=8000): Max retries exceeded with url: /health (Caused by NewConnectionError('<urllib3.connection.HTTPConnection object at 0x7f47040ffc50>: Failed to establish a new connection: [Errno 111] Connection refused'))
  timestamp: 2025-12-29T14:04:26.264640

2025-12-29 16:04:26 UTC - cron_service - ERROR - [api_endpoints.py:health_check_endpoint:240] -
Health check failed - backend connection error
Context:
  error: HTTPConnectionPool(host='backend', port=8000): Max retries exceeded with url: /health (Caused by NewConnectionError('<urllib3.connection.HTTPConnection object at 0x7f47042d79d0>: Failed to establish a new connection: [Errno 111] Connection refused'))
  timestamp: 2025-12-29T14:04:26.272894

2025-12-29 16:04:26 UTC - cron_service - ERROR - [api_endpoints.py:health_check_endpoint:240] -
Health check failed - backend connection error
Context:
  error: HTTPConnectionPool(host='backend', port=8000): Max retries exceeded with url: /health (Caused by NewConnectionError('<urllib3.connection.HTTPConnection object at 0x7f46ffe22590>: Failed to establish a new connection: [Errno 111] Connection refused'))
  timestamp: 2025-12-29T14:04:26.280262

2025-12-29 16:04:26 UTC - cron_service - ERROR - [api_endpoints.py:health_check_endpoint:240] -
Health check failed - backend connection error
Context:
  error: HTTPConnectionPool(host='backend', port=8000): Max retries exceeded with url: /health (Caused by NewConnectionError('<urllib3.connection.HTTPConnection object at 0x7f46ffe19d90>: Failed to establish a new connection: [Errno 111] Connection refused'))
  timestamp: 2025-12-29T14:04:26.290402

2025-12-29 16:04:26 UTC - cron_service - ERROR - [api_endpoints.py:health_check_endpoint:240] -
Health check failed - backend connection error
Context:
  error: HTTPConnectionPool(host='backend', port=8000): Max retries exceeded with url: /health (Caused by NewConnectionError('<urllib3.connection.HTTPConnection object at 0x7f46fffd3ed0>: Failed to establish a new connection: [Errno 111] Connection refused'))
  timestamp: 2025-12-29T14:04:26.298378

2025-12-29 16:04:26 UTC - cron_service - ERROR - [api_endpoints.py:health_check_endpoint:240] -
Health check failed - backend connection error
Context:
  error: HTTPConnectionPool(host='backend', port=8000): Max retries exceeded with url: /health (Caused by NewConnectionError('<urllib3.connection.HTTPConnection object at 0x7f46ffe28b90>: Failed to establish a new connection: [Errno 111] Connection refused'))
  timestamp: 2025-12-29T14:04:26.306513

2025-12-29 16:04:26 UTC - cron_service - ERROR - [api_endpoints.py:health_check_endpoint:240] -
Health check failed - backend connection error
Context:
  error: HTTPConnectionPool(host='backend', port=8000): Max retries exceeded with url: /health (Caused by NewConnectionError('<urllib3.connection.HTTPConnection object at 0x7f46fffee510>: Failed to establish a new connection: [Errno 111] Connection refused'))
  timestamp: 2025-12-29T14:04:26.315115

2025-12-29 16:04:26 UTC - cron_service - ERROR - [api_endpoints.py:health_check_endpoint:240] -
Health check failed - backend connection error
Context:
  error: HTTPConnectionPool(host='backend', port=8000): Max retries exceeded with url: /health (Caused by NewConnectionError('<urllib3.connection.HTTPConnection object at 0x7f46ffe1be10>: Failed to establish a new connection: [Errno 111] Connection refused'))
  timestamp: 2025-12-29T14:04:26.321996

2025-12-29 16:04:26 UTC - cron_service - ERROR - [api_endpoints.py:health_check_endpoint:240] -
Health check failed - backend connection error
Context:
  error: HTTPConnectionPool(host='backend', port=8000): Max retries exceeded with url: /health (Caused by NewConnectionError('<urllib3.connection.HTTPConnection object at 0x7f46ffe237d0>: Failed to establish a new connection: [Errno 111] Connection refused'))
  timestamp: 2025-12-29T14:04:26.331584

2025-12-29 16:04:26 UTC - cron_service - ERROR - [api_endpoints.py:health_check_endpoint:240] -
Health check failed - backend connection error
Context:
  error: HTTPConnectionPool(host='backend', port=8000): Max retries exceeded with url: /health (Caused by NewConnectionError('<urllib3.connection.HTTPConnection object at 0x7f47040e00d0>: Failed to establish a new connection: [Errno 111] Connection refused'))
  timestamp: 2025-12-29T14:04:26.339321

2025-12-29 16:04:26 UTC - cron_service - ERROR - [api_endpoints.py:health_check_endpoint:240] -
Health check failed - backend connection error
Context:
  error: HTTPConnectionPool(host='backend', port=8000): Max retries exceeded with url: /health (Caused by NewConnectionError('<urllib3.connection.HTTPConnection object at 0x7f46fffed290>: Failed to establish a new connection: [Errno 111] Connection refused'))
  timestamp: 2025-12-29T14:04:26.346396

2025-12-29 16:04:26 UTC - cron_service - ERROR - [api_endpoints.py:health_check_endpoint:240] -
Health check failed - backend connection error
Context:
  error: HTTPConnectionPool(host='backend', port=8000): Max retries exceeded with url: /health (Caused by NewConnectionError('<urllib3.connection.HTTPConnection object at 0x7f46fff75090>: Failed to establish a new connection: [Errno 111] Connection refused'))
  timestamp: 2025-12-29T14:04:26.356924

2025-12-29 16:04:26 UTC - cron_service - ERROR - [api_endpoints.py:health_check_endpoint:240] -
Health check failed - backend connection error
Context:
  error: HTTPConnectionPool(host='backend', port=8000): Max retries exceeded with url: /health (Caused by NewConnectionError('<urllib3.connection.HTTPConnection object at 0x7f4704c3f090>: Failed to establish a new connection: [Errno 111] Connection refused'))
  timestamp: 2025-12-29T14:04:26.375227

2025-12-29 16:04:26 UTC - cron_service - ERROR - [api_endpoints.py:health_check_endpoint:240] -
Health check failed - backend connection error
Context:
  error: HTTPConnectionPool(host='backend', port=8000): Max retries exceeded with url: /health (Caused by NewConnectionError('<urllib3.connection.HTTPConnection object at 0x7f47042d5ad0>: Failed to establish a new connection: [Errno 111] Connection refused'))
  timestamp: 2025-12-29T14:04:26.386109

2025-12-29 16:04:26 UTC - cron_service - ERROR - [api_endpoints.py:health_check_endpoint:240] -
Health check failed - backend connection error
Context:
  error: HTTPConnectionPool(host='backend', port=8000): Max retries exceeded with url: /health (Caused by NewConnectionError('<urllib3.connection.HTTPConnection object at 0x7f46ffffd950>: Failed to establish a new connection: [Errno 111] Connection refused'))
  timestamp: 2025-12-29T14:04:26.397964

2025-12-29 16:04:26 UTC - cron_service - ERROR - [api_endpoints.py:health_check_endpoint:240] -
Health check failed - backend connection error
Context:
  error: HTTPConnectionPool(host='backend', port=8000): Max retries exceeded with url: /health (Caused by NewConnectionError('<urllib3.connection.HTTPConnection object at 0x7f46ffffe490>: Failed to establish a new connection: [Errno 111] Connection refused'))
  timestamp: 2025-12-29T14:04:26.407858

2025-12-29 16:04:26 UTC - cron_service - ERROR - [api_endpoints.py:health_check_endpoint:240] -
Health check failed - backend connection error
Context:
  error: HTTPConnectionPool(host='backend', port=8000): Max retries exceeded with url: /health (Caused by NewConnectionError('<urllib3.connection.HTTPConnection object at 0x7f46fff86b90>: Failed to establish a new connection: [Errno 111] Connection refused'))
  timestamp: 2025-12-29T14:04:26.416304

2025-12-29 16:04:26 UTC - cron_service - ERROR - [api_endpoints.py:health_check_endpoint:240] -
Health check failed - backend connection error
Context:
  error: HTTPConnectionPool(host='backend', port=8000): Max retries exceeded with url: /health (Caused by NewConnectionError('<urllib3.connection.HTTPConnection object at 0x7f46fffd3a50>: Failed to establish a new connection: [Errno 111] Connection refused'))
  timestamp: 2025-12-29T14:04:26.426396

2025-12-29 16:04:26 UTC - cron_service - ERROR - [api_endpoints.py:health_check_endpoint:240] -
Health check failed - backend connection error
Context:
  error: HTTPConnectionPool(host='backend', port=8000): Max retries exceeded with url: /health (Caused by NewConnectionError('<urllib3.connection.HTTPConnection object at 0x7f46fffec550>: Failed to establish a new connection: [Errno 111] Connection refused'))
  timestamp: 2025-12-29T14:04:26.436607

2025-12-29 16:04:26 UTC - cron_service - ERROR - [api_endpoints.py:health_check_endpoint:240] -
Health check failed - backend connection error
Context:
  error: HTTPConnectionPool(host='backend', port=8000): Max retries exceeded with url: /health (Caused by NewConnectionError('<urllib3.connection.HTTPConnection object at 0x7f46fffdd910>: Failed to establish a new connection: [Errno 111] Connection refused'))
  timestamp: 2025-12-29T14:04:26.444884

2025-12-29 16:04:26 UTC - cron_service - ERROR - [api_endpoints.py:health_check_endpoint:240] -
Health check failed - backend connection error
Context:
  error: HTTPConnectionPool(host='backend', port=8000): Max retries exceeded with url: /health (Caused by NewConnectionError('<urllib3.connection.HTTPConnection object at 0x7f46ffffe3d0>: Failed to establish a new connection: [Errno 111] Connection refused'))
  timestamp: 2025-12-29T14:04:26.451638

2025-12-29 16:04:26 UTC - cron_service - ERROR - [api_endpoints.py:health_check_endpoint:240] -
Health check failed - backend connection error
Context:
  error: HTTPConnectionPool(host='backend', port=8000): Max retries exceeded with url: /health (Caused by NewConnectionError('<urllib3.connection.HTTPConnection object at 0x7f46fffdf050>: Failed to establish a new connection: [Errno 111] Connection refused'))
  timestamp: 2025-12-29T14:04:26.462102

2025-12-29 16:04:26 UTC - cron_service - ERROR - [api_endpoints.py:health_check_endpoint:240] -
Health check failed - backend connection error
Context:
  error: HTTPConnectionPool(host='backend', port=8000): Max retries exceeded with url: /health (Caused by NewConnectionError('<urllib3.connection.HTTPConnection object at 0x7f47040f4410>: Failed to establish a new connection: [Errno 111] Connection refused'))
  timestamp: 2025-12-29T14:04:26.473923

2025-12-29 16:04:26 UTC - cron_service - ERROR - [api_endpoints.py:health_check_endpoint:240] -
Health check failed - backend connection error
Context:
  error: HTTPConnectionPool(host='backend', port=8000): Max retries exceeded with url: /health (Caused by NewConnectionError('<urllib3.connection.HTTPConnection object at 0x7f46fffde6d0>: Failed to establish a new connection: [Errno 111] Connection refused'))
  timestamp: 2025-12-29T14:04:26.483373

2025-12-29 16:04:26 UTC - cron_service - ERROR - [api_endpoints.py:health_check_endpoint:240] -
Health check failed - backend connection error
Context:
  error: HTTPConnectionPool(host='backend', port=8000): Max retries exceeded with url: /health (Caused by NewConnectionError('<urllib3.connection.HTTPConnection object at 0x7f46ffff6a50>: Failed to establish a new connection: [Errno 111] Connection refused'))
  timestamp: 2025-12-29T14:04:26.491208

2025-12-29 16:04:26 UTC - cron_service - ERROR - [api_endpoints.py:health_check_endpoint:240] -
Health check failed - backend connection error
Context:
  error: HTTPConnectionPool(host='backend', port=8000): Max retries exceeded with url: /health (Caused by NewConnectionError('<urllib3.connection.HTTPConnection object at 0x7f46fffed710>: Failed to establish a new connection: [Errno 111] Connection refused'))
  timestamp: 2025-12-29T14:04:26.499549

2025-12-29 16:04:26 UTC - cron_service - ERROR - [api_endpoints.py:health_check_endpoint:240] -
Health check failed - backend connection error
Context:
  error: HTTPConnectionPool(host='backend', port=8000): Max retries exceeded with url: /health (Caused by NewConnectionError('<urllib3.connection.HTTPConnection object at 0x7f46ffff7210>: Failed to establish a new connection: [Errno 111] Connection refused'))
  timestamp: 2025-12-29T14:04:26.505427

2025-12-29 16:04:26 UTC - cron_service - ERROR - [api_endpoints.py:health_check_endpoint:240] -
Health check failed - backend connection error
Context:
  error: HTTPConnectionPool(host='backend', port=8000): Max retries exceeded with url: /health (Caused by NewConnectionError('<urllib3.connection.HTTPConnection object at 0x7f46ffff4f10>: Failed to establish a new connection: [Errno 111] Connection refused'))
  timestamp: 2025-12-29T14:04:26.514247

2025-12-29 16:04:26 UTC - cron_service - ERROR - [api_endpoints.py:health_check_endpoint:240] -
Health check failed - backend connection error
Context:
  error: HTTPConnectionPool(host='backend', port=8000): Max retries exceeded with url: /health (Caused by NewConnectionError('<urllib3.connection.HTTPConnection object at 0x7f46fffefed0>: Failed to establish a new connection: [Errno 111] Connection refused'))
  timestamp: 2025-12-29T14:04:26.522076

2025-12-29 16:04:26 UTC - cron_service - ERROR - [api_endpoints.py:health_check_endpoint:240] -
Health check failed - backend connection error
Context:
  error: HTTPConnectionPool(host='backend', port=8000): Max retries exceeded with url: /health (Caused by NewConnectionError('<urllib3.connection.HTTPConnection object at 0x7f47042a5a50>: Failed to establish a new connection: [Errno 111] Connection refused'))
  timestamp: 2025-12-29T14:04:26.528812

2025-12-29 16:04:26 UTC - cron_service - ERROR - [api_endpoints.py:health_check_endpoint:240] -
Health check failed - backend connection error
Context:
  error: HTTPConnectionPool(host='backend', port=8000): Max retries exceeded with url: /health (Caused by NewConnectionError('<urllib3.connection.HTTPConnection object at 0x7f46fffed6d0>: Failed to establish a new connection: [Errno 111] Connection refused'))
  timestamp: 2025-12-29T14:04:26.544842

2025-12-29 16:04:26 UTC - cron_service - ERROR - [api_endpoints.py:health_check_endpoint:240] -
Health check failed - backend connection error
Context:
  error: HTTPConnectionPool(host='backend', port=8000): Max retries exceeded with url: /health (Caused by NewConnectionError('<urllib3.connection.HTTPConnection object at 0x7f46ffff5410>: Failed to establish a new connection: [Errno 111] Connection refused'))
  timestamp: 2025-12-29T14:04:26.552769

2025-12-29 16:04:26 UTC - cron_service - ERROR - [api_endpoints.py:health_check_endpoint:240] -
Health check failed - backend connection error
Context:
  error: HTTPConnectionPool(host='backend', port=8000): Max retries exceeded with url: /health (Caused by NewConnectionError('<urllib3.connection.HTTPConnection object at 0x7f46ffff6650>: Failed to establish a new connection: [Errno 111] Connection refused'))
  timestamp: 2025-12-29T14:04:26.561155

2025-12-29 16:04:26 UTC - cron_service - ERROR - [api_endpoints.py:health_check_endpoint:240] -
Health check failed - backend connection error
Context:
  error: HTTPConnectionPool(host='backend', port=8000): Max retries exceeded with url: /health (Caused by NewConnectionError('<urllib3.connection.HTTPConnection object at 0x7f46fffeea10>: Failed to establish a new connection: [Errno 111] Connection refused'))
  timestamp: 2025-12-29T14:04:26.569861

2025-12-29 16:04:26 UTC - cron_service - ERROR - [api_endpoints.py:health_check_endpoint:240] -
Health check failed - backend connection error
Context:
  error: HTTPConnectionPool(host='backend', port=8000): Max retries exceeded with url: /health (Caused by NewConnectionError('<urllib3.connection.HTTPConnection object at 0x7f46ffe2a7d0>: Failed to establish a new connection: [Errno 111] Connection refused'))
  timestamp: 2025-12-29T14:04:26.577669

2025-12-29 16:04:26 UTC - cron_service - ERROR - [api_endpoints.py:health_check_endpoint:240] -
Health check failed - backend connection error
Context:
  error: HTTPConnectionPool(host='backend', port=8000): Max retries exceeded with url: /health (Caused by NewConnectionError('<urllib3.connection.HTTPConnection object at 0x7f46fff8e910>: Failed to establish a new connection: [Errno 111] Connection refused'))
  timestamp: 2025-12-29T14:04:26.584486

2025-12-29 16:04:26 UTC - cron_service - ERROR - [api_endpoints.py:health_check_endpoint:240] -
Health check failed - backend connection error
Context:
  error: HTTPConnectionPool(host='backend', port=8000): Max retries exceeded with url: /health (Caused by NewConnectionError('<urllib3.connection.HTTPConnection object at 0x7f46ffe2a990>: Failed to establish a new connection: [Errno 111] Connection refused'))
  timestamp: 2025-12-29T14:04:26.595192

2025-12-29 16:04:26 UTC - cron_service - ERROR - [api_endpoints.py:health_check_endpoint:240] -
Health check failed - backend connection error
Context:
  error: HTTPConnectionPool(host='backend', port=8000): Max retries exceeded with url: /health (Caused by NewConnectionError('<urllib3.connection.HTTPConnection object at 0x7f46fff10e10>: Failed to establish a new connection: [Errno 111] Connection refused'))
  timestamp: 2025-12-29T14:04:26.601398

2025-12-29 16:04:26 UTC - cron_service - ERROR - [api_endpoints.py:health_check_endpoint:240] -
Health check failed - backend connection error
Context:
  error: HTTPConnectionPool(host='backend', port=8000): Max retries exceeded with url: /health (Caused by NewConnectionError('<urllib3.connection.HTTPConnection object at 0x7f46fff6add0>: Failed to establish a new connection: [Errno 111] Connection refused'))
  timestamp: 2025-12-29T14:04:26.607872

2025-12-29 16:04:26 UTC - cron_service - ERROR - [api_endpoints.py:health_check_endpoint:240] -
Health check failed - backend connection error
Context:
  error: HTTPConnectionPool(host='backend', port=8000): Max retries exceeded with url: /health (Caused by NewConnectionError('<urllib3.connection.HTTPConnection object at 0x7f46ffe0b510>: Failed to establish a new connection: [Errno 111] Connection refused'))
  timestamp: 2025-12-29T14:04:26.613694

2025-12-29 16:04:26 UTC - cron_service - ERROR - [api_endpoints.py:health_check_endpoint:240] -
Health check failed - backend connection error
Context:
  error: HTTPConnectionPool(host='backend', port=8000): Max retries exceeded with url: /health (Caused by NewConnectionError('<urllib3.connection.HTTPConnection object at 0x7f46ffff5a90>: Failed to establish a new connection: [Errno 111] Connection refused'))
  timestamp: 2025-12-29T14:04:26.620350

2025-12-29 16:04:26 UTC - cron_service - ERROR - [api_endpoints.py:health_check_endpoint:240] -
Health check failed - backend connection error
Context:
  error: HTTPConnectionPool(host='backend', port=8000): Max retries exceeded with url: /health (Caused by NewConnectionError('<urllib3.connection.HTTPConnection object at 0x7f46fffff3d0>: Failed to establish a new connection: [Errno 111] Connection refused'))
  timestamp: 2025-12-29T14:04:26.627029

2025-12-29 16:04:26 UTC - cron_service - ERROR - [api_endpoints.py:health_check_endpoint:240] -
Health check failed - backend connection error
Context:
  error: HTTPConnectionPool(host='backend', port=8000): Max retries exceeded with url: /health (Caused by NewConnectionError('<urllib3.connection.HTTPConnection object at 0x7f46ffff7410>: Failed to establish a new connection: [Errno 111] Connection refused'))
  timestamp: 2025-12-29T14:04:26.632582

2025-12-29 16:04:26 UTC - cron_service - ERROR - [api_endpoints.py:health_check_endpoint:240] -
Health check failed - backend connection error
Context:
  error: HTTPConnectionPool(host='backend', port=8000): Max retries exceeded with url: /health (Caused by NewConnectionError('<urllib3.connection.HTTPConnection object at 0x7f47042d53d0>: Failed to establish a new connection: [Errno 111] Connection refused'))
  timestamp: 2025-12-29T14:04:26.637853

2025-12-29 16:04:26 UTC - cron_service - ERROR - [api_endpoints.py:health_check_endpoint:240] -
Health check failed - backend connection error
Context:
  error: HTTPConnectionPool(host='backend', port=8000): Max retries exceeded with url: /health (Caused by NewConnectionError('<urllib3.connection.HTTPConnection object at 0x7f46fffec690>: Failed to establish a new connection: [Errno 111] Connection refused'))
  timestamp: 2025-12-29T14:04:26.644334

2025-12-29 16:04:26 UTC - cron_service - ERROR - [api_endpoints.py:health_check_endpoint:240] -
Health check failed - backend connection error
Context:
  error: HTTPConnectionPool(host='backend', port=8000): Max retries exceeded with url: /health (Caused by NewConnectionError('<urllib3.connection.HTTPConnection object at 0x7f46ffff48d0>: Failed to establish a new connection: [Errno 111] Connection refused'))
  timestamp: 2025-12-29T14:04:26.650209

2025-12-29 16:04:26 UTC - cron_service - ERROR - [api_endpoints.py:health_check_endpoint:240] -
Health check failed - backend connection error
Context:
  error: HTTPConnectionPool(host='backend', port=8000): Max retries exceeded with url: /health (Caused by NewConnectionError('<urllib3.connection.HTTPConnection object at 0x7f46fffd30d0>: Failed to establish a new connection: [Errno 111] Connection refused'))
  timestamp: 2025-12-29T14:04:26.657167

2025-12-29 16:04:26 UTC - cron_service - ERROR - [api_endpoints.py:health_check_endpoint:240] -
Health check failed - backend connection error
Context:
  error: HTTPConnectionPool(host='backend', port=8000): Max retries exceeded with url: /health (Caused by NewConnectionError('<urllib3.connection.HTTPConnection object at 0x7f46ffe083d0>: Failed to establish a new connection: [Errno 111] Connection refused'))
  timestamp: 2025-12-29T14:04:26.664496

2025-12-29 16:04:26 UTC - cron_service - ERROR - [api_endpoints.py:health_check_endpoint:240] -
Health check failed - backend connection error
Context:
  error: HTTPConnectionPool(host='backend', port=8000): Max retries exceeded with url: /health (Caused by NewConnectionError('<urllib3.connection.HTTPConnection object at 0x7f46fffd2fd0>: Failed to establish a new connection: [Errno 111] Connection refused'))
  timestamp: 2025-12-29T14:04:26.669513

2025-12-29 16:04:26 UTC - cron_service - ERROR - [api_endpoints.py:health_check_endpoint:240] -
Health check failed - backend connection error
Context:
  error: HTTPConnectionPool(host='backend', port=8000): Max retries exceeded with url: /health (Caused by NewConnectionError('<urllib3.connection.HTTPConnection object at 0x7f46ffe0bcd0>: Failed to establish a new connection: [Errno 111] Connection refused'))
  timestamp: 2025-12-29T14:04:26.676050

2025-12-29 16:04:26 UTC - cron_service - ERROR - [api_endpoints.py:health_check_endpoint:240] -
Health check failed - backend connection error
Context:
  error: HTTPConnectionPool(host='backend', port=8000): Max retries exceeded with url: /health (Caused by NewConnectionError('<urllib3.connection.HTTPConnection object at 0x7f46fff75090>: Failed to establish a new connection: [Errno 111] Connection refused'))
  timestamp: 2025-12-29T14:04:26.681686

2025-12-29 16:04:26 UTC - cron_service - ERROR - [api_endpoints.py:health_check_endpoint:240] -
Health check failed - backend connection error
Context:
  error: HTTPConnectionPool(host='backend', port=8000): Max retries exceeded with url: /health (Caused by NewConnectionError('<urllib3.connection.HTTPConnection object at 0x7f4704c79c10>: Failed to establish a new connection: [Errno 111] Connection refused'))
  timestamp: 2025-12-29T14:04:26.688096

2025-12-29 16:04:26 UTC - cron_service - ERROR - [api_endpoints.py:health_check_endpoint:240] -
Health check failed - backend connection error
Context:
  error: HTTPConnectionPool(host='backend', port=8000): Max retries exceeded with url: /health (Caused by NewConnectionError('<urllib3.connection.HTTPConnection object at 0x7f46ffff6a90>: Failed to establish a new connection: [Errno 111] Connection refused'))
  timestamp: 2025-12-29T14:04:26.692939

2025-12-29 16:04:26 UTC - cron_service - ERROR - [api_endpoints.py:health_check_endpoint:240] -
Health check failed - backend connection error
Context:
  error: HTTPConnectionPool(host='backend', port=8000): Max retries exceeded with url: /health (Caused by NewConnectionError('<urllib3.connection.HTTPConnection object at 0x7f46ffe205d0>: Failed to establish a new connection: [Errno 111] Connection refused'))
  timestamp: 2025-12-29T14:04:26.698820

2025-12-29 16:04:26 UTC - cron_service - ERROR - [api_endpoints.py:health_check_endpoint:240] -
Health check failed - backend connection error
Context:
  error: HTTPConnectionPool(host='backend', port=8000): Max retries exceeded with url: /health (Caused by NewConnectionError('<urllib3.connection.HTTPConnection object at 0x7f46ffff4850>: Failed to establish a new connection: [Errno 111] Connection refused'))
  timestamp: 2025-12-29T14:04:26.703761

2025-12-29 16:04:26 UTC - cron_service - ERROR - [api_endpoints.py:health_check_endpoint:240] -
Health check failed - backend connection error
Context:
  error: HTTPConnectionPool(host='backend', port=8000): Max retries exceeded with url: /health (Caused by NewConnectionError('<urllib3.connection.HTTPConnection object at 0x7f4704c3db90>: Failed to establish a new connection: [Errno 111] Connection refused'))
  timestamp: 2025-12-29T14:04:26.711311

2025-12-29 16:04:26 UTC - cron_service - ERROR - [api_endpoints.py:health_check_endpoint:240] -
Health check failed - backend connection error
Context:
  error: HTTPConnectionPool(host='backend', port=8000): Max retries exceeded with url: /health (Caused by NewConnectionError('<urllib3.connection.HTTPConnection object at 0x7f46ffe1a790>: Failed to establish a new connection: [Errno 111] Connection refused'))
  timestamp: 2025-12-29T14:04:26.717672

2025-12-29 16:04:26 UTC - cron_service - ERROR - [api_endpoints.py:health_check_endpoint:240] -
Health check failed - backend connection error
Context:
  error: HTTPConnectionPool(host='backend', port=8000): Max retries exceeded with url: /health (Caused by NewConnectionError('<urllib3.connection.HTTPConnection object at 0x7f46fffdd010>: Failed to establish a new connection: [Errno 111] Connection refused'))
  timestamp: 2025-12-29T14:04:26.724680

2025-12-29 16:04:26 UTC - cron_service - ERROR - [api_endpoints.py:health_check_endpoint:240] -
Health check failed - backend connection error
Context:
  error: HTTPConnectionPool(host='backend', port=8000): Max retries exceeded with url: /health (Caused by NewConnectionError('<urllib3.connection.HTTPConnection object at 0x7f46fffd0150>: Failed to establish a new connection: [Errno 111] Connection refused'))
  timestamp: 2025-12-29T14:04:26.733124

2025-12-29 16:04:26 UTC - cron_service - ERROR - [api_endpoints.py:health_check_endpoint:240] -
Health check failed - backend connection error
Context:
  error: HTTPConnectionPool(host='backend', port=8000): Max retries exceeded with url: /health (Caused by NewConnectionError('<urllib3.connection.HTTPConnection object at 0x7f46fffed290>: Failed to establish a new connection: [Errno 111] Connection refused'))
  timestamp: 2025-12-29T14:04:26.739041

2025-12-29 16:04:26 UTC - cron_service - ERROR - [api_endpoints.py:health_check_endpoint:240] -
Health check failed - backend connection error
Context:
  error: HTTPConnectionPool(host='backend', port=8000): Max retries exceeded with url: /health (Caused by NewConnectionError('<urllib3.connection.HTTPConnection object at 0x7f46ffe35f50>: Failed to establish a new connection: [Errno 111] Connection refused'))
  timestamp: 2025-12-29T14:04:26.745506

2025-12-29 16:04:26 UTC - cron_service - ERROR - [api_endpoints.py:health_check_endpoint:240] -
Health check failed - backend connection error
Context:
  error: HTTPConnectionPool(host='backend', port=8000): Max retries exceeded with url: /health (Caused by NewConnectionError('<urllib3.connection.HTTPConnection object at 0x7f46ffff6450>: Failed to establish a new connection: [Errno 111] Connection refused'))
  timestamp: 2025-12-29T14:04:26.752683

2025-12-29 16:04:26 UTC - cron_service - ERROR - [api_endpoints.py:health_check_endpoint:240] -
Health check failed - backend connection error
Context:
  error: HTTPConnectionPool(host='backend', port=8000): Max retries exceeded with url: /health (Caused by NewConnectionError('<urllib3.connection.HTTPConnection object at 0x7f46ffe34150>: Failed to establish a new connection: [Errno 111] Connection refused'))
  timestamp: 2025-12-29T14:04:26.758120

2025-12-29 16:04:26 UTC - cron_service - ERROR - [api_endpoints.py:health_check_endpoint:240] -
Health check failed - backend connection error
Context:
  error: HTTPConnectionPool(host='backend', port=8000): Max retries exceeded with url: /health (Caused by NewConnectionError('<urllib3.connection.HTTPConnection object at 0x7f46ffe34c10>: Failed to establish a new connection: [Errno 111] Connection refused'))
  timestamp: 2025-12-29T14:04:26.765752

2025-12-29 16:04:26 UTC - cron_service - ERROR - [api_endpoints.py:health_check_endpoint:240] -
Health check failed - backend connection error
Context:
  error: HTTPConnectionPool(host='backend', port=8000): Max retries exceeded with url: /health (Caused by NewConnectionError('<urllib3.connection.HTTPConnection object at 0x7f46ffe29d10>: Failed to establish a new connection: [Errno 111] Connection refused'))
  timestamp: 2025-12-29T14:04:26.772327

2025-12-29 16:04:26 UTC - cron_service - ERROR - [api_endpoints.py:health_check_endpoint:240] -
Health check failed - backend connection error
Context:
  error: HTTPConnectionPool(host='backend', port=8000): Max retries exceeded with url: /health (Caused by NewConnectionError('<urllib3.connection.HTTPConnection object at 0x7f46ffe42290>: Failed to establish a new connection: [Errno 111] Connection refused'))
  timestamp: 2025-12-29T14:04:26.779778

2025-12-29 16:04:26 UTC - cron_service - ERROR - [api_endpoints.py:health_check_endpoint:240] -
Health check failed - backend connection error
Context:
  error: HTTPConnectionPool(host='backend', port=8000): Max retries exceeded with url: /health (Caused by NewConnectionError('<urllib3.connection.HTTPConnection object at 0x7f46ffe35290>: Failed to establish a new connection: [Errno 111] Connection refused'))
  timestamp: 2025-12-29T14:04:26.784983

2025-12-29 16:04:26 UTC - cron_service - ERROR - [api_endpoints.py:health_check_endpoint:240] -
Health check failed - backend connection error
Context:
  error: HTTPConnectionPool(host='backend', port=8000): Max retries exceeded with url: /health (Caused by NewConnectionError('<urllib3.connection.HTTPConnection object at 0x7f46ffe1a7d0>: Failed to establish a new connection: [Errno 111] Connection refused'))
  timestamp: 2025-12-29T14:04:26.792004

2025-12-29 16:04:26 UTC - cron_service - ERROR - [api_endpoints.py:health_check_endpoint:240] -
Health check failed - backend connection error
Context:
  error: HTTPConnectionPool(host='backend', port=8000): Max retries exceeded with url: /health (Caused by NewConnectionError('<urllib3.connection.HTTPConnection object at 0x7f46ffe36e90>: Failed to establish a new connection: [Errno 111] Connection refused'))
  timestamp: 2025-12-29T14:04:26.798309

2025-12-29 16:04:26 UTC - cron_service - ERROR - [api_endpoints.py:health_check_endpoint:240] -
Health check failed - backend connection error
Context:
  error: HTTPConnectionPool(host='backend', port=8000): Max retries exceeded with url: /health (Caused by NewConnectionError('<urllib3.connection.HTTPConnection object at 0x7f46ffff4250>: Failed to establish a new connection: [Errno 111] Connection refused'))
  timestamp: 2025-12-29T14:04:26.804460

2025-12-29 16:04:26 UTC - cron_service - ERROR - [api_endpoints.py:health_check_endpoint:240] -
Health check failed - backend connection error
Context:
  error: HTTPConnectionPool(host='backend', port=8000): Max retries exceeded with url: /health (Caused by NewConnectionError('<urllib3.connection.HTTPConnection object at 0x7f46ffe237d0>: Failed to establish a new connection: [Errno 111] Connection refused'))
  timestamp: 2025-12-29T14:04:26.811702

2025-12-29 16:04:26 UTC - cron_service - ERROR - [api_endpoints.py:health_check_endpoint:240] -
Health check failed - backend connection error
Context:
  error: HTTPConnectionPool(host='backend', port=8000): Max retries exceeded with url: /health (Caused by NewConnectionError('<urllib3.connection.HTTPConnection object at 0x7f46fff6b6d0>: Failed to establish a new connection: [Errno 111] Connection refused'))
  timestamp: 2025-12-29T14:04:26.817644

2025-12-29 16:04:26 UTC - cron_service - ERROR - [api_endpoints.py:health_check_endpoint:240] -
Health check failed - backend connection error
Context:
  error: HTTPConnectionPool(host='backend', port=8000): Max retries exceeded with url: /health (Caused by NewConnectionError('<urllib3.connection.HTTPConnection object at 0x7f46fffee4d0>: Failed to establish a new connection: [Errno 111] Connection refused'))
  timestamp: 2025-12-29T14:04:26.823439

2025-12-29 16:04:26 UTC - cron_service - ERROR - [api_endpoints.py:health_check_endpoint:240] -
Health check failed - backend connection error
Context:
  error: HTTPConnectionPool(host='backend', port=8000): Max retries exceeded with url: /health (Caused by NewConnectionError('<urllib3.connection.HTTPConnection object at 0x7f46ffff7410>: Failed to establish a new connection: [Errno 111] Connection refused'))
  timestamp: 2025-12-29T14:04:26.830202

2025-12-29 16:04:26 UTC - cron_service - ERROR - [api_endpoints.py:health_check_endpoint:240] -
Health check failed - backend connection error
Context:
  error: HTTPConnectionPool(host='backend', port=8000): Max retries exceeded with url: /health (Caused by NewConnectionError('<urllib3.connection.HTTPConnection object at 0x7f46fff74310>: Failed to establish a new connection: [Errno 111] Connection refused'))
  timestamp: 2025-12-29T14:04:26.836467

2025-12-29 16:04:26 UTC - cron_service - ERROR - [api_endpoints.py:health_check_endpoint:240] -
Health check failed - backend connection error
Context:
  error: HTTPConnectionPool(host='backend', port=8000): Max retries exceeded with url: /health (Caused by NewConnectionError('<urllib3.connection.HTTPConnection object at 0x7f46ffe08190>: Failed to establish a new connection: [Errno 111] Connection refused'))
  timestamp: 2025-12-29T14:04:26.843300

2025-12-29 16:04:26 UTC - cron_service - ERROR - [api_endpoints.py:health_check_endpoint:240] -
Health check failed - backend connection error
Context:
  error: HTTPConnectionPool(host='backend', port=8000): Max retries exceeded with url: /health (Caused by NewConnectionError('<urllib3.connection.HTTPConnection object at 0x7f46ffff5690>: Failed to establish a new connection: [Errno 111] Connection refused'))
  timestamp: 2025-12-29T14:04:26.848684

2025-12-29 16:04:26 UTC - cron_service - ERROR - [api_endpoints.py:health_check_endpoint:240] -
Health check failed - backend connection error
Context:
  error: HTTPConnectionPool(host='backend', port=8000): Max retries exceeded with url: /health (Caused by NewConnectionError('<urllib3.connection.HTTPConnection object at 0x7f46fffd3810>: Failed to establish a new connection: [Errno 111] Connection refused'))
  timestamp: 2025-12-29T14:04:26.855540

2025-12-29 16:04:26 UTC - cron_service - ERROR - [api_endpoints.py:health_check_endpoint:240] -
Health check failed - backend connection error
Context:
  error: HTTPConnectionPool(host='backend', port=8000): Max retries exceeded with url: /health (Caused by NewConnectionError('<urllib3.connection.HTTPConnection object at 0x7f46ffe29310>: Failed to establish a new connection: [Errno 111] Connection refused'))
  timestamp: 2025-12-29T14:04:26.860995

2025-12-29 16:04:26 UTC - cron_service - ERROR - [api_endpoints.py:health_check_endpoint:240] -
Health check failed - backend connection error
Context:
  error: HTTPConnectionPool(host='backend', port=8000): Max retries exceeded with url: /health (Caused by NewConnectionError('<urllib3.connection.HTTPConnection object at 0x7f46ffe0aa10>: Failed to establish a new connection: [Errno 111] Connection refused'))
  timestamp: 2025-12-29T14:04:26.867090

2025-12-29 16:04:26 UTC - cron_service - ERROR - [api_endpoints.py:health_check_endpoint:240] -
Health check failed - backend connection error
Context:
  error: HTTPConnectionPool(host='backend', port=8000): Max retries exceeded with url: /health (Caused by NewConnectionError('<urllib3.connection.HTTPConnection object at 0x7f46fff0e0d0>: Failed to establish a new connection: [Errno 111] Connection refused'))
  timestamp: 2025-12-29T14:04:26.873531

2025-12-29 16:04:26 UTC - cron_service - ERROR - [api_endpoints.py:health_check_endpoint:240] -
Health check failed - backend connection error
Context:
  error: HTTPConnectionPool(host='backend', port=8000): Max retries exceeded with url: /health (Caused by NewConnectionError('<urllib3.connection.HTTPConnection object at 0x7f46ffe237d0>: Failed to establish a new connection: [Errno 111] Connection refused'))
  timestamp: 2025-12-29T14:04:26.879321

2025-12-29 16:04:26 UTC - cron_service - ERROR - [api_endpoints.py:health_check_endpoint:240] -
Health check failed - backend connection error
Context:
  error: HTTPConnectionPool(host='backend', port=8000): Max retries exceeded with url: /health (Caused by NewConnectionError('<urllib3.connection.HTTPConnection object at 0x7f46ffe237d0>: Failed to establish a new connection: [Errno 111] Connection refused'))
  timestamp: 2025-12-29T14:04:26.886026

2025-12-29 16:04:26 UTC - cron_service - ERROR - [api_endpoints.py:health_check_endpoint:240] -
Health check failed - backend connection error
Context:
  error: HTTPConnectionPool(host='backend', port=8000): Max retries exceeded with url: /health (Caused by NewConnectionError('<urllib3.connection.HTTPConnection object at 0x7f46fffd3690>: Failed to establish a new connection: [Errno 111] Connection refused'))
  timestamp: 2025-12-29T14:04:26.892438

2025-12-29 16:04:26 UTC - cron_service - ERROR - [api_endpoints.py:health_check_endpoint:240] -
Health check failed - backend connection error
Context:
  error: HTTPConnectionPool(host='backend', port=8000): Max retries exceeded with url: /health (Caused by NewConnectionError('<urllib3.connection.HTTPConnection object at 0x7f46ffffc850>: Failed to establish a new connection: [Errno 111] Connection refused'))
  timestamp: 2025-12-29T14:04:26.898829

2025-12-29 16:04:26 UTC - cron_service - ERROR - [api_endpoints.py:health_check_endpoint:240] -
Health check failed - backend connection error
Context:
  error: HTTPConnectionPool(host='backend', port=8000): Max retries exceeded with url: /health (Caused by NewConnectionError('<urllib3.connection.HTTPConnection object at 0x7f46ffff5c90>: Failed to establish a new connection: [Errno 111] Connection refused'))
  timestamp: 2025-12-29T14:04:26.906207

2025-12-29 16:04:26 UTC - cron_service - ERROR - [api_endpoints.py:health_check_endpoint:240] -
Health check failed - backend connection error
Context:
  error: HTTPConnectionPool(host='backend', port=8000): Max retries exceeded with url: /health (Caused by NewConnectionError('<urllib3.connection.HTTPConnection object at 0x7f46ffe22d10>: Failed to establish a new connection: [Errno 111] Connection refused'))
  timestamp: 2025-12-29T14:04:26.911465

2025-12-29 16:04:26 UTC - cron_service - ERROR - [api_endpoints.py:health_check_endpoint:240] -
Health check failed - backend connection error
Context:
  error: HTTPConnectionPool(host='backend', port=8000): Max retries exceeded with url: /health (Caused by NewConnectionError('<urllib3.connection.HTTPConnection object at 0x7f47042d49d0>: Failed to establish a new connection: [Errno 111] Connection refused'))
  timestamp: 2025-12-29T14:04:26.917473

2025-12-29 16:04:26 UTC - cron_service - ERROR - [api_endpoints.py:health_check_endpoint:240] -
Health check failed - backend connection error
Context:
  error: HTTPConnectionPool(host='backend', port=8000): Max retries exceeded with url: /health (Caused by NewConnectionError('<urllib3.connection.HTTPConnection object at 0x7f46ffe2bc50>: Failed to establish a new connection: [Errno 111] Connection refused'))
  timestamp: 2025-12-29T14:04:26.923164

2025-12-29 16:04:26 UTC - cron_service - ERROR - [api_endpoints.py:health_check_endpoint:240] -
Health check failed - backend connection error
Context:
  error: HTTPConnectionPool(host='backend', port=8000): Max retries exceeded with url: /health (Caused by NewConnectionError('<urllib3.connection.HTTPConnection object at 0x7f46ffe48450>: Failed to establish a new connection: [Errno 111] Connection refused'))
  timestamp: 2025-12-29T14:04:26.930024

2025-12-29 16:04:26 UTC - cron_service - ERROR - [api_endpoints.py:health_check_endpoint:240] -
Health check failed - backend connection error
Context:
  error: HTTPConnectionPool(host='backend', port=8000): Max retries exceeded with url: /health (Caused by NewConnectionError('<urllib3.connection.HTTPConnection object at 0x7f46ffe23050>: Failed to establish a new connection: [Errno 111] Connection refused'))
  timestamp: 2025-12-29T14:04:26.935755

2025-12-29 16:04:26 UTC - cron_service - ERROR - [api_endpoints.py:health_check_endpoint:240] -
Health check failed - backend connection error
Context:
  error: HTTPConnectionPool(host='backend', port=8000): Max retries exceeded with url: /health (Caused by NewConnectionError('<urllib3.connection.HTTPConnection object at 0x7f47042d7710>: Failed to establish a new connection: [Errno 111] Connection refused'))
  timestamp: 2025-12-29T14:04:26.940747

2025-12-29 16:13:59 UTC - cron_service - INFO - [unknown:unknown:0] -
Logging service initialized - log rotation: 9.5MB max, backup count: 100, cleanup scheduled via cron service at 02:00 AM daily (14 days retention)

2025-12-29 16:13:59 UTC - cron_service - INFO - [main.py:<module>:138] -
Arrr! Starting cron service...

2025-12-29 16:13:59 UTC - cron_service - INFO - [scheduler.py:setup_jobs:32] -
Arrr! TEST: Weekly combinations OPTIMIZED job scheduled to run at 14:15 UTC (in 2 minutes)!
Context:
  test_time_utc: 14:15
  current_time_utc: 2025-12-29T14:13:59.770436+00:00
  scheduled_in_minutes: 2
  endpoint: /cron/generate-weekly-combinations-optimized
  timestamp: 2025-12-29T14:13:59.771536

2025-12-29 16:13:59 UTC - cron_service - INFO - [scheduler.py:setup_jobs:78] -
Arrr! All jobs scheduled successfully!
Context:
  current_time_utc: 2025-12-29T14:13:59.772195+00:00
  scheduled_jobs: 5
  timestamp: 2025-12-29T14:13:59.772607

2025-12-29 16:13:59 UTC - cron_service - INFO - [scheduler.py:setup_jobs:101] -
Arrr! Job scheduled: generate-weekly-combinations-optimized
Context:
  job_name: generate-weekly-combinations-optimized
  next_run_utc: 2025-12-29T14:15:00+00:00
  days_until_run: 0
  hours_until_run: 0
  timestamp: 2025-12-29T14:13:59.773461

2025-12-29 16:13:59 UTC - cron_service - INFO - [scheduler.py:setup_jobs:101] -
Arrr! Job scheduled: fetch-latest-draw
Context:
  job_name: fetch-latest-draw
  next_run_utc: 2025-12-30T03:00:00+00:00
  days_until_run: 0
  hours_until_run: 12
  timestamp: 2025-12-29T14:13:59.774995

2025-12-29 16:13:59 UTC - cron_service - INFO - [scheduler.py:setup_jobs:101] -
Arrr! Job scheduled: best-model-tables-and-email
Context:
  job_name: best-model-tables-and-email
  next_run_utc: 2026-01-04T14:00:00+00:00
  days_until_run: 5
  hours_until_run: 143
  timestamp: 2025-12-29T14:13:59.775861

2025-12-29 16:13:59 UTC - cron_service - INFO - [scheduler.py:setup_jobs:101] -
Arrr! Job scheduled: cleanup-system
Context:
  job_name: cleanup-system
  next_run_utc: 2025-12-30T02:00:00+00:00
  days_until_run: 0
  hours_until_run: 11
  timestamp: 2025-12-29T14:13:59.776740

2025-12-29 16:13:59 UTC - cron_service - INFO - [scheduler.py:setup_jobs:101] -
Arrr! Job scheduled: backup-database
Context:
  job_name: backup-database
  next_run_utc: 2026-01-04T02:00:00+00:00
  days_until_run: 5
  hours_until_run: 131
  timestamp: 2025-12-29T14:13:59.777595

2025-12-29 16:13:59 UTC - cron_service - INFO - [scheduler.py:run_scheduler:274] -
Arrr! Scheduler thread started!
Context:
  current_time_utc: 2025-12-29T14:13:59.778377+00:00
  scheduled_jobs_count: 5
  timestamp: 2025-12-29T14:13:59.779495

2025-12-29 16:14:09 UTC - cron_service - INFO - [unknown:unknown:0] -
Logging service initialized - log rotation: 9.5MB max, backup count: 100, cleanup scheduled via cron service at 02:00 AM daily (14 days retention)

2025-12-29 16:14:09 UTC - cron_service - INFO - [main.py:<module>:138] -
Arrr! Starting cron service...

2025-12-29 16:14:09 UTC - cron_service - INFO - [scheduler.py:setup_jobs:32] -
Arrr! TEST: Weekly combinations OPTIMIZED job scheduled to run at 14:16 UTC (in 2 minutes)!
Context:
  test_time_utc: 14:16
  current_time_utc: 2025-12-29T14:14:09.230531+00:00
  scheduled_in_minutes: 2
  endpoint: /cron/generate-weekly-combinations-optimized
  timestamp: 2025-12-29T14:14:09.231508

2025-12-29 16:14:09 UTC - cron_service - INFO - [scheduler.py:setup_jobs:78] -
Arrr! All jobs scheduled successfully!
Context:
  current_time_utc: 2025-12-29T14:14:09.232209+00:00
  scheduled_jobs: 5
  timestamp: 2025-12-29T14:14:09.232599

2025-12-29 16:14:09 UTC - cron_service - INFO - [scheduler.py:setup_jobs:101] -
Arrr! Job scheduled: generate-weekly-combinations-optimized
Context:
  job_name: generate-weekly-combinations-optimized
  next_run_utc: 2025-12-29T14:16:00+00:00
  days_until_run: 0
  hours_until_run: 0
  timestamp: 2025-12-29T14:14:09.233534

2025-12-29 16:14:09 UTC - cron_service - INFO - [scheduler.py:setup_jobs:101] -
Arrr! Job scheduled: fetch-latest-draw
Context:
  job_name: fetch-latest-draw
  next_run_utc: 2025-12-30T03:00:00+00:00
  days_until_run: 0
  hours_until_run: 12
  timestamp: 2025-12-29T14:14:09.234636

2025-12-29 16:14:09 UTC - cron_service - INFO - [scheduler.py:setup_jobs:101] -
Arrr! Job scheduled: best-model-tables-and-email
Context:
  job_name: best-model-tables-and-email
  next_run_utc: 2026-01-04T14:00:00+00:00
  days_until_run: 5
  hours_until_run: 143
  timestamp: 2025-12-29T14:14:09.235708

2025-12-29 16:14:09 UTC - cron_service - INFO - [scheduler.py:setup_jobs:101] -
Arrr! Job scheduled: cleanup-system
Context:
  job_name: cleanup-system
  next_run_utc: 2025-12-30T02:00:00+00:00
  days_until_run: 0
  hours_until_run: 11
  timestamp: 2025-12-29T14:14:09.236550

2025-12-29 16:14:09 UTC - cron_service - INFO - [scheduler.py:setup_jobs:101] -
Arrr! Job scheduled: backup-database
Context:
  job_name: backup-database
  next_run_utc: 2026-01-04T02:00:00+00:00
  days_until_run: 5
  hours_until_run: 131
  timestamp: 2025-12-29T14:14:09.237439

2025-12-29 16:14:09 UTC - cron_service - INFO - [scheduler.py:run_scheduler:274] -
Arrr! Scheduler thread started!
Context:
  current_time_utc: 2025-12-29T14:14:09.238224+00:00
  scheduled_jobs_count: 5
  timestamp: 2025-12-29T14:14:09.241491

2025-12-29 16:14:19 UTC - cron_service - INFO - [unknown:unknown:0] -
Logging service initialized - log rotation: 9.5MB max, backup count: 100, cleanup scheduled via cron service at 02:00 AM daily (14 days retention)

2025-12-29 16:14:19 UTC - cron_service - INFO - [main.py:<module>:138] -
Arrr! Starting cron service...

2025-12-29 16:14:19 UTC - cron_service - INFO - [scheduler.py:setup_jobs:32] -
Arrr! TEST: Weekly combinations OPTIMIZED job scheduled to run at 14:16 UTC (in 2 minutes)!
Context:
  test_time_utc: 14:16
  current_time_utc: 2025-12-29T14:14:19.482952+00:00
  scheduled_in_minutes: 2
  endpoint: /cron/generate-weekly-combinations-optimized
  timestamp: 2025-12-29T14:14:19.484193

2025-12-29 16:14:19 UTC - cron_service - INFO - [scheduler.py:setup_jobs:78] -
Arrr! All jobs scheduled successfully!
Context:
  current_time_utc: 2025-12-29T14:14:19.484896+00:00
  scheduled_jobs: 5
  timestamp: 2025-12-29T14:14:19.485294

2025-12-29 16:14:19 UTC - cron_service - INFO - [scheduler.py:setup_jobs:101] -
Arrr! Job scheduled: generate-weekly-combinations-optimized
Context:
  job_name: generate-weekly-combinations-optimized
  next_run_utc: 2025-12-29T14:16:00+00:00
  days_until_run: 0
  hours_until_run: 0
  timestamp: 2025-12-29T14:14:19.486167

2025-12-29 16:14:19 UTC - cron_service - INFO - [scheduler.py:setup_jobs:101] -
Arrr! Job scheduled: fetch-latest-draw
Context:
  job_name: fetch-latest-draw
  next_run_utc: 2025-12-30T03:00:00+00:00
  days_until_run: 0
  hours_until_run: 12
  timestamp: 2025-12-29T14:14:19.487151

2025-12-29 16:14:19 UTC - cron_service - INFO - [scheduler.py:setup_jobs:101] -
Arrr! Job scheduled: best-model-tables-and-email
Context:
  job_name: best-model-tables-and-email
  next_run_utc: 2026-01-04T14:00:00+00:00
  days_until_run: 5
  hours_until_run: 143
  timestamp: 2025-12-29T14:14:19.488044

2025-12-29 16:14:19 UTC - cron_service - INFO - [scheduler.py:setup_jobs:101] -
Arrr! Job scheduled: cleanup-system
Context:
  job_name: cleanup-system
  next_run_utc: 2025-12-30T02:00:00+00:00
  days_until_run: 0
  hours_until_run: 11
  timestamp: 2025-12-29T14:14:19.488901

2025-12-29 16:14:19 UTC - cron_service - INFO - [scheduler.py:setup_jobs:101] -
Arrr! Job scheduled: backup-database
Context:
  job_name: backup-database
  next_run_utc: 2026-01-04T02:00:00+00:00
  days_until_run: 5
  hours_until_run: 131
  timestamp: 2025-12-29T14:14:19.489794

2025-12-29 16:14:19 UTC - cron_service - INFO - [scheduler.py:run_scheduler:274] -
Arrr! Scheduler thread started!
Context:
  current_time_utc: 2025-12-29T14:14:19.490527+00:00
  scheduled_jobs_count: 5
  timestamp: 2025-12-29T14:14:19.494089

2025-12-29 16:16:19 UTC - cron_service - INFO - [scheduler.py:_run_job_with_error_handling:115] -
Arrr! Starting scheduled job: generate-weekly-combinations-optimized
Context:
  job_name: generate-weekly-combinations-optimized
  triggered_at_utc: 2025-12-29T14:16:19.497057+00:00
  timestamp: 2025-12-29T14:16:19.498866

2025-12-29 16:16:19 UTC - cron_service - INFO - [api_endpoints.py:call_backend_endpoint:28] -
Arrr! Attempting to call backend endpoint: http://backend:8000/cron/generate-weekly-combinations-optimized (attempt 1/3)

2025-12-29 16:16:49 UTC - cron_service - WARNING - [api_endpoints.py:call_backend_endpoint:38] -
Arrr! Backend health check failed (attempt 1/3), retrying...
Context:
  error: HTTPConnectionPool(host='backend', port=8000): Read timed out. (read timeout=30)
  url: http://backend:8000/health
  retry_in_seconds: 5
  timestamp: 2025-12-29T14:16:49.535707

2025-12-29 16:16:54 UTC - cron_service - INFO - [api_endpoints.py:call_backend_endpoint:28] -
Arrr! Attempting to call backend endpoint: http://backend:8000/cron/generate-weekly-combinations-optimized (attempt 2/3)

2025-12-29 16:17:06 UTC - cron_service - INFO - [unknown:unknown:0] -
Logging service initialized - log rotation: 9.5MB max, backup count: 100, cleanup scheduled via cron service at 02:00 AM daily (14 days retention)

2025-12-29 16:17:06 UTC - cron_service - INFO - [main.py:<module>:145] -
Arrr! Starting cron service...

2025-12-29 16:17:06 UTC - cron_service - INFO - [scheduler.py:setup_jobs:32] -
Arrr! TEST: Weekly combinations OPTIMIZED job scheduled to run at 14:19 UTC (in 2 minutes)!
Context:
  test_time_utc: 14:19
  current_time_utc: 2025-12-29T14:17:06.972814+00:00
  scheduled_in_minutes: 2
  endpoint: /cron/generate-weekly-combinations-optimized
  timestamp: 2025-12-29T14:17:06.974004

2025-12-29 16:17:06 UTC - cron_service - INFO - [scheduler.py:setup_jobs:78] -
Arrr! All jobs scheduled successfully!
Context:
  current_time_utc: 2025-12-29T14:17:06.974757+00:00
  scheduled_jobs: 5
  timestamp: 2025-12-29T14:17:06.975436

2025-12-29 16:17:06 UTC - cron_service - INFO - [scheduler.py:setup_jobs:101] -
Arrr! Job scheduled: generate-weekly-combinations-optimized
Context:
  job_name: generate-weekly-combinations-optimized
  next_run_utc: 2025-12-29T14:19:00+00:00
  days_until_run: 0
  hours_until_run: 0
  timestamp: 2025-12-29T14:17:06.976504

2025-12-29 16:17:06 UTC - cron_service - INFO - [scheduler.py:setup_jobs:101] -
Arrr! Job scheduled: fetch-latest-draw
Context:
  job_name: fetch-latest-draw
  next_run_utc: 2025-12-30T03:00:00+00:00
  days_until_run: 0
  hours_until_run: 12
  timestamp: 2025-12-29T14:17:06.977589

2025-12-29 16:17:06 UTC - cron_service - INFO - [scheduler.py:setup_jobs:101] -
Arrr! Job scheduled: best-model-tables-and-email
Context:
  job_name: best-model-tables-and-email
  next_run_utc: 2026-01-04T14:00:00+00:00
  days_until_run: 5
  hours_until_run: 143
  timestamp: 2025-12-29T14:17:06.978562

2025-12-29 16:17:06 UTC - cron_service - INFO - [scheduler.py:setup_jobs:101] -
Arrr! Job scheduled: cleanup-system
Context:
  job_name: cleanup-system
  next_run_utc: 2025-12-30T02:00:00+00:00
  days_until_run: 0
  hours_until_run: 11
  timestamp: 2025-12-29T14:17:06.979720

2025-12-29 16:17:06 UTC - cron_service - INFO - [scheduler.py:setup_jobs:101] -
Arrr! Job scheduled: backup-database
Context:
  job_name: backup-database
  next_run_utc: 2026-01-04T02:00:00+00:00
  days_until_run: 5
  hours_until_run: 131
  timestamp: 2025-12-29T14:17:06.980979

2025-12-29 16:17:06 UTC - cron_service - INFO - [scheduler.py:run_scheduler:274] -
Arrr! Scheduler thread started!
Context:
  current_time_utc: 2025-12-29T14:17:06.981987+00:00
  scheduled_jobs_count: 5
  timestamp: 2025-12-29T14:17:06.987485

2025-12-29 16:17:14 UTC - cron_service - INFO - [unknown:unknown:0] -
Logging service initialized - log rotation: 9.5MB max, backup count: 100, cleanup scheduled via cron service at 02:00 AM daily (14 days retention)

2025-12-29 16:17:15 UTC - cron_service - INFO - [main.py:<module>:171] -
Arrr! Starting cron service...

2025-12-29 16:17:15 UTC - cron_service - INFO - [scheduler.py:setup_jobs:32] -
Arrr! TEST: Weekly combinations OPTIMIZED job scheduled to run at 14:19 UTC (in 2 minutes)!
Context:
  test_time_utc: 14:19
  current_time_utc: 2025-12-29T14:17:15.062412+00:00
  scheduled_in_minutes: 2
  endpoint: /cron/generate-weekly-combinations-optimized
  timestamp: 2025-12-29T14:17:15.063485

2025-12-29 16:17:15 UTC - cron_service - INFO - [scheduler.py:setup_jobs:78] -
Arrr! All jobs scheduled successfully!
Context:
  current_time_utc: 2025-12-29T14:17:15.064268+00:00
  scheduled_jobs: 5
  timestamp: 2025-12-29T14:17:15.064776

2025-12-29 16:17:15 UTC - cron_service - INFO - [scheduler.py:setup_jobs:101] -
Arrr! Job scheduled: generate-weekly-combinations-optimized
Context:
  job_name: generate-weekly-combinations-optimized
  next_run_utc: 2025-12-29T14:19:00+00:00
  days_until_run: 0
  hours_until_run: 0
  timestamp: 2025-12-29T14:17:15.065838

2025-12-29 16:17:15 UTC - cron_service - INFO - [scheduler.py:setup_jobs:101] -
Arrr! Job scheduled: fetch-latest-draw
Context:
  job_name: fetch-latest-draw
  next_run_utc: 2025-12-30T03:00:00+00:00
  days_until_run: 0
  hours_until_run: 12
  timestamp: 2025-12-29T14:17:15.067199

2025-12-29 16:17:15 UTC - cron_service - INFO - [scheduler.py:setup_jobs:101] -
Arrr! Job scheduled: best-model-tables-and-email
Context:
  job_name: best-model-tables-and-email
  next_run_utc: 2026-01-04T14:00:00+00:00
  days_until_run: 5
  hours_until_run: 143
  timestamp: 2025-12-29T14:17:15.068445

2025-12-29 16:17:15 UTC - cron_service - INFO - [scheduler.py:setup_jobs:101] -
Arrr! Job scheduled: cleanup-system
Context:
  job_name: cleanup-system
  next_run_utc: 2025-12-30T02:00:00+00:00
  days_until_run: 0
  hours_until_run: 11
  timestamp: 2025-12-29T14:17:15.069639

2025-12-29 16:17:15 UTC - cron_service - INFO - [scheduler.py:setup_jobs:101] -
Arrr! Job scheduled: backup-database
Context:
  job_name: backup-database
  next_run_utc: 2026-01-04T02:00:00+00:00
  days_until_run: 5
  hours_until_run: 131
  timestamp: 2025-12-29T14:17:15.071522

2025-12-29 16:17:15 UTC - cron_service - INFO - [scheduler.py:run_scheduler:274] -
Arrr! Scheduler thread started!
Context:
  current_time_utc: 2025-12-29T14:17:15.072660+00:00
  scheduled_jobs_count: 5
  timestamp: 2025-12-29T14:17:15.076813

2025-12-29 16:19:15 UTC - cron_service - INFO - [scheduler.py:_run_job_with_error_handling:115] -
Arrr! Starting scheduled job: generate-weekly-combinations-optimized
Context:
  job_name: generate-weekly-combinations-optimized
  triggered_at_utc: 2025-12-29T14:19:15.082596+00:00
  timestamp: 2025-12-29T14:19:15.084287

2025-12-29 16:19:15 UTC - cron_service - INFO - [api_endpoints.py:call_backend_endpoint:28] -
Arrr! Attempting to call backend endpoint: http://backend:8000/cron/generate-weekly-combinations-optimized (attempt 1/3)

2025-12-29 16:19:45 UTC - cron_service - WARNING - [api_endpoints.py:call_backend_endpoint:38] -
Arrr! Backend health check failed (attempt 1/3), retrying...
Context:
  error: HTTPConnectionPool(host='backend', port=8000): Read timed out. (read timeout=30)
  url: http://backend:8000/health
  retry_in_seconds: 5
  timestamp: 2025-12-29T14:19:45.124397

2025-12-29 16:19:50 UTC - cron_service - INFO - [api_endpoints.py:call_backend_endpoint:28] -
Arrr! Attempting to call backend endpoint: http://backend:8000/cron/generate-weekly-combinations-optimized (attempt 2/3)

2025-12-29 16:20:20 UTC - cron_service - WARNING - [api_endpoints.py:call_backend_endpoint:38] -
Arrr! Backend health check failed (attempt 2/3), retrying...
Context:
  error: HTTPConnectionPool(host='backend', port=8000): Read timed out. (read timeout=30)
  url: http://backend:8000/health
  retry_in_seconds: 5
  timestamp: 2025-12-29T14:20:20.148591

2025-12-29 16:20:25 UTC - cron_service - INFO - [api_endpoints.py:call_backend_endpoint:28] -
Arrr! Attempting to call backend endpoint: http://backend:8000/cron/generate-weekly-combinations-optimized (attempt 3/3)

2025-12-29 16:20:55 UTC - cron_service - ERROR - [api_endpoints.py:call_backend_endpoint:49] -
Arrr! Backend health check failed after all retries!
Context:
  error: HTTPConnectionPool(host='backend', port=8000): Read timed out. (read timeout=30)
  url: http://backend:8000/health
  total_attempts: 3
  timestamp: 2025-12-29T14:20:55.184470

2025-12-29 16:20:55 UTC - cron_service - ERROR - [api_endpoints.py:call_backend_endpoint:155] -
Arrr! Timeout calling endpoint after all retries!
Context:
  error: HTTPConnectionPool(host='backend', port=8000): Read timed out. (read timeout=30)
  endpoint: /cron/generate-weekly-combinations-optimized
  backend_url: http://backend:8000
  total_attempts: 3
  timestamp: 2025-12-29T14:20:55.187220

2025-12-29 16:20:55 UTC - cron_service - ERROR - [error_handler.py:handle_job_error:28] -
Arrr! Cron job 'generate-weekly-combinations-optimized' failed!
Context:
  job_name: generate-weekly-combinations-optimized
  error: HTTPConnectionPool(host='backend', port=8000): Read timed out. (read timeout=30)
  error_type: ReadTimeout
  traceback: Traceback (most recent call last):
  File "/usr/local/lib/python3.11/site-packages/urllib3/connectionpool.py", line 534, in _make_request
    response = conn.getresponse()
               ^^^^^^^^^^^^^^^^^^
  File "/usr/local/lib/python3.11/site-packages/urllib3/connection.py", line 565, in getresponse
    httplib_response = super().getresponse()
                       ^^^^^^^^^^^^^^^^^^^^^
  File "/usr/local/lib/python3.11/http/client.py", line 1395, in getresponse
    response.begin()
  File "/usr/local/lib/python3.11/http/client.py", line 325, in begin
    version, status, reason = self._read_status()
                              ^^^^^^^^^^^^^^^^^^^
  File "/usr/local/lib/python3.11/http/client.py", line 286, in _read_status
    line = str(self.fp.readline(_MAXLINE + 1), "iso-8859-1")
               ^^^^^^^^^^^^^^^^^^^^^^^^^^^^^^
  File "/usr/local/lib/python3.11/socket.py", line 718, in readinto
    return self._sock.recv_into(b)
           ^^^^^^^^^^^^^^^^^^^^^^^
TimeoutError: timed out

The above exception was the direct cause of the following exception:

Traceback (most recent call last):
  File "/usr/local/lib/python3.11/site-packages/requests/adapters.py", line 486, in send
    resp = conn.urlopen(
           ^^^^^^^^^^^^^
  File "/usr/local/lib/python3.11/site-packages/urllib3/connectionpool.py", line 841, in urlopen
    retries = retries.increment(
              ^^^^^^^^^^^^^^^^^^
  File "/usr/local/lib/python3.11/site-packages/urllib3/util/retry.py", line 474, in increment
    raise reraise(type(error), error, _stacktrace)
          ^^^^^^^^^^^^^^^^^^^^^^^^^^^^^^^^^^^^^^^^
  File "/usr/local/lib/python3.11/site-packages/urllib3/util/util.py", line 39, in reraise
    raise value
  File "/usr/local/lib/python3.11/site-packages/urllib3/connectionpool.py", line 787, in urlopen
    response = self._make_request(
               ^^^^^^^^^^^^^^^^^^^
  File "/usr/local/lib/python3.11/site-packages/urllib3/connectionpool.py", line 536, in _make_request
    self._raise_timeout(err=e, url=url, timeout_value=read_timeout)
  File "/usr/local/lib/python3.11/site-packages/urllib3/connectionpool.py", line 367, in _raise_timeout
    raise ReadTimeoutError(
urllib3.exceptions.ReadTimeoutError: HTTPConnectionPool(host='backend', port=8000): Read timed out. (read timeout=30)

During handling of the above exception, another exception occurred:

Traceback (most recent call last):
  File "/app/cron/scheduler.py", line 121, in _run_job_with_error_handling
    job_function()
  File "/app/cron/scheduler.py", line 29, in <lambda>
    lambda: call_backend_endpoint("/cron/generate-weekly-combinations-optimized", last_successful_job),
            ^^^^^^^^^^^^^^^^^^^^^^^^^^^^^^^^^^^^^^^^^^^^^^^^^^^^^^^^^^^^^^^^^^^^^^^^^^^^^^^^^^^^^^^^^^
  File "/app/cron/api_endpoints.py", line 33, in call_backend_endpoint
    health_check = requests.get(f"{backend_url}/health", timeout=30)
                   ^^^^^^^^^^^^^^^^^^^^^^^^^^^^^^^^^^^^^^^^^^^^^^^^^
  File "/usr/local/lib/python3.11/site-packages/requests/api.py", line 73, in get
    return request("get", url, params=params, **kwargs)
           ^^^^^^^^^^^^^^^^^^^^^^^^^^^^^^^^^^^^^^^^^^^^
  File "/usr/local/lib/python3.11/site-packages/requests/api.py", line 59, in request
    return session.request(method=method, url=url, **kwargs)
           ^^^^^^^^^^^^^^^^^^^^^^^^^^^^^^^^^^^^^^^^^^^^^^^^^
  File "/usr/local/lib/python3.11/site-packages/requests/sessions.py", line 589, in request
    resp = self.send(prep, **send_kwargs)
           ^^^^^^^^^^^^^^^^^^^^^^^^^^^^^^
  File "/usr/local/lib/python3.11/site-packages/requests/sessions.py", line 703, in send
    r = adapter.send(request, **kwargs)
        ^^^^^^^^^^^^^^^^^^^^^^^^^^^^^^^
  File "/usr/local/lib/python3.11/site-packages/requests/adapters.py", line 532, in send
    raise ReadTimeout(e, request=request)
requests.exceptions.ReadTimeout: HTTPConnectionPool(host='backend', port=8000): Read timed out. (read timeout=30)

  context:
    last_successful_job: None
    scheduled_time: 2025-12-29T14:20:55.188416
    job_type: scheduled
    failure_count: 1
  timestamp: 2025-12-29T14:20:55.221454

2025-12-29 16:20:56 UTC - cron_service - INFO - [error_handler.py:_send_error_notification:72] -
Arrr! Error notification sent for job 'generate-weekly-combinations-optimized'
Context:
  job_name: generate-weekly-combinations-optimized
  timestamp: 2025-12-29T14:20:56.350492

2025-12-29 16:20:56 UTC - cron_service - ERROR - [scheduler.py:run_scheduler:320] -
Arrr! Error in scheduler loop!
Context:
  error: HTTPConnectionPool(host='backend', port=8000): Read timed out. (read timeout=30)
  consecutive_errors: 1
  max_consecutive_errors: 5
  timestamp: 2025-12-29T14:20:56.352200

2025-12-29 16:21:56 UTC - cron_service - INFO - [scheduler.py:_run_job_with_error_handling:115] -
Arrr! Starting scheduled job: generate-weekly-combinations-optimized
Context:
  job_name: generate-weekly-combinations-optimized
  triggered_at_utc: 2025-12-29T14:21:56.352927+00:00
  timestamp: 2025-12-29T14:21:56.353907

2025-12-29 16:21:56 UTC - cron_service - INFO - [api_endpoints.py:call_backend_endpoint:28] -
Arrr! Attempting to call backend endpoint: http://backend:8000/cron/generate-weekly-combinations-optimized (attempt 1/3)

2025-12-29 16:22:26 UTC - cron_service - WARNING - [api_endpoints.py:call_backend_endpoint:38] -
Arrr! Backend health check failed (attempt 1/3), retrying...
Context:
  error: HTTPConnectionPool(host='backend', port=8000): Read timed out. (read timeout=30)
  url: http://backend:8000/health
  retry_in_seconds: 5
  timestamp: 2025-12-29T14:22:26.388059

2025-12-29 16:22:31 UTC - cron_service - INFO - [api_endpoints.py:call_backend_endpoint:28] -
Arrr! Attempting to call backend endpoint: http://backend:8000/cron/generate-weekly-combinations-optimized (attempt 2/3)

2025-12-29 16:23:01 UTC - cron_service - WARNING - [api_endpoints.py:call_backend_endpoint:38] -
Arrr! Backend health check failed (attempt 2/3), retrying...
Context:
  error: HTTPConnectionPool(host='backend', port=8000): Read timed out. (read timeout=30)
  url: http://backend:8000/health
  retry_in_seconds: 5
  timestamp: 2025-12-29T14:23:01.420666

2025-12-29 16:23:06 UTC - cron_service - INFO - [api_endpoints.py:call_backend_endpoint:28] -
Arrr! Attempting to call backend endpoint: http://backend:8000/cron/generate-weekly-combinations-optimized (attempt 3/3)

2025-12-29 16:23:36 UTC - cron_service - ERROR - [api_endpoints.py:call_backend_endpoint:49] -
Arrr! Backend health check failed after all retries!
Context:
  error: HTTPConnectionPool(host='backend', port=8000): Read timed out. (read timeout=30)
  url: http://backend:8000/health
  total_attempts: 3
  timestamp: 2025-12-29T14:23:36.455678

2025-12-29 16:23:36 UTC - cron_service - ERROR - [api_endpoints.py:call_backend_endpoint:155] -
Arrr! Timeout calling endpoint after all retries!
Context:
  error: HTTPConnectionPool(host='backend', port=8000): Read timed out. (read timeout=30)
  endpoint: /cron/generate-weekly-combinations-optimized
  backend_url: http://backend:8000
  total_attempts: 3
  timestamp: 2025-12-29T14:23:36.458644

2025-12-29 16:23:36 UTC - cron_service - ERROR - [error_handler.py:handle_job_error:28] -
Arrr! Cron job 'generate-weekly-combinations-optimized' failed!
Context:
  job_name: generate-weekly-combinations-optimized
  error: HTTPConnectionPool(host='backend', port=8000): Read timed out. (read timeout=30)
  error_type: ReadTimeout
  traceback: Traceback (most recent call last):
  File "/usr/local/lib/python3.11/site-packages/urllib3/connectionpool.py", line 534, in _make_request
    response = conn.getresponse()
               ^^^^^^^^^^^^^^^^^^
  File "/usr/local/lib/python3.11/site-packages/urllib3/connection.py", line 565, in getresponse
    httplib_response = super().getresponse()
                       ^^^^^^^^^^^^^^^^^^^^^
  File "/usr/local/lib/python3.11/http/client.py", line 1395, in getresponse
    response.begin()
  File "/usr/local/lib/python3.11/http/client.py", line 325, in begin
    version, status, reason = self._read_status()
                              ^^^^^^^^^^^^^^^^^^^
  File "/usr/local/lib/python3.11/http/client.py", line 286, in _read_status
    line = str(self.fp.readline(_MAXLINE + 1), "iso-8859-1")
               ^^^^^^^^^^^^^^^^^^^^^^^^^^^^^^
  File "/usr/local/lib/python3.11/socket.py", line 718, in readinto
    return self._sock.recv_into(b)
           ^^^^^^^^^^^^^^^^^^^^^^^
TimeoutError: timed out

The above exception was the direct cause of the following exception:

Traceback (most recent call last):
  File "/usr/local/lib/python3.11/site-packages/requests/adapters.py", line 486, in send
    resp = conn.urlopen(
           ^^^^^^^^^^^^^
  File "/usr/local/lib/python3.11/site-packages/urllib3/connectionpool.py", line 841, in urlopen
    retries = retries.increment(
              ^^^^^^^^^^^^^^^^^^
  File "/usr/local/lib/python3.11/site-packages/urllib3/util/retry.py", line 474, in increment
    raise reraise(type(error), error, _stacktrace)
          ^^^^^^^^^^^^^^^^^^^^^^^^^^^^^^^^^^^^^^^^
  File "/usr/local/lib/python3.11/site-packages/urllib3/util/util.py", line 39, in reraise
    raise value
  File "/usr/local/lib/python3.11/site-packages/urllib3/connectionpool.py", line 787, in urlopen
    response = self._make_request(
               ^^^^^^^^^^^^^^^^^^^
  File "/usr/local/lib/python3.11/site-packages/urllib3/connectionpool.py", line 536, in _make_request
    self._raise_timeout(err=e, url=url, timeout_value=read_timeout)
  File "/usr/local/lib/python3.11/site-packages/urllib3/connectionpool.py", line 367, in _raise_timeout
    raise ReadTimeoutError(
urllib3.exceptions.ReadTimeoutError: HTTPConnectionPool(host='backend', port=8000): Read timed out. (read timeout=30)

During handling of the above exception, another exception occurred:

Traceback (most recent call last):
  File "/app/cron/scheduler.py", line 121, in _run_job_with_error_handling
    job_function()
  File "/app/cron/scheduler.py", line 29, in <lambda>
    lambda: call_backend_endpoint("/cron/generate-weekly-combinations-optimized", last_successful_job),
            ^^^^^^^^^^^^^^^^^^^^^^^^^^^^^^^^^^^^^^^^^^^^^^^^^^^^^^^^^^^^^^^^^^^^^^^^^^^^^^^^^^^^^^^^^^
  File "/app/cron/api_endpoints.py", line 33, in call_backend_endpoint
    health_check = requests.get(f"{backend_url}/health", timeout=30)
                   ^^^^^^^^^^^^^^^^^^^^^^^^^^^^^^^^^^^^^^^^^^^^^^^^^
  File "/usr/local/lib/python3.11/site-packages/requests/api.py", line 73, in get
    return request("get", url, params=params, **kwargs)
           ^^^^^^^^^^^^^^^^^^^^^^^^^^^^^^^^^^^^^^^^^^^^
  File "/usr/local/lib/python3.11/site-packages/requests/api.py", line 59, in request
    return session.request(method=method, url=url, **kwargs)
           ^^^^^^^^^^^^^^^^^^^^^^^^^^^^^^^^^^^^^^^^^^^^^^^^^
  File "/usr/local/lib/python3.11/site-packages/requests/sessions.py", line 589, in request
    resp = self.send(prep, **send_kwargs)
           ^^^^^^^^^^^^^^^^^^^^^^^^^^^^^^
  File "/usr/local/lib/python3.11/site-packages/requests/sessions.py", line 703, in send
    r = adapter.send(request, **kwargs)
        ^^^^^^^^^^^^^^^^^^^^^^^^^^^^^^^
  File "/usr/local/lib/python3.11/site-packages/requests/adapters.py", line 532, in send
    raise ReadTimeout(e, request=request)
requests.exceptions.ReadTimeout: HTTPConnectionPool(host='backend', port=8000): Read timed out. (read timeout=30)

  context:
    last_successful_job: None
    scheduled_time: 2025-12-29T14:23:36.459461
    job_type: scheduled
    failure_count: 2
  timestamp: 2025-12-29T14:23:36.463087

2025-12-29 16:23:38 UTC - cron_service - INFO - [error_handler.py:_send_error_notification:72] -
Arrr! Error notification sent for job 'generate-weekly-combinations-optimized'
Context:
  job_name: generate-weekly-combinations-optimized
  timestamp: 2025-12-29T14:23:38.281243

2025-12-29 16:23:38 UTC - cron_service - ERROR - [scheduler.py:run_scheduler:320] -
Arrr! Error in scheduler loop!
Context:
  error: HTTPConnectionPool(host='backend', port=8000): Read timed out. (read timeout=30)
  consecutive_errors: 2
  max_consecutive_errors: 5
  timestamp: 2025-12-29T14:23:38.282478

2025-12-29 16:24:38 UTC - cron_service - INFO - [scheduler.py:_run_job_with_error_handling:115] -
Arrr! Starting scheduled job: generate-weekly-combinations-optimized
Context:
  job_name: generate-weekly-combinations-optimized
  triggered_at_utc: 2025-12-29T14:24:38.283285+00:00
  timestamp: 2025-12-29T14:24:38.284158

2025-12-29 16:24:38 UTC - cron_service - INFO - [api_endpoints.py:call_backend_endpoint:28] -
Arrr! Attempting to call backend endpoint: http://backend:8000/cron/generate-weekly-combinations-optimized (attempt 1/3)

2025-12-29 16:25:08 UTC - cron_service - WARNING - [api_endpoints.py:call_backend_endpoint:38] -
Arrr! Backend health check failed (attempt 1/3), retrying...
Context:
  error: HTTPConnectionPool(host='backend', port=8000): Read timed out. (read timeout=30)
  url: http://backend:8000/health
  retry_in_seconds: 5
  timestamp: 2025-12-29T14:25:08.320191

2025-12-29 16:25:13 UTC - cron_service - INFO - [api_endpoints.py:call_backend_endpoint:28] -
Arrr! Attempting to call backend endpoint: http://backend:8000/cron/generate-weekly-combinations-optimized (attempt 2/3)

2025-12-29 16:25:43 UTC - cron_service - WARNING - [api_endpoints.py:call_backend_endpoint:38] -
Arrr! Backend health check failed (attempt 2/3), retrying...
Context:
  error: HTTPConnectionPool(host='backend', port=8000): Read timed out. (read timeout=30)
  url: http://backend:8000/health
  retry_in_seconds: 5
  timestamp: 2025-12-29T14:25:43.355157

2025-12-29 16:25:48 UTC - cron_service - INFO - [api_endpoints.py:call_backend_endpoint:28] -
Arrr! Attempting to call backend endpoint: http://backend:8000/cron/generate-weekly-combinations-optimized (attempt 3/3)

2025-12-29 16:26:18 UTC - cron_service - ERROR - [api_endpoints.py:call_backend_endpoint:49] -
Arrr! Backend health check failed after all retries!
Context:
  error: HTTPConnectionPool(host='backend', port=8000): Read timed out. (read timeout=30)
  url: http://backend:8000/health
  total_attempts: 3
  timestamp: 2025-12-29T14:26:18.388448

2025-12-29 16:26:18 UTC - cron_service - ERROR - [api_endpoints.py:call_backend_endpoint:155] -
Arrr! Timeout calling endpoint after all retries!
Context:
  error: HTTPConnectionPool(host='backend', port=8000): Read timed out. (read timeout=30)
  endpoint: /cron/generate-weekly-combinations-optimized
  backend_url: http://backend:8000
  total_attempts: 3
  timestamp: 2025-12-29T14:26:18.390603

2025-12-29 16:26:18 UTC - cron_service - ERROR - [scheduler.py:run_scheduler:320] -
Arrr! Error in scheduler loop!
Context:
  error: can't subtract offset-naive and offset-aware datetimes
  consecutive_errors: 3
  max_consecutive_errors: 5
  timestamp: 2025-12-29T14:26:18.391863

2025-12-29 16:27:18 UTC - cron_service - INFO - [scheduler.py:_run_job_with_error_handling:115] -
Arrr! Starting scheduled job: generate-weekly-combinations-optimized
Context:
  job_name: generate-weekly-combinations-optimized
  triggered_at_utc: 2025-12-29T14:27:18.392651+00:00
  timestamp: 2025-12-29T14:27:18.394110

2025-12-29 16:27:18 UTC - cron_service - INFO - [api_endpoints.py:call_backend_endpoint:28] -
Arrr! Attempting to call backend endpoint: http://backend:8000/cron/generate-weekly-combinations-optimized (attempt 1/3)

2025-12-29 16:27:48 UTC - cron_service - WARNING - [api_endpoints.py:call_backend_endpoint:38] -
Arrr! Backend health check failed (attempt 1/3), retrying...
Context:
  error: HTTPConnectionPool(host='backend', port=8000): Read timed out. (read timeout=30)
  url: http://backend:8000/health
  retry_in_seconds: 5
  timestamp: 2025-12-29T14:27:48.415541

2025-12-29 16:27:53 UTC - cron_service - INFO - [api_endpoints.py:call_backend_endpoint:28] -
Arrr! Attempting to call backend endpoint: http://backend:8000/cron/generate-weekly-combinations-optimized (attempt 2/3)

2025-12-29 16:28:23 UTC - cron_service - WARNING - [api_endpoints.py:call_backend_endpoint:38] -
Arrr! Backend health check failed (attempt 2/3), retrying...
Context:
  error: HTTPConnectionPool(host='backend', port=8000): Read timed out. (read timeout=30)
  url: http://backend:8000/health
  retry_in_seconds: 5
  timestamp: 2025-12-29T14:28:23.448083

2025-12-29 16:28:28 UTC - cron_service - INFO - [api_endpoints.py:call_backend_endpoint:28] -
Arrr! Attempting to call backend endpoint: http://backend:8000/cron/generate-weekly-combinations-optimized (attempt 3/3)

2025-12-29 16:28:58 UTC - cron_service - ERROR - [api_endpoints.py:call_backend_endpoint:49] -
Arrr! Backend health check failed after all retries!
Context:
  error: HTTPConnectionPool(host='backend', port=8000): Read timed out. (read timeout=30)
  url: http://backend:8000/health
  total_attempts: 3
  timestamp: 2025-12-29T14:28:58.478431

2025-12-29 16:28:58 UTC - cron_service - ERROR - [api_endpoints.py:call_backend_endpoint:155] -
Arrr! Timeout calling endpoint after all retries!
Context:
  error: HTTPConnectionPool(host='backend', port=8000): Read timed out. (read timeout=30)
  endpoint: /cron/generate-weekly-combinations-optimized
  backend_url: http://backend:8000
  total_attempts: 3
  timestamp: 2025-12-29T14:28:58.480492

2025-12-29 16:28:58 UTC - cron_service - ERROR - [scheduler.py:run_scheduler:320] -
Arrr! Error in scheduler loop!
Context:
  error: can't subtract offset-naive and offset-aware datetimes
  consecutive_errors: 4
  max_consecutive_errors: 5
  timestamp: 2025-12-29T14:28:58.485172

2025-12-29 16:29:58 UTC - cron_service - INFO - [scheduler.py:_run_job_with_error_handling:115] -
Arrr! Starting scheduled job: generate-weekly-combinations-optimized
Context:
  job_name: generate-weekly-combinations-optimized
  triggered_at_utc: 2025-12-29T14:29:58.485951+00:00
  timestamp: 2025-12-29T14:29:58.486871

2025-12-29 16:29:58 UTC - cron_service - INFO - [api_endpoints.py:call_backend_endpoint:28] -
Arrr! Attempting to call backend endpoint: http://backend:8000/cron/generate-weekly-combinations-optimized (attempt 1/3)

2025-12-29 16:30:28 UTC - cron_service - WARNING - [api_endpoints.py:call_backend_endpoint:38] -
Arrr! Backend health check failed (attempt 1/3), retrying...
Context:
  error: HTTPConnectionPool(host='backend', port=8000): Read timed out. (read timeout=30)
  url: http://backend:8000/health
  retry_in_seconds: 5
  timestamp: 2025-12-29T14:30:28.517836

2025-12-29 16:30:33 UTC - cron_service - INFO - [api_endpoints.py:call_backend_endpoint:28] -
Arrr! Attempting to call backend endpoint: http://backend:8000/cron/generate-weekly-combinations-optimized (attempt 2/3)

2025-12-29 16:31:03 UTC - cron_service - WARNING - [api_endpoints.py:call_backend_endpoint:38] -
Arrr! Backend health check failed (attempt 2/3), retrying...
Context:
  error: HTTPConnectionPool(host='backend', port=8000): Read timed out. (read timeout=30)
  url: http://backend:8000/health
  retry_in_seconds: 5
  timestamp: 2025-12-29T14:31:03.552125

2025-12-29 16:31:08 UTC - cron_service - INFO - [api_endpoints.py:call_backend_endpoint:28] -
Arrr! Attempting to call backend endpoint: http://backend:8000/cron/generate-weekly-combinations-optimized (attempt 3/3)

2025-12-29 16:31:38 UTC - cron_service - ERROR - [api_endpoints.py:call_backend_endpoint:49] -
Arrr! Backend health check failed after all retries!
Context:
  error: HTTPConnectionPool(host='backend', port=8000): Read timed out. (read timeout=30)
  url: http://backend:8000/health
  total_attempts: 3
  timestamp: 2025-12-29T14:31:38.588984

2025-12-29 16:31:38 UTC - cron_service - ERROR - [api_endpoints.py:call_backend_endpoint:155] -
Arrr! Timeout calling endpoint after all retries!
Context:
  error: HTTPConnectionPool(host='backend', port=8000): Read timed out. (read timeout=30)
  endpoint: /cron/generate-weekly-combinations-optimized
  backend_url: http://backend:8000
  total_attempts: 3
  timestamp: 2025-12-29T14:31:38.591252

2025-12-29 16:31:38 UTC - cron_service - ERROR - [scheduler.py:run_scheduler:320] -
Arrr! Error in scheduler loop!
Context:
  error: can't subtract offset-naive and offset-aware datetimes
  consecutive_errors: 5
  max_consecutive_errors: 5
  timestamp: 2025-12-29T14:31:38.592531

2025-12-29 16:32:38 UTC - cron_service - INFO - [scheduler.py:_run_job_with_error_handling:115] -
Arrr! Starting scheduled job: generate-weekly-combinations-optimized
Context:
  job_name: generate-weekly-combinations-optimized
  triggered_at_utc: 2025-12-29T14:32:38.593416+00:00
  timestamp: 2025-12-29T14:32:38.594448

2025-12-29 16:32:38 UTC - cron_service - INFO - [api_endpoints.py:call_backend_endpoint:28] -
Arrr! Attempting to call backend endpoint: http://backend:8000/cron/generate-weekly-combinations-optimized (attempt 1/3)

2025-12-29 16:33:08 UTC - cron_service - WARNING - [api_endpoints.py:call_backend_endpoint:38] -
Arrr! Backend health check failed (attempt 1/3), retrying...
Context:
  error: HTTPConnectionPool(host='backend', port=8000): Read timed out. (read timeout=30)
  url: http://backend:8000/health
  retry_in_seconds: 5
  timestamp: 2025-12-29T14:33:08.628019

2025-12-29 16:33:13 UTC - cron_service - INFO - [api_endpoints.py:call_backend_endpoint:28] -
Arrr! Attempting to call backend endpoint: http://backend:8000/cron/generate-weekly-combinations-optimized (attempt 2/3)

2025-12-29 16:33:43 UTC - cron_service - WARNING - [api_endpoints.py:call_backend_endpoint:38] -
Arrr! Backend health check failed (attempt 2/3), retrying...
Context:
  error: HTTPConnectionPool(host='backend', port=8000): Read timed out. (read timeout=30)
  url: http://backend:8000/health
  retry_in_seconds: 5
  timestamp: 2025-12-29T14:33:43.660446

2025-12-29 16:33:48 UTC - cron_service - INFO - [api_endpoints.py:call_backend_endpoint:28] -
Arrr! Attempting to call backend endpoint: http://backend:8000/cron/generate-weekly-combinations-optimized (attempt 3/3)

2025-12-29 16:34:18 UTC - cron_service - ERROR - [api_endpoints.py:call_backend_endpoint:49] -
Arrr! Backend health check failed after all retries!
Context:
  error: HTTPConnectionPool(host='backend', port=8000): Read timed out. (read timeout=30)
  url: http://backend:8000/health
  total_attempts: 3
  timestamp: 2025-12-29T14:34:18.696350

2025-12-29 16:34:18 UTC - cron_service - ERROR - [api_endpoints.py:call_backend_endpoint:155] -
Arrr! Timeout calling endpoint after all retries!
Context:
  error: HTTPConnectionPool(host='backend', port=8000): Read timed out. (read timeout=30)
  endpoint: /cron/generate-weekly-combinations-optimized
  backend_url: http://backend:8000
  total_attempts: 3
  timestamp: 2025-12-29T14:34:18.698428

2025-12-29 21:33:56 UTC - cron_service - INFO - [unknown:unknown:0] -
Logging service initialized - log rotation: 9.5MB max, backup count: 100, cleanup scheduled via cron service at 02:00 AM daily (14 days retention)

2025-12-29 21:34:36 UTC - cron_service - INFO - [unknown:unknown:0] -
Logging service initialized - log rotation: 9.5MB max, backup count: 100, cleanup scheduled via cron service at 02:00 AM daily (14 days retention)

2025-12-29 21:34:36 UTC - cron_service - INFO - [main.py:<module>:171] -
Arrr! Starting cron service...

2025-12-29 21:34:36 UTC - cron_service - INFO - [scheduler.py:setup_jobs:32] -
Arrr! TEST: Weekly combinations OPTIMIZED job scheduled to run at 19:36 UTC (in 2 minutes)!
Context:
  test_time_utc: 19:36
  current_time_utc: 2025-12-29T19:34:36.637781+00:00
  scheduled_in_minutes: 2
  endpoint: /cron/generate-weekly-combinations-optimized
  timestamp: 2025-12-29T19:34:36.638939

2025-12-29 21:34:36 UTC - cron_service - INFO - [scheduler.py:setup_jobs:78] -
Arrr! All jobs scheduled successfully!
Context:
  current_time_utc: 2025-12-29T19:34:36.639562+00:00
  scheduled_jobs: 5
  timestamp: 2025-12-29T19:34:36.640266

2025-12-29 21:34:36 UTC - cron_service - INFO - [scheduler.py:setup_jobs:101] -
Arrr! Job scheduled: generate-weekly-combinations-optimized
Context:
  job_name: generate-weekly-combinations-optimized
  next_run_utc: 2025-12-29T19:36:00+00:00
  days_until_run: 0
  hours_until_run: 0
  timestamp: 2025-12-29T19:34:36.641313

2025-12-29 21:34:36 UTC - cron_service - INFO - [scheduler.py:setup_jobs:101] -
Arrr! Job scheduled: fetch-latest-draw
Context:
  job_name: fetch-latest-draw
  next_run_utc: 2025-12-30T03:00:00+00:00
  days_until_run: 0
  hours_until_run: 7
  timestamp: 2025-12-29T19:34:36.642304

2025-12-29 21:34:36 UTC - cron_service - INFO - [scheduler.py:setup_jobs:101] -
Arrr! Job scheduled: best-model-tables-and-email
Context:
  job_name: best-model-tables-and-email
  next_run_utc: 2026-01-04T14:00:00+00:00
  days_until_run: 5
  hours_until_run: 138
  timestamp: 2025-12-29T19:34:36.643172

2025-12-29 21:34:36 UTC - cron_service - INFO - [scheduler.py:setup_jobs:101] -
Arrr! Job scheduled: cleanup-system
Context:
  job_name: cleanup-system
  next_run_utc: 2025-12-30T02:00:00+00:00
  days_until_run: 0
  hours_until_run: 6
  timestamp: 2025-12-29T19:34:36.644057

2025-12-29 21:34:36 UTC - cron_service - INFO - [scheduler.py:setup_jobs:101] -
Arrr! Job scheduled: backup-database
Context:
  job_name: backup-database
  next_run_utc: 2026-01-04T02:00:00+00:00
  days_until_run: 5
  hours_until_run: 126
  timestamp: 2025-12-29T19:34:36.644955

2025-12-29 21:34:36 UTC - cron_service - INFO - [scheduler.py:run_scheduler:280] -
Arrr! Scheduler thread started!
Context:
  current_time_utc: 2025-12-29T19:34:36.645698+00:00
  scheduled_jobs_count: 5
  timestamp: 2025-12-29T19:34:36.650316

2025-12-29 21:34:40 UTC - cron_service - INFO - [unknown:unknown:0] -
Logging service initialized - log rotation: 9.5MB max, backup count: 100, cleanup scheduled via cron service at 02:00 AM daily (14 days retention)

2025-12-29 21:34:40 UTC - cron_service - INFO - [main.py:<module>:171] -
Arrr! Starting cron service...

2025-12-29 21:34:40 UTC - cron_service - INFO - [scheduler.py:setup_jobs:32] -
Arrr! TEST: Weekly combinations OPTIMIZED job scheduled to run at 19:36 UTC (in 2 minutes)!
Context:
  test_time_utc: 19:36
  current_time_utc: 2025-12-29T19:34:40.343972+00:00
  scheduled_in_minutes: 2
  endpoint: /cron/generate-weekly-combinations-optimized
  timestamp: 2025-12-29T19:34:40.345341

2025-12-29 21:34:40 UTC - cron_service - INFO - [scheduler.py:setup_jobs:78] -
Arrr! All jobs scheduled successfully!
Context:
  current_time_utc: 2025-12-29T19:34:40.346070+00:00
  scheduled_jobs: 5
  timestamp: 2025-12-29T19:34:40.346974

2025-12-29 21:34:40 UTC - cron_service - INFO - [scheduler.py:setup_jobs:101] -
Arrr! Job scheduled: generate-weekly-combinations-optimized
Context:
  job_name: generate-weekly-combinations-optimized
  next_run_utc: 2025-12-29T19:36:00+00:00
  days_until_run: 0
  hours_until_run: 0
  timestamp: 2025-12-29T19:34:40.348358

2025-12-29 21:34:40 UTC - cron_service - INFO - [scheduler.py:setup_jobs:101] -
Arrr! Job scheduled: fetch-latest-draw
Context:
  job_name: fetch-latest-draw
  next_run_utc: 2025-12-30T03:00:00+00:00
  days_until_run: 0
  hours_until_run: 7
  timestamp: 2025-12-29T19:34:40.349540

2025-12-29 21:34:40 UTC - cron_service - INFO - [scheduler.py:setup_jobs:101] -
Arrr! Job scheduled: best-model-tables-and-email
Context:
  job_name: best-model-tables-and-email
  next_run_utc: 2026-01-04T14:00:00+00:00
  days_until_run: 5
  hours_until_run: 138
  timestamp: 2025-12-29T19:34:40.350964

2025-12-29 21:34:40 UTC - cron_service - INFO - [scheduler.py:setup_jobs:101] -
Arrr! Job scheduled: cleanup-system
Context:
  job_name: cleanup-system
  next_run_utc: 2025-12-30T02:00:00+00:00
  days_until_run: 0
  hours_until_run: 6
  timestamp: 2025-12-29T19:34:40.352191

2025-12-29 21:34:40 UTC - cron_service - INFO - [scheduler.py:setup_jobs:101] -
Arrr! Job scheduled: backup-database
Context:
  job_name: backup-database
  next_run_utc: 2026-01-04T02:00:00+00:00
  days_until_run: 5
  hours_until_run: 126
  timestamp: 2025-12-29T19:34:40.353554

2025-12-29 21:34:40 UTC - cron_service - INFO - [scheduler.py:run_scheduler:280] -
Arrr! Scheduler thread started!
Context:
  current_time_utc: 2025-12-29T19:34:40.355856+00:00
  scheduled_jobs_count: 5
  timestamp: 2025-12-29T19:34:40.357841

2025-12-29 21:34:47 UTC - cron_service - INFO - [unknown:unknown:0] -
Logging service initialized - log rotation: 9.5MB max, backup count: 100, cleanup scheduled via cron service at 02:00 AM daily (14 days retention)

2025-12-29 21:34:47 UTC - cron_service - INFO - [main.py:<module>:171] -
Arrr! Starting cron service...

2025-12-29 21:34:47 UTC - cron_service - INFO - [scheduler.py:setup_jobs:32] -
Arrr! TEST: Weekly combinations OPTIMIZED job scheduled to run at 19:36 UTC (in 2 minutes)!
Context:
  test_time_utc: 19:36
  current_time_utc: 2025-12-29T19:34:47.969415+00:00
  scheduled_in_minutes: 2
  endpoint: /cron/generate-weekly-combinations-optimized
  timestamp: 2025-12-29T19:34:47.970644

2025-12-29 21:34:47 UTC - cron_service - INFO - [scheduler.py:setup_jobs:78] -
Arrr! All jobs scheduled successfully!
Context:
  current_time_utc: 2025-12-29T19:34:47.971423+00:00
  scheduled_jobs: 5
  timestamp: 2025-12-29T19:34:47.971904

2025-12-29 21:34:47 UTC - cron_service - INFO - [scheduler.py:setup_jobs:101] -
Arrr! Job scheduled: generate-weekly-combinations-optimized
Context:
  job_name: generate-weekly-combinations-optimized
  next_run_utc: 2025-12-29T19:36:00+00:00
  days_until_run: 0
  hours_until_run: 0
  timestamp: 2025-12-29T19:34:47.972778

2025-12-29 21:34:47 UTC - cron_service - INFO - [scheduler.py:setup_jobs:101] -
Arrr! Job scheduled: fetch-latest-draw
Context:
  job_name: fetch-latest-draw
  next_run_utc: 2025-12-30T03:00:00+00:00
  days_until_run: 0
  hours_until_run: 7
  timestamp: 2025-12-29T19:34:47.973657

2025-12-29 21:34:47 UTC - cron_service - INFO - [scheduler.py:setup_jobs:101] -
Arrr! Job scheduled: best-model-tables-and-email
Context:
  job_name: best-model-tables-and-email
  next_run_utc: 2026-01-04T14:00:00+00:00
  days_until_run: 5
  hours_until_run: 138
  timestamp: 2025-12-29T19:34:47.974532

2025-12-29 21:34:47 UTC - cron_service - INFO - [scheduler.py:setup_jobs:101] -
Arrr! Job scheduled: cleanup-system
Context:
  job_name: cleanup-system
  next_run_utc: 2025-12-30T02:00:00+00:00
  days_until_run: 0
  hours_until_run: 6
  timestamp: 2025-12-29T19:34:47.975507

2025-12-29 21:34:47 UTC - cron_service - INFO - [scheduler.py:setup_jobs:101] -
Arrr! Job scheduled: backup-database
Context:
  job_name: backup-database
  next_run_utc: 2026-01-04T02:00:00+00:00
  days_until_run: 5
  hours_until_run: 126
  timestamp: 2025-12-29T19:34:47.976366

2025-12-29 21:34:47 UTC - cron_service - INFO - [scheduler.py:run_scheduler:280] -
Arrr! Scheduler thread started!
Context:
  current_time_utc: 2025-12-29T19:34:47.977176+00:00
  scheduled_jobs_count: 5
  timestamp: 2025-12-29T19:34:47.981218

2025-12-29 21:34:59 UTC - cron_service - INFO - [unknown:unknown:0] -
Logging service initialized - log rotation: 9.5MB max, backup count: 100, cleanup scheduled via cron service at 02:00 AM daily (14 days retention)

2025-12-29 21:34:59 UTC - cron_service - INFO - [main.py:<module>:171] -
Arrr! Starting cron service...

2025-12-29 21:34:59 UTC - cron_service - INFO - [scheduler.py:setup_jobs:32] -
Arrr! TEST: Weekly combinations OPTIMIZED job scheduled to run at 19:36 UTC (in 2 minutes)!
Context:
  test_time_utc: 19:36
  current_time_utc: 2025-12-29T19:34:59.552279+00:00
  scheduled_in_minutes: 2
  endpoint: /cron/generate-weekly-combinations-optimized
  timestamp: 2025-12-29T19:34:59.553503

2025-12-29 21:34:59 UTC - cron_service - INFO - [scheduler.py:setup_jobs:78] -
Arrr! All jobs scheduled successfully!
Context:
  current_time_utc: 2025-12-29T19:34:59.554215+00:00
  scheduled_jobs: 5
  timestamp: 2025-12-29T19:34:59.554660

2025-12-29 21:34:59 UTC - cron_service - INFO - [scheduler.py:setup_jobs:101] -
Arrr! Job scheduled: generate-weekly-combinations-optimized
Context:
  job_name: generate-weekly-combinations-optimized
  next_run_utc: 2025-12-29T19:36:00+00:00
  days_until_run: 0
  hours_until_run: 0
  timestamp: 2025-12-29T19:34:59.555702

2025-12-29 21:34:59 UTC - cron_service - INFO - [scheduler.py:setup_jobs:101] -
Arrr! Job scheduled: fetch-latest-draw
Context:
  job_name: fetch-latest-draw
  next_run_utc: 2025-12-30T03:00:00+00:00
  days_until_run: 0
  hours_until_run: 7
  timestamp: 2025-12-29T19:34:59.556625

2025-12-29 21:34:59 UTC - cron_service - INFO - [scheduler.py:setup_jobs:101] -
Arrr! Job scheduled: best-model-tables-and-email
Context:
  job_name: best-model-tables-and-email
  next_run_utc: 2026-01-04T14:00:00+00:00
  days_until_run: 5
  hours_until_run: 138
  timestamp: 2025-12-29T19:34:59.557523

2025-12-29 21:34:59 UTC - cron_service - INFO - [scheduler.py:setup_jobs:101] -
Arrr! Job scheduled: cleanup-system
Context:
  job_name: cleanup-system
  next_run_utc: 2025-12-30T02:00:00+00:00
  days_until_run: 0
  hours_until_run: 6
  timestamp: 2025-12-29T19:34:59.558365

2025-12-29 21:34:59 UTC - cron_service - INFO - [scheduler.py:setup_jobs:101] -
Arrr! Job scheduled: backup-database
Context:
  job_name: backup-database
  next_run_utc: 2026-01-04T02:00:00+00:00
  days_until_run: 5
  hours_until_run: 126
  timestamp: 2025-12-29T19:34:59.559226

2025-12-29 21:34:59 UTC - cron_service - INFO - [scheduler.py:run_scheduler:280] -
Arrr! Scheduler thread started!
Context:
  current_time_utc: 2025-12-29T19:34:59.559982+00:00
  scheduled_jobs_count: 5
  timestamp: 2025-12-29T19:34:59.563101

2025-12-29 21:36:59 UTC - cron_service - INFO - [scheduler.py:_run_job_with_error_handling:115] -
Arrr! Starting scheduled job: generate-weekly-combinations-optimized
Context:
  job_name: generate-weekly-combinations-optimized
  triggered_at_utc: 2025-12-29T19:36:59.564518+00:00
  timestamp: 2025-12-29T19:36:59.566788

2025-12-29 21:36:59 UTC - cron_service - INFO - [api_endpoints.py:call_backend_endpoint:28] -
Arrr! Attempting to call backend endpoint: http://backend:8000/cron/generate-weekly-combinations-optimized (attempt 1/3)

2025-12-29 21:37:29 UTC - cron_service - WARNING - [api_endpoints.py:call_backend_endpoint:38] -
Arrr! Backend health check failed (attempt 1/3), retrying...
Context:
  error: HTTPConnectionPool(host='backend', port=8000): Read timed out. (read timeout=30)
  url: http://backend:8000/health
  retry_in_seconds: 5
  timestamp: 2025-12-29T19:37:29.604633

2025-12-29 21:37:34 UTC - cron_service - INFO - [api_endpoints.py:call_backend_endpoint:28] -
Arrr! Attempting to call backend endpoint: http://backend:8000/cron/generate-weekly-combinations-optimized (attempt 2/3)

2025-12-29 21:37:37 UTC - cron_service - INFO - [unknown:unknown:0] -
Logging service initialized - log rotation: 9.5MB max, backup count: 100, cleanup scheduled via cron service at 02:00 AM daily (14 days retention)

2025-12-29 21:37:37 UTC - cron_service - INFO - [main.py:<module>:171] -
Arrr! Starting cron service...

2025-12-29 21:37:37 UTC - cron_service - INFO - [scheduler.py:setup_jobs:32] -
Arrr! TEST: Weekly combinations OPTIMIZED job scheduled to run at 19:39 UTC (in 2 minutes)!
Context:
  test_time_utc: 19:39
  current_time_utc: 2025-12-29T19:37:37.339002+00:00
  scheduled_in_minutes: 2
  endpoint: /cron/generate-weekly-combinations-optimized
  timestamp: 2025-12-29T19:37:37.340019

2025-12-29 21:37:37 UTC - cron_service - INFO - [scheduler.py:setup_jobs:78] -
Arrr! All jobs scheduled successfully!
Context:
  current_time_utc: 2025-12-29T19:37:37.340631+00:00
  scheduled_jobs: 5
  timestamp: 2025-12-29T19:37:37.341068

2025-12-29 21:37:37 UTC - cron_service - INFO - [scheduler.py:setup_jobs:101] -
Arrr! Job scheduled: generate-weekly-combinations-optimized
Context:
  job_name: generate-weekly-combinations-optimized
  next_run_utc: 2025-12-29T19:39:00+00:00
  days_until_run: 0
  hours_until_run: 0
  timestamp: 2025-12-29T19:37:37.341945

2025-12-29 21:37:37 UTC - cron_service - INFO - [scheduler.py:setup_jobs:101] -
Arrr! Job scheduled: fetch-latest-draw
Context:
  job_name: fetch-latest-draw
  next_run_utc: 2025-12-30T03:00:00+00:00
  days_until_run: 0
  hours_until_run: 7
  timestamp: 2025-12-29T19:37:37.342847

2025-12-29 21:37:37 UTC - cron_service - INFO - [scheduler.py:setup_jobs:101] -
Arrr! Job scheduled: best-model-tables-and-email
Context:
  job_name: best-model-tables-and-email
  next_run_utc: 2026-01-04T14:00:00+00:00
  days_until_run: 5
  hours_until_run: 138
  timestamp: 2025-12-29T19:37:37.343739

2025-12-29 21:37:37 UTC - cron_service - INFO - [scheduler.py:setup_jobs:101] -
Arrr! Job scheduled: cleanup-system
Context:
  job_name: cleanup-system
  next_run_utc: 2025-12-30T02:00:00+00:00
  days_until_run: 0
  hours_until_run: 6
  timestamp: 2025-12-29T19:37:37.344556

2025-12-29 21:37:37 UTC - cron_service - INFO - [scheduler.py:setup_jobs:101] -
Arrr! Job scheduled: backup-database
Context:
  job_name: backup-database
  next_run_utc: 2026-01-04T02:00:00+00:00
  days_until_run: 5
  hours_until_run: 126
  timestamp: 2025-12-29T19:37:37.345449

2025-12-29 21:37:37 UTC - cron_service - INFO - [scheduler.py:run_scheduler:280] -
Arrr! Scheduler thread started!
Context:
  current_time_utc: 2025-12-29T19:37:37.346200+00:00
  scheduled_jobs_count: 5
  timestamp: 2025-12-29T19:37:37.348866

2025-12-29 21:37:42 UTC - cron_service - INFO - [unknown:unknown:0] -
Logging service initialized - log rotation: 9.5MB max, backup count: 100, cleanup scheduled via cron service at 02:00 AM daily (14 days retention)

2025-12-29 21:37:42 UTC - cron_service - INFO - [main.py:<module>:181] -
Arrr! Starting cron service...

2025-12-29 21:37:42 UTC - cron_service - INFO - [scheduler.py:setup_jobs:32] -
Arrr! TEST: Weekly combinations OPTIMIZED job scheduled to run at 19:39 UTC (in 2 minutes)!
Context:
  test_time_utc: 19:39
  current_time_utc: 2025-12-29T19:37:42.231844+00:00
  scheduled_in_minutes: 2
  endpoint: /cron/generate-weekly-combinations-optimized
  timestamp: 2025-12-29T19:37:42.232827

2025-12-29 21:37:42 UTC - cron_service - INFO - [scheduler.py:setup_jobs:78] -
Arrr! All jobs scheduled successfully!
Context:
  current_time_utc: 2025-12-29T19:37:42.233631+00:00
  scheduled_jobs: 5
  timestamp: 2025-12-29T19:37:42.234066

2025-12-29 21:37:42 UTC - cron_service - INFO - [scheduler.py:setup_jobs:101] -
Arrr! Job scheduled: generate-weekly-combinations-optimized
Context:
  job_name: generate-weekly-combinations-optimized
  next_run_utc: 2025-12-29T19:39:00+00:00
  days_until_run: 0
  hours_until_run: 0
  timestamp: 2025-12-29T19:37:42.235072

2025-12-29 21:37:42 UTC - cron_service - INFO - [scheduler.py:setup_jobs:101] -
Arrr! Job scheduled: fetch-latest-draw
Context:
  job_name: fetch-latest-draw
  next_run_utc: 2025-12-30T03:00:00+00:00
  days_until_run: 0
  hours_until_run: 7
  timestamp: 2025-12-29T19:37:42.235926

2025-12-29 21:37:42 UTC - cron_service - INFO - [scheduler.py:setup_jobs:101] -
Arrr! Job scheduled: best-model-tables-and-email
Context:
  job_name: best-model-tables-and-email
  next_run_utc: 2026-01-04T14:00:00+00:00
  days_until_run: 5
  hours_until_run: 138
  timestamp: 2025-12-29T19:37:42.236767

2025-12-29 21:37:42 UTC - cron_service - INFO - [scheduler.py:setup_jobs:101] -
Arrr! Job scheduled: cleanup-system
Context:
  job_name: cleanup-system
  next_run_utc: 2025-12-30T02:00:00+00:00
  days_until_run: 0
  hours_until_run: 6
  timestamp: 2025-12-29T19:37:42.237638

2025-12-29 21:37:42 UTC - cron_service - INFO - [scheduler.py:setup_jobs:101] -
Arrr! Job scheduled: backup-database
Context:
  job_name: backup-database
  next_run_utc: 2026-01-04T02:00:00+00:00
  days_until_run: 5
  hours_until_run: 126
  timestamp: 2025-12-29T19:37:42.238799

2025-12-29 21:37:42 UTC - cron_service - INFO - [scheduler.py:run_scheduler:280] -
Arrr! Scheduler thread started!
Context:
  current_time_utc: 2025-12-29T19:37:42.239528+00:00
  scheduled_jobs_count: 5
  timestamp: 2025-12-29T19:37:42.242542

2025-12-29 21:37:47 UTC - cron_service - INFO - [unknown:unknown:0] -
Logging service initialized - log rotation: 9.5MB max, backup count: 100, cleanup scheduled via cron service at 02:00 AM daily (14 days retention)

2025-12-29 21:37:47 UTC - cron_service - INFO - [main.py:<module>:181] -
Arrr! Starting cron service...

2025-12-29 21:37:47 UTC - cron_service - INFO - [scheduler.py:setup_jobs:32] -
Arrr! TEST: Weekly combinations OPTIMIZED job scheduled to run at 19:39 UTC (in 2 minutes)!
Context:
  test_time_utc: 19:39
  current_time_utc: 2025-12-29T19:37:47.384581+00:00
  scheduled_in_minutes: 2
  endpoint: /cron/generate-weekly-combinations-optimized
  timestamp: 2025-12-29T19:37:47.385658

2025-12-29 21:37:47 UTC - cron_service - INFO - [scheduler.py:setup_jobs:78] -
Arrr! All jobs scheduled successfully!
Context:
  current_time_utc: 2025-12-29T19:37:47.386275+00:00
  scheduled_jobs: 5
  timestamp: 2025-12-29T19:37:47.386701

2025-12-29 21:37:47 UTC - cron_service - INFO - [scheduler.py:setup_jobs:101] -
Arrr! Job scheduled: generate-weekly-combinations-optimized
Context:
  job_name: generate-weekly-combinations-optimized
  next_run_utc: 2025-12-29T19:39:00+00:00
  days_until_run: 0
  hours_until_run: 0
  timestamp: 2025-12-29T19:37:47.387680

2025-12-29 21:37:47 UTC - cron_service - INFO - [scheduler.py:setup_jobs:101] -
Arrr! Job scheduled: fetch-latest-draw
Context:
  job_name: fetch-latest-draw
  next_run_utc: 2025-12-30T03:00:00+00:00
  days_until_run: 0
  hours_until_run: 7
  timestamp: 2025-12-29T19:37:47.388616

2025-12-29 21:37:47 UTC - cron_service - INFO - [scheduler.py:setup_jobs:101] -
Arrr! Job scheduled: best-model-tables-and-email
Context:
  job_name: best-model-tables-and-email
  next_run_utc: 2026-01-04T14:00:00+00:00
  days_until_run: 5
  hours_until_run: 138
  timestamp: 2025-12-29T19:37:47.389498

2025-12-29 21:37:47 UTC - cron_service - INFO - [scheduler.py:setup_jobs:101] -
Arrr! Job scheduled: cleanup-system
Context:
  job_name: cleanup-system
  next_run_utc: 2025-12-30T02:00:00+00:00
  days_until_run: 0
  hours_until_run: 6
  timestamp: 2025-12-29T19:37:47.390405

2025-12-29 21:37:47 UTC - cron_service - INFO - [scheduler.py:setup_jobs:101] -
Arrr! Job scheduled: backup-database
Context:
  job_name: backup-database
  next_run_utc: 2026-01-04T02:00:00+00:00
  days_until_run: 5
  hours_until_run: 126
  timestamp: 2025-12-29T19:37:47.391330

2025-12-29 21:37:47 UTC - cron_service - INFO - [scheduler.py:run_scheduler:280] -
Arrr! Scheduler thread started!
Context:
  current_time_utc: 2025-12-29T19:37:47.392083+00:00
  scheduled_jobs_count: 5
  timestamp: 2025-12-29T19:37:47.395135

2025-12-29 21:37:57 UTC - cron_service - WARNING - [api_endpoints.py:health_check_endpoint:221] -
Backend health check failed
Context:
  error: HTTPConnectionPool(host='backend', port=8000): Read timed out. (read timeout=3)
  timestamp: 2025-12-29T19:37:57.239742

2025-12-29 21:38:00 UTC - cron_service - WARNING - [api_endpoints.py:health_check_endpoint:230] -
Cron status check failed
Context:
  error: HTTPConnectionPool(host='backend', port=8000): Read timed out. (read timeout=3)
  timestamp: 2025-12-29T19:38:00.249290

2025-12-29 21:38:19 UTC - cron_service - WARNING - [api_endpoints.py:health_check_endpoint:221] -
Backend health check failed
Context:
  error: HTTPConnectionPool(host='backend', port=8000): Read timed out. (read timeout=3)
  timestamp: 2025-12-29T19:38:19.247616

2025-12-29 21:38:22 UTC - cron_service - WARNING - [api_endpoints.py:health_check_endpoint:230] -
Cron status check failed
Context:
  error: HTTPConnectionPool(host='backend', port=8000): Read timed out. (read timeout=3)
  timestamp: 2025-12-29T19:38:22.254465

2025-12-29 21:38:25 UTC - cron_service - WARNING - [api_endpoints.py:health_check_endpoint:221] -
Backend health check failed
Context:
  error: HTTPConnectionPool(host='backend', port=8000): Read timed out. (read timeout=3)
  timestamp: 2025-12-29T19:38:25.265490

2025-12-29 21:38:28 UTC - cron_service - WARNING - [api_endpoints.py:health_check_endpoint:230] -
Cron status check failed
Context:
  error: HTTPConnectionPool(host='backend', port=8000): Read timed out. (read timeout=3)
  timestamp: 2025-12-29T19:38:28.274335

2025-12-29 21:38:32 UTC - cron_service - INFO - [schedule_api.py:schedule_cron_job:191] -
Arrr! Cron job scheduled successfully!
Context:
  job_id: generate-weekly-combinations-optimized-c1b75138
  job_name: generate-weekly-combinations-optimized
  scheduled_time: 2025-12-29T19:40:32.913134
  timestamp: 2025-12-29T19:38:32.916330

2025-12-29 21:38:45 UTC - cron_service - INFO - [unknown:unknown:0] -
Logging service initialized - log rotation: 9.5MB max, backup count: 100, cleanup scheduled via cron service at 02:00 AM daily (14 days retention)

2025-12-29 21:38:45 UTC - cron_service - INFO - [main.py:<module>:181] -
Arrr! Starting cron service...

2025-12-29 21:38:45 UTC - cron_service - INFO - [scheduler.py:setup_jobs:32] -
Arrr! TEST: Weekly combinations OPTIMIZED job scheduled to run at 19:40 UTC (in 2 minutes)!
Context:
  test_time_utc: 19:40
  current_time_utc: 2025-12-29T19:38:45.888985+00:00
  scheduled_in_minutes: 2
  endpoint: /cron/generate-weekly-combinations-optimized
  timestamp: 2025-12-29T19:38:45.890005

2025-12-29 21:38:45 UTC - cron_service - INFO - [scheduler.py:setup_jobs:78] -
Arrr! All jobs scheduled successfully!
Context:
  current_time_utc: 2025-12-29T19:38:45.890669+00:00
  scheduled_jobs: 5
  timestamp: 2025-12-29T19:38:45.891147

2025-12-29 21:38:45 UTC - cron_service - INFO - [scheduler.py:setup_jobs:101] -
Arrr! Job scheduled: generate-weekly-combinations-optimized
Context:
  job_name: generate-weekly-combinations-optimized
  next_run_utc: 2025-12-29T19:40:00+00:00
  days_until_run: 0
  hours_until_run: 0
  timestamp: 2025-12-29T19:38:45.892029

2025-12-29 21:38:45 UTC - cron_service - INFO - [scheduler.py:setup_jobs:101] -
Arrr! Job scheduled: fetch-latest-draw
Context:
  job_name: fetch-latest-draw
  next_run_utc: 2025-12-30T03:00:00+00:00
  days_until_run: 0
  hours_until_run: 7
  timestamp: 2025-12-29T19:38:45.892929

2025-12-29 21:38:45 UTC - cron_service - INFO - [scheduler.py:setup_jobs:101] -
Arrr! Job scheduled: best-model-tables-and-email
Context:
  job_name: best-model-tables-and-email
  next_run_utc: 2026-01-04T14:00:00+00:00
  days_until_run: 5
  hours_until_run: 138
  timestamp: 2025-12-29T19:38:45.893769

2025-12-29 21:38:45 UTC - cron_service - INFO - [scheduler.py:setup_jobs:101] -
Arrr! Job scheduled: cleanup-system
Context:
  job_name: cleanup-system
  next_run_utc: 2025-12-30T02:00:00+00:00
  days_until_run: 0
  hours_until_run: 6
  timestamp: 2025-12-29T19:38:45.894745

2025-12-29 21:38:45 UTC - cron_service - INFO - [scheduler.py:setup_jobs:101] -
Arrr! Job scheduled: backup-database
Context:
  job_name: backup-database
  next_run_utc: 2026-01-04T02:00:00+00:00
  days_until_run: 5
  hours_until_run: 126
  timestamp: 2025-12-29T19:38:45.895791

2025-12-29 21:38:45 UTC - cron_service - INFO - [scheduler.py:run_scheduler:280] -
Arrr! Scheduler thread started!
Context:
  current_time_utc: 2025-12-29T19:38:45.896545+00:00
  scheduled_jobs_count: 5
  timestamp: 2025-12-29T19:38:45.899345

2025-12-29 21:38:55 UTC - cron_service - WARNING - [api_endpoints.py:health_check_endpoint:221] -
Backend health check failed
Context:
  error: HTTPConnectionPool(host='backend', port=8000): Read timed out. (read timeout=3)
  timestamp: 2025-12-29T19:38:55.361156

2025-12-29 21:38:58 UTC - cron_service - WARNING - [api_endpoints.py:health_check_endpoint:230] -
Cron status check failed
Context:
  error: HTTPConnectionPool(host='backend', port=8000): Read timed out. (read timeout=3)
  timestamp: 2025-12-29T19:38:58.370481

2025-12-29 21:39:01 UTC - cron_service - WARNING - [api_endpoints.py:health_check_endpoint:221] -
Backend health check failed
Context:
  error: HTTPConnectionPool(host='backend', port=8000): Read timed out. (read timeout=3)
  timestamp: 2025-12-29T19:39:01.384017

2025-12-29 21:39:04 UTC - cron_service - WARNING - [api_endpoints.py:health_check_endpoint:230] -
Cron status check failed
Context:
  error: HTTPConnectionPool(host='backend', port=8000): Read timed out. (read timeout=3)
  timestamp: 2025-12-29T19:39:04.389870

2025-12-29 21:39:31 UTC - cron_service - WARNING - [api_endpoints.py:health_check_endpoint:221] -
Backend health check failed
Context:
  error: HTTPConnectionPool(host='backend', port=8000): Read timed out. (read timeout=3)
  timestamp: 2025-12-29T19:39:31.453407

2025-12-29 21:39:34 UTC - cron_service - WARNING - [api_endpoints.py:health_check_endpoint:230] -
Cron status check failed
Context:
  error: HTTPConnectionPool(host='backend', port=8000): Read timed out. (read timeout=3)
  timestamp: 2025-12-29T19:39:34.463026

2025-12-29 21:40:07 UTC - cron_service - WARNING - [api_endpoints.py:health_check_endpoint:221] -
Backend health check failed
Context:
  error: HTTPConnectionPool(host='backend', port=8000): Read timed out. (read timeout=3)
  timestamp: 2025-12-29T19:40:07.552183

2025-12-29 21:40:10 UTC - cron_service - WARNING - [api_endpoints.py:health_check_endpoint:230] -
Cron status check failed
Context:
  error: HTTPConnectionPool(host='backend', port=8000): Read timed out. (read timeout=3)
  timestamp: 2025-12-29T19:40:10.559862

2025-12-29 21:40:34 UTC - cron_service - INFO - [unknown:unknown:0] -
Logging service initialized - log rotation: 9.5MB max, backup count: 100, cleanup scheduled via cron service at 02:00 AM daily (14 days retention)

2025-12-29 21:40:34 UTC - cron_service - INFO - [main.py:<module>:181] -
Arrr! Starting cron service...

2025-12-29 21:40:34 UTC - cron_service - INFO - [scheduler.py:setup_jobs:32] -
Arrr! TEST: Weekly combinations OPTIMIZED job scheduled to run at 19:42 UTC (in 2 minutes)!
Context:
  test_time_utc: 19:42
  current_time_utc: 2025-12-29T19:40:34.568040+00:00
  scheduled_in_minutes: 2
  endpoint: /cron/generate-weekly-combinations-optimized
  timestamp: 2025-12-29T19:40:34.569133

2025-12-29 21:40:34 UTC - cron_service - INFO - [scheduler.py:setup_jobs:78] -
Arrr! All jobs scheduled successfully!
Context:
  current_time_utc: 2025-12-29T19:40:34.569871+00:00
  scheduled_jobs: 5
  timestamp: 2025-12-29T19:40:34.570548

2025-12-29 21:40:34 UTC - cron_service - INFO - [scheduler.py:setup_jobs:101] -
Arrr! Job scheduled: generate-weekly-combinations-optimized
Context:
  job_name: generate-weekly-combinations-optimized
  next_run_utc: 2025-12-29T19:42:00+00:00
  days_until_run: 0
  hours_until_run: 0
  timestamp: 2025-12-29T19:40:34.571717

2025-12-29 21:40:34 UTC - cron_service - INFO - [scheduler.py:setup_jobs:101] -
Arrr! Job scheduled: fetch-latest-draw
Context:
  job_name: fetch-latest-draw
  next_run_utc: 2025-12-30T03:00:00+00:00
  days_until_run: 0
  hours_until_run: 7
  timestamp: 2025-12-29T19:40:34.572821

2025-12-29 21:40:34 UTC - cron_service - INFO - [scheduler.py:setup_jobs:101] -
Arrr! Job scheduled: best-model-tables-and-email
Context:
  job_name: best-model-tables-and-email
  next_run_utc: 2026-01-04T14:00:00+00:00
  days_until_run: 5
  hours_until_run: 138
  timestamp: 2025-12-29T19:40:34.574023

2025-12-29 21:40:34 UTC - cron_service - INFO - [scheduler.py:setup_jobs:101] -
Arrr! Job scheduled: cleanup-system
Context:
  job_name: cleanup-system
  next_run_utc: 2025-12-30T02:00:00+00:00
  days_until_run: 0
  hours_until_run: 6
  timestamp: 2025-12-29T19:40:34.575162

2025-12-29 21:40:34 UTC - cron_service - INFO - [scheduler.py:setup_jobs:101] -
Arrr! Job scheduled: backup-database
Context:
  job_name: backup-database
  next_run_utc: 2026-01-04T02:00:00+00:00
  days_until_run: 5
  hours_until_run: 126
  timestamp: 2025-12-29T19:40:34.576317

2025-12-29 21:40:34 UTC - cron_service - INFO - [scheduler.py:run_scheduler:280] -
Arrr! Scheduler thread started!
Context:
  current_time_utc: 2025-12-29T19:40:34.577133+00:00
  scheduled_jobs_count: 5
  timestamp: 2025-12-29T19:40:34.585835

2025-12-29 21:40:43 UTC - cron_service - WARNING - [api_endpoints.py:health_check_endpoint:221] -
Backend health check failed
Context:
  error: HTTPConnectionPool(host='backend', port=8000): Read timed out. (read timeout=3)
  timestamp: 2025-12-29T19:40:43.661901

2025-12-29 21:40:46 UTC - cron_service - WARNING - [api_endpoints.py:health_check_endpoint:230] -
Cron status check failed
Context:
  error: HTTPConnectionPool(host='backend', port=8000): Read timed out. (read timeout=3)
  timestamp: 2025-12-29T19:40:46.669484

2025-12-29 21:40:48 UTC - cron_service - INFO - [unknown:unknown:0] -
Logging service initialized - log rotation: 9.5MB max, backup count: 100, cleanup scheduled via cron service at 02:00 AM daily (14 days retention)


2025-12-29 21:40:48 UTC - cron_service - INFO - [main.py:<module>:181] -
Arrr! Starting cron service...


2025-12-29 21:40:48 UTC - cron_service - INFO - [scheduler.py:setup_jobs:32] -
Arrr! TEST: Weekly combinations OPTIMIZED job scheduled to run at 19:42 UTC (in 2 minutes)!
Context:
  test_time_utc: 19:42
  current_time_utc: 2025-12-29T19:40:48.870379+00:00
  scheduled_in_minutes: 2
  endpoint: /cron/generate-weekly-combinations-optimized
  timestamp: 2025-12-29T19:40:48.871443


2025-12-29 21:40:48 UTC - cron_service - INFO - [scheduler.py:setup_jobs:78] -
Arrr! All jobs scheduled successfully!
Context:
  current_time_utc: 2025-12-29T19:40:48.872090+00:00
  scheduled_jobs: 5
  timestamp: 2025-12-29T19:40:48.872537


2025-12-29 21:40:48 UTC - cron_service - INFO - [scheduler.py:setup_jobs:101] -
Arrr! Job scheduled: generate-weekly-combinations-optimized
Context:
  job_name: generate-weekly-combinations-optimized
  next_run_utc: 2025-12-29T19:42:00+00:00
  days_until_run: 0
  hours_until_run: 0
  timestamp: 2025-12-29T19:40:48.873467


2025-12-29 21:40:48 UTC - cron_service - INFO - [scheduler.py:setup_jobs:101] -
Arrr! Job scheduled: fetch-latest-draw
Context:
  job_name: fetch-latest-draw
  next_run_utc: 2025-12-30T03:00:00+00:00
  days_until_run: 0
  hours_until_run: 7
  timestamp: 2025-12-29T19:40:48.874498


2025-12-29 21:40:48 UTC - cron_service - INFO - [scheduler.py:setup_jobs:101] -
Arrr! Job scheduled: best-model-tables-and-email
Context:
  job_name: best-model-tables-and-email
  next_run_utc: 2026-01-04T14:00:00+00:00
  days_until_run: 5
  hours_until_run: 138
  timestamp: 2025-12-29T19:40:48.875312


2025-12-29 21:40:48 UTC - cron_service - INFO - [scheduler.py:setup_jobs:101] -
Arrr! Job scheduled: cleanup-system
Context:
  job_name: cleanup-system
  next_run_utc: 2025-12-30T02:00:00+00:00
  days_until_run: 0
  hours_until_run: 6
  timestamp: 2025-12-29T19:40:48.876134


2025-12-29 21:40:48 UTC - cron_service - INFO - [scheduler.py:setup_jobs:101] -
Arrr! Job scheduled: backup-database
Context:
  job_name: backup-database
  next_run_utc: 2026-01-04T02:00:00+00:00
  days_until_run: 5
  hours_until_run: 126
  timestamp: 2025-12-29T19:40:48.877079


2025-12-29 21:40:48 UTC - cron_service - INFO - [scheduler.py:run_scheduler:280] -
Arrr! Scheduler thread started!
Context:
  current_time_utc: 2025-12-29T19:40:48.877864+00:00
  scheduled_jobs_count: 5
  timestamp: 2025-12-29T19:40:48.891739


2025-12-29 21:41:19 UTC - cron_service - WARNING - [api_endpoints.py:health_check_endpoint:221] -
Backend health check failed
Context:
  error: HTTPConnectionPool(host='backend', port=8000): Read timed out. (read timeout=3)
  timestamp: 2025-12-29T19:41:19.793581


2025-12-29 21:41:22 UTC - cron_service - WARNING - [api_endpoints.py:health_check_endpoint:230] -
Cron status check failed
Context:
  error: HTTPConnectionPool(host='backend', port=8000): Read timed out. (read timeout=3)
  timestamp: 2025-12-29T19:41:22.802497


2025-12-29 21:41:55 UTC - cron_service - WARNING - [api_endpoints.py:health_check_endpoint:221] -
Backend health check failed
Context:
  error: HTTPConnectionPool(host='backend', port=8000): Read timed out. (read timeout=3)
  timestamp: 2025-12-29T19:41:55.881135


2025-12-29 21:41:58 UTC - cron_service - WARNING - [api_endpoints.py:health_check_endpoint:230] -
Cron status check failed
Context:
  error: HTTPConnectionPool(host='backend', port=8000): Read timed out. (read timeout=3)
  timestamp: 2025-12-29T19:41:58.889357


2025-12-29 21:42:31 UTC - cron_service - WARNING - [api_endpoints.py:health_check_endpoint:221] -
Backend health check failed
Context:
  error: HTTPConnectionPool(host='backend', port=8000): Read timed out. (read timeout=3)
  timestamp: 2025-12-29T19:42:31.974540


2025-12-29 21:42:34 UTC - cron_service - WARNING - [api_endpoints.py:health_check_endpoint:230] -
Cron status check failed
Context:
  error: HTTPConnectionPool(host='backend', port=8000): Read timed out. (read timeout=3)
  timestamp: 2025-12-29T19:42:34.983907


2025-12-29 21:42:48 UTC - cron_service - INFO - [scheduler.py:_run_job_with_error_handling:115] -
Arrr! Starting scheduled job: generate-weekly-combinations-optimized
Context:
  job_name: generate-weekly-combinations-optimized
  triggered_at_utc: 2025-12-29T19:42:48.898461+00:00
  timestamp: 2025-12-29T19:42:48.900286


2025-12-29 21:42:48 UTC - cron_service - INFO - [api_endpoints.py:call_backend_endpoint:28] -
Arrr! Attempting to call backend endpoint: http://backend:8000/cron/generate-weekly-combinations-optimized (attempt 1/3)


2025-12-29 21:43:08 UTC - cron_service - WARNING - [api_endpoints.py:health_check_endpoint:221] -
Backend health check failed
Context:
  error: HTTPConnectionPool(host='backend', port=8000): Read timed out. (read timeout=3)
  timestamp: 2025-12-29T19:43:08.149625


2025-12-29 21:43:11 UTC - cron_service - WARNING - [api_endpoints.py:health_check_endpoint:230] -
Cron status check failed
Context:
  error: HTTPConnectionPool(host='backend', port=8000): Read timed out. (read timeout=3)
  timestamp: 2025-12-29T19:43:11.160846


2025-12-29 21:43:18 UTC - cron_service - WARNING - [api_endpoints.py:call_backend_endpoint:38] -
Arrr! Backend health check failed (attempt 1/3), retrying...
Context:
  error: HTTPConnectionPool(host='backend', port=8000): Read timed out. (read timeout=30)
  url: http://backend:8000/health
  retry_in_seconds: 5
  timestamp: 2025-12-29T19:43:18.944711


2025-12-29 21:43:23 UTC - cron_service - INFO - [api_endpoints.py:call_backend_endpoint:28] -
Arrr! Attempting to call backend endpoint: http://backend:8000/cron/generate-weekly-combinations-optimized (attempt 2/3)


2025-12-29 21:43:44 UTC - cron_service - WARNING - [api_endpoints.py:health_check_endpoint:221] -
Backend health check failed
Context:
  error: HTTPConnectionPool(host='backend', port=8000): Read timed out. (read timeout=3)
  timestamp: 2025-12-29T19:43:44.295109


2025-12-29 21:43:47 UTC - cron_service - WARNING - [api_endpoints.py:health_check_endpoint:230] -
Cron status check failed
Context:
  error: HTTPConnectionPool(host='backend', port=8000): Read timed out. (read timeout=3)
  timestamp: 2025-12-29T19:43:47.303325


2025-12-29 21:43:53 UTC - cron_service - WARNING - [api_endpoints.py:call_backend_endpoint:38] -
Arrr! Backend health check failed (attempt 2/3), retrying...
Context:
  error: HTTPConnectionPool(host='backend', port=8000): Read timed out. (read timeout=30)
  url: http://backend:8000/health
  retry_in_seconds: 5
  timestamp: 2025-12-29T19:43:53.982615


2025-12-29 21:43:58 UTC - cron_service - INFO - [api_endpoints.py:call_backend_endpoint:28] -
Arrr! Attempting to call backend endpoint: http://backend:8000/cron/generate-weekly-combinations-optimized (attempt 3/3)


2025-12-29 21:44:20 UTC - cron_service - WARNING - [api_endpoints.py:health_check_endpoint:221] -
Backend health check failed
Context:
  error: HTTPConnectionPool(host='backend', port=8000): Read timed out. (read timeout=3)
  timestamp: 2025-12-29T19:44:20.423613


2025-12-29 21:44:23 UTC - cron_service - WARNING - [api_endpoints.py:health_check_endpoint:230] -
Cron status check failed
Context:
  error: HTTPConnectionPool(host='backend', port=8000): Read timed out. (read timeout=3)
  timestamp: 2025-12-29T19:44:23.430024


2025-12-29 21:44:29 UTC - cron_service - ERROR - [api_endpoints.py:call_backend_endpoint:49] -
Arrr! Backend health check failed after all retries!
Context:
  error: HTTPConnectionPool(host='backend', port=8000): Read timed out. (read timeout=30)
  url: http://backend:8000/health
  total_attempts: 3
  timestamp: 2025-12-29T19:44:29.017861


2025-12-29 21:44:29 UTC - cron_service - ERROR - [api_endpoints.py:call_backend_endpoint:155] -
Arrr! Timeout calling endpoint after all retries!
Context:
  error: HTTPConnectionPool(host='backend', port=8000): Read timed out. (read timeout=30)
  endpoint: /cron/generate-weekly-combinations-optimized
  backend_url: http://backend:8000
  total_attempts: 3
  timestamp: 2025-12-29T19:44:29.019590


2025-12-29 21:44:29 UTC - cron_service - ERROR - [error_handler.py:handle_job_error:28] -
Arrr! Cron job 'generate-weekly-combinations-optimized' failed!
Context:
  job_name: generate-weekly-combinations-optimized
  error: HTTPConnectionPool(host='backend', port=8000): Read timed out. (read timeout=30)
  error_type: ReadTimeout
  traceback: Traceback (most recent call last):
  File "/usr/local/lib/python3.11/site-packages/urllib3/connectionpool.py", line 534, in _make_request
    response = conn.getresponse()
               ^^^^^^^^^^^^^^^^^^
  File "/usr/local/lib/python3.11/site-packages/urllib3/connection.py", line 565, in getresponse
    httplib_response = super().getresponse()
                       ^^^^^^^^^^^^^^^^^^^^^
  File "/usr/local/lib/python3.11/http/client.py", line 1395, in getresponse
    response.begin()
  File "/usr/local/lib/python3.11/http/client.py", line 325, in begin
    version, status, reason = self._read_status()
                              ^^^^^^^^^^^^^^^^^^^
  File "/usr/local/lib/python3.11/http/client.py", line 286, in _read_status
    line = str(self.fp.readline(_MAXLINE + 1), "iso-8859-1")
               ^^^^^^^^^^^^^^^^^^^^^^^^^^^^^^
  File "/usr/local/lib/python3.11/socket.py", line 718, in readinto
    return self._sock.recv_into(b)
           ^^^^^^^^^^^^^^^^^^^^^^^
TimeoutError: timed out

The above exception was the direct cause of the following exception:

Traceback (most recent call last):
  File "/usr/local/lib/python3.11/site-packages/requests/adapters.py", line 486, in send
    resp = conn.urlopen(
           ^^^^^^^^^^^^^
  File "/usr/local/lib/python3.11/site-packages/urllib3/connectionpool.py", line 841, in urlopen
    retries = retries.increment(
              ^^^^^^^^^^^^^^^^^^
  File "/usr/local/lib/python3.11/site-packages/urllib3/util/retry.py", line 474, in increment
    raise reraise(type(error), error, _stacktrace)
          ^^^^^^^^^^^^^^^^^^^^^^^^^^^^^^^^^^^^^^^^
  File "/usr/local/lib/python3.11/site-packages/urllib3/util/util.py", line 39, in reraise
    raise value
  File "/usr/local/lib/python3.11/site-packages/urllib3/connectionpool.py", line 787, in urlopen
    response = self._make_request(
               ^^^^^^^^^^^^^^^^^^^
  File "/usr/local/lib/python3.11/site-packages/urllib3/connectionpool.py", line 536, in _make_request
    self._raise_timeout(err=e, url=url, timeout_value=read_timeout)
  File "/usr/local/lib/python3.11/site-packages/urllib3/connectionpool.py", line 367, in _raise_timeout
    raise ReadTimeoutError(
urllib3.exceptions.ReadTimeoutError: HTTPConnectionPool(host='backend', port=8000): Read timed out. (read timeout=30)

During handling of the above exception, another exception occurred:

Traceback (most recent call last):
  File "/app/cron/scheduler.py", line 121, in _run_job_with_error_handling
    job_function()
  File "/app/cron/scheduler.py", line 29, in <lambda>
    lambda: call_backend_endpoint("/cron/generate-weekly-combinations-optimized", last_successful_job),
            ^^^^^^^^^^^^^^^^^^^^^^^^^^^^^^^^^^^^^^^^^^^^^^^^^^^^^^^^^^^^^^^^^^^^^^^^^^^^^^^^^^^^^^^^^^
  File "/app/cron/api_endpoints.py", line 33, in call_backend_endpoint
    health_check = requests.get(f"{backend_url}/health", timeout=30)
                   ^^^^^^^^^^^^^^^^^^^^^^^^^^^^^^^^^^^^^^^^^^^^^^^^^
  File "/usr/local/lib/python3.11/site-packages/requests/api.py", line 73, in get
    return request("get", url, params=params, **kwargs)
           ^^^^^^^^^^^^^^^^^^^^^^^^^^^^^^^^^^^^^^^^^^^^
  File "/usr/local/lib/python3.11/site-packages/requests/api.py", line 59, in request
    return session.request(method=method, url=url, **kwargs)
           ^^^^^^^^^^^^^^^^^^^^^^^^^^^^^^^^^^^^^^^^^^^^^^^^^
  File "/usr/local/lib/python3.11/site-packages/requests/sessions.py", line 589, in request
    resp = self.send(prep, **send_kwargs)
           ^^^^^^^^^^^^^^^^^^^^^^^^^^^^^^
  File "/usr/local/lib/python3.11/site-packages/requests/sessions.py", line 703, in send
    r = adapter.send(request, **kwargs)
        ^^^^^^^^^^^^^^^^^^^^^^^^^^^^^^^
  File "/usr/local/lib/python3.11/site-packages/requests/adapters.py", line 532, in send
    raise ReadTimeout(e, request=request)
requests.exceptions.ReadTimeout: HTTPConnectionPool(host='backend', port=8000): Read timed out. (read timeout=30)

  context:
    last_successful_job: None
    scheduled_time: 2025-12-29T19:44:29.020010
    job_type: scheduled
    failure_count: 1
  timestamp: 2025-12-29T19:44:29.027494


2025-12-29 21:44:56 UTC - cron_service - WARNING - [api_endpoints.py:health_check_endpoint:221] -
Backend health check failed
Context:
  error: HTTPConnectionPool(host='backend', port=8000): Read timed out. (read timeout=3)
  timestamp: 2025-12-29T19:44:56.529583


2025-12-29 21:44:59 UTC - cron_service - ERROR - [error_handler.py:_send_error_notification:78] -
Arrr! Failed to send error notification!
Context:
  job_name: generate-weekly-combinations-optimized
  notification_error: HTTPConnectionPool(host='email-service', port=8000): Read timed out. (read timeout=30)
  timestamp: 2025-12-29T19:44:59.059978


2025-12-29 21:44:59 UTC - cron_service - ERROR - [error_handler.py:handle_job_error:45] -
Arrr! Failed to send error notification for job 'generate-weekly-combinations-optimized'!
Context:
  original_error: HTTPConnectionPool(host='backend', port=8000): Read timed out. (read timeout=30)
  notification_error: HTTPConnectionPool(host='email-service', port=8000): Read timed out. (read timeout=30)
  timestamp: 2025-12-29T19:44:59.061646


2025-12-29 21:44:59 UTC - cron_service - ERROR - [scheduler.py:run_scheduler:326] -
Arrr! Error in scheduler loop!
Context:
  error: HTTPConnectionPool(host='backend', port=8000): Read timed out. (read timeout=30)
  consecutive_errors: 1
  max_consecutive_errors: 5
  timestamp: 2025-12-29T19:44:59.062824


2025-12-29 21:44:59 UTC - cron_service - WARNING - [api_endpoints.py:health_check_endpoint:230] -
Cron status check failed
Context:
  error: HTTPConnectionPool(host='backend', port=8000): Read timed out. (read timeout=3)
  timestamp: 2025-12-29T19:44:59.537267


2025-12-29 21:45:32 UTC - cron_service - WARNING - [api_endpoints.py:health_check_endpoint:221] -
Backend health check failed
Context:
  error: HTTPConnectionPool(host='backend', port=8000): Read timed out. (read timeout=3)
  timestamp: 2025-12-29T19:45:32.648352


2025-12-29 21:45:35 UTC - cron_service - WARNING - [api_endpoints.py:health_check_endpoint:230] -
Cron status check failed
Context:
  error: HTTPConnectionPool(host='backend', port=8000): Read timed out. (read timeout=3)
  timestamp: 2025-12-29T19:45:35.656694


2025-12-29 21:45:59 UTC - cron_service - INFO - [scheduler.py:_run_job_with_error_handling:115] -
Arrr! Starting scheduled job: generate-weekly-combinations-optimized
Context:
  job_name: generate-weekly-combinations-optimized
  triggered_at_utc: 2025-12-29T19:45:59.063432+00:00
  timestamp: 2025-12-29T19:45:59.064574


2025-12-29 21:45:59 UTC - cron_service - INFO - [api_endpoints.py:call_backend_endpoint:28] -
Arrr! Attempting to call backend endpoint: http://backend:8000/cron/generate-weekly-combinations-optimized (attempt 1/3)


2025-12-29 21:46:08 UTC - cron_service - WARNING - [api_endpoints.py:health_check_endpoint:221] -
Backend health check failed
Context:
  error: HTTPConnectionPool(host='backend', port=8000): Read timed out. (read timeout=3)
  timestamp: 2025-12-29T19:46:08.766637


2025-12-29 21:46:11 UTC - cron_service - WARNING - [api_endpoints.py:health_check_endpoint:230] -
Cron status check failed
Context:
  error: HTTPConnectionPool(host='backend', port=8000): Read timed out. (read timeout=3)
  timestamp: 2025-12-29T19:46:11.773909


2025-12-29 21:46:29 UTC - cron_service - WARNING - [api_endpoints.py:call_backend_endpoint:38] -
Arrr! Backend health check failed (attempt 1/3), retrying...
Context:
  error: HTTPConnectionPool(host='backend', port=8000): Read timed out. (read timeout=30)
  url: http://backend:8000/health
  retry_in_seconds: 5
  timestamp: 2025-12-29T19:46:29.097348


2025-12-29 21:46:34 UTC - cron_service - INFO - [api_endpoints.py:call_backend_endpoint:28] -
Arrr! Attempting to call backend endpoint: http://backend:8000/cron/generate-weekly-combinations-optimized (attempt 2/3)


2025-12-29 21:46:44 UTC - cron_service - WARNING - [api_endpoints.py:health_check_endpoint:221] -
Backend health check failed
Context:
  error: HTTPConnectionPool(host='backend', port=8000): Read timed out. (read timeout=3)
  timestamp: 2025-12-29T19:46:44.875454


2025-12-29 21:46:47 UTC - cron_service - WARNING - [api_endpoints.py:health_check_endpoint:230] -
Cron status check failed
Context:
  error: HTTPConnectionPool(host='backend', port=8000): Read timed out. (read timeout=3)
  timestamp: 2025-12-29T19:46:47.881686


2025-12-29 21:47:04 UTC - cron_service - WARNING - [api_endpoints.py:call_backend_endpoint:38] -
Arrr! Backend health check failed (attempt 2/3), retrying...
Context:
  error: HTTPConnectionPool(host='backend', port=8000): Read timed out. (read timeout=30)
  url: http://backend:8000/health
  retry_in_seconds: 5
  timestamp: 2025-12-29T19:47:04.133035


2025-12-29 21:47:09 UTC - cron_service - INFO - [api_endpoints.py:call_backend_endpoint:28] -
Arrr! Attempting to call backend endpoint: http://backend:8000/cron/generate-weekly-combinations-optimized (attempt 3/3)


2025-12-29 21:47:20 UTC - cron_service - WARNING - [api_endpoints.py:health_check_endpoint:221] -
Backend health check failed
Context:
  error: HTTPConnectionPool(host='backend', port=8000): Read timed out. (read timeout=3)
  timestamp: 2025-12-29T19:47:20.973494


2025-12-29 21:47:23 UTC - cron_service - WARNING - [api_endpoints.py:health_check_endpoint:230] -
Cron status check failed
Context:
  error: HTTPConnectionPool(host='backend', port=8000): Read timed out. (read timeout=3)
  timestamp: 2025-12-29T19:47:23.983193


2025-12-29 21:47:39 UTC - cron_service - ERROR - [api_endpoints.py:call_backend_endpoint:49] -
Arrr! Backend health check failed after all retries!
Context:
  error: HTTPConnectionPool(host='backend', port=8000): Read timed out. (read timeout=30)
  url: http://backend:8000/health
  total_attempts: 3
  timestamp: 2025-12-29T19:47:39.169209


2025-12-29 21:47:39 UTC - cron_service - ERROR - [api_endpoints.py:call_backend_endpoint:155] -
Arrr! Timeout calling endpoint after all retries!
Context:
  error: HTTPConnectionPool(host='backend', port=8000): Read timed out. (read timeout=30)
  endpoint: /cron/generate-weekly-combinations-optimized
  backend_url: http://backend:8000
  total_attempts: 3
  timestamp: 2025-12-29T19:47:39.171789


2025-12-29 21:47:39 UTC - cron_service - ERROR - [error_handler.py:handle_job_error:28] -
Arrr! Cron job 'generate-weekly-combinations-optimized' failed!
Context:
  job_name: generate-weekly-combinations-optimized
  error: HTTPConnectionPool(host='backend', port=8000): Read timed out. (read timeout=30)
  error_type: ReadTimeout
  traceback: Traceback (most recent call last):
  File "/usr/local/lib/python3.11/site-packages/urllib3/connectionpool.py", line 534, in _make_request
    response = conn.getresponse()
               ^^^^^^^^^^^^^^^^^^
  File "/usr/local/lib/python3.11/site-packages/urllib3/connection.py", line 565, in getresponse
    httplib_response = super().getresponse()
                       ^^^^^^^^^^^^^^^^^^^^^
  File "/usr/local/lib/python3.11/http/client.py", line 1395, in getresponse
    response.begin()
  File "/usr/local/lib/python3.11/http/client.py", line 325, in begin
    version, status, reason = self._read_status()
                              ^^^^^^^^^^^^^^^^^^^
  File "/usr/local/lib/python3.11/http/client.py", line 286, in _read_status
    line = str(self.fp.readline(_MAXLINE + 1), "iso-8859-1")
               ^^^^^^^^^^^^^^^^^^^^^^^^^^^^^^
  File "/usr/local/lib/python3.11/socket.py", line 718, in readinto
    return self._sock.recv_into(b)
           ^^^^^^^^^^^^^^^^^^^^^^^
TimeoutError: timed out

The above exception was the direct cause of the following exception:

Traceback (most recent call last):
  File "/usr/local/lib/python3.11/site-packages/requests/adapters.py", line 486, in send
    resp = conn.urlopen(
           ^^^^^^^^^^^^^
  File "/usr/local/lib/python3.11/site-packages/urllib3/connectionpool.py", line 841, in urlopen
    retries = retries.increment(
              ^^^^^^^^^^^^^^^^^^
  File "/usr/local/lib/python3.11/site-packages/urllib3/util/retry.py", line 474, in increment
    raise reraise(type(error), error, _stacktrace)
          ^^^^^^^^^^^^^^^^^^^^^^^^^^^^^^^^^^^^^^^^
  File "/usr/local/lib/python3.11/site-packages/urllib3/util/util.py", line 39, in reraise
    raise value
  File "/usr/local/lib/python3.11/site-packages/urllib3/connectionpool.py", line 787, in urlopen
    response = self._make_request(
               ^^^^^^^^^^^^^^^^^^^
  File "/usr/local/lib/python3.11/site-packages/urllib3/connectionpool.py", line 536, in _make_request
    self._raise_timeout(err=e, url=url, timeout_value=read_timeout)
  File "/usr/local/lib/python3.11/site-packages/urllib3/connectionpool.py", line 367, in _raise_timeout
    raise ReadTimeoutError(
urllib3.exceptions.ReadTimeoutError: HTTPConnectionPool(host='backend', port=8000): Read timed out. (read timeout=30)

During handling of the above exception, another exception occurred:

Traceback (most recent call last):
  File "/app/cron/scheduler.py", line 121, in _run_job_with_error_handling
    job_function()
  File "/app/cron/scheduler.py", line 29, in <lambda>
    lambda: call_backend_endpoint("/cron/generate-weekly-combinations-optimized", last_successful_job),
            ^^^^^^^^^^^^^^^^^^^^^^^^^^^^^^^^^^^^^^^^^^^^^^^^^^^^^^^^^^^^^^^^^^^^^^^^^^^^^^^^^^^^^^^^^^
  File "/app/cron/api_endpoints.py", line 33, in call_backend_endpoint
    health_check = requests.get(f"{backend_url}/health", timeout=30)
                   ^^^^^^^^^^^^^^^^^^^^^^^^^^^^^^^^^^^^^^^^^^^^^^^^^
  File "/usr/local/lib/python3.11/site-packages/requests/api.py", line 73, in get
    return request("get", url, params=params, **kwargs)
           ^^^^^^^^^^^^^^^^^^^^^^^^^^^^^^^^^^^^^^^^^^^^
  File "/usr/local/lib/python3.11/site-packages/requests/api.py", line 59, in request
    return session.request(method=method, url=url, **kwargs)
           ^^^^^^^^^^^^^^^^^^^^^^^^^^^^^^^^^^^^^^^^^^^^^^^^^
  File "/usr/local/lib/python3.11/site-packages/requests/sessions.py", line 589, in request
    resp = self.send(prep, **send_kwargs)
           ^^^^^^^^^^^^^^^^^^^^^^^^^^^^^^
  File "/usr/local/lib/python3.11/site-packages/requests/sessions.py", line 703, in send
    r = adapter.send(request, **kwargs)
        ^^^^^^^^^^^^^^^^^^^^^^^^^^^^^^^
  File "/usr/local/lib/python3.11/site-packages/requests/adapters.py", line 532, in send
    raise ReadTimeout(e, request=request)
requests.exceptions.ReadTimeout: HTTPConnectionPool(host='backend', port=8000): Read timed out. (read timeout=30)

  context:
    last_successful_job: None
    scheduled_time: 2025-12-29T19:47:39.172685
    job_type: scheduled
    failure_count: 2
  timestamp: 2025-12-29T19:47:39.179318


2025-12-29 21:47:57 UTC - cron_service - WARNING - [api_endpoints.py:health_check_endpoint:221] -
Backend health check failed
Context:
  error: HTTPConnectionPool(host='backend', port=8000): Read timed out. (read timeout=3)
  timestamp: 2025-12-29T19:47:57.115330


2025-12-29 21:48:00 UTC - cron_service - WARNING - [api_endpoints.py:health_check_endpoint:230] -
Cron status check failed
Context:
  error: HTTPConnectionPool(host='backend', port=8000): Read timed out. (read timeout=3)
  timestamp: 2025-12-29T19:48:00.123861


2025-12-29 21:48:09 UTC - cron_service - ERROR - [error_handler.py:_send_error_notification:78] -
Arrr! Failed to send error notification!
Context:
  job_name: generate-weekly-combinations-optimized
  notification_error: HTTPConnectionPool(host='email-service', port=8000): Read timed out. (read timeout=30)
  timestamp: 2025-12-29T19:48:09.218537


2025-12-29 21:48:09 UTC - cron_service - ERROR - [error_handler.py:handle_job_error:45] -
Arrr! Failed to send error notification for job 'generate-weekly-combinations-optimized'!
Context:
  original_error: HTTPConnectionPool(host='backend', port=8000): Read timed out. (read timeout=30)
  notification_error: HTTPConnectionPool(host='email-service', port=8000): Read timed out. (read timeout=30)
  timestamp: 2025-12-29T19:48:09.221111


2025-12-29 21:48:09 UTC - cron_service - ERROR - [scheduler.py:run_scheduler:326] -
Arrr! Error in scheduler loop!
Context:
  error: HTTPConnectionPool(host='backend', port=8000): Read timed out. (read timeout=30)
  consecutive_errors: 2
  max_consecutive_errors: 5
  timestamp: 2025-12-29T19:48:09.222177


2025-12-29 21:48:33 UTC - cron_service - WARNING - [api_endpoints.py:health_check_endpoint:221] -
Backend health check failed
Context:
  error: HTTPConnectionPool(host='backend', port=8000): Read timed out. (read timeout=3)
  timestamp: 2025-12-29T19:48:33.227519


2025-12-29 21:48:36 UTC - cron_service - WARNING - [api_endpoints.py:health_check_endpoint:230] -
Cron status check failed
Context:
  error: HTTPConnectionPool(host='backend', port=8000): Read timed out. (read timeout=3)
  timestamp: 2025-12-29T19:48:36.235235


2025-12-29 21:49:09 UTC - cron_service - INFO - [scheduler.py:_run_job_with_error_handling:115] -
Arrr! Starting scheduled job: generate-weekly-combinations-optimized
Context:
  job_name: generate-weekly-combinations-optimized
  triggered_at_utc: 2025-12-29T19:49:09.223237+00:00
  timestamp: 2025-12-29T19:49:09.224155


2025-12-29 21:49:09 UTC - cron_service - INFO - [api_endpoints.py:call_backend_endpoint:28] -
Arrr! Attempting to call backend endpoint: http://backend:8000/cron/generate-weekly-combinations-optimized (attempt 1/3)


2025-12-29 21:49:09 UTC - cron_service - WARNING - [api_endpoints.py:health_check_endpoint:221] -
Backend health check failed
Context:
  error: HTTPConnectionPool(host='backend', port=8000): Read timed out. (read timeout=3)
  timestamp: 2025-12-29T19:49:09.338423


2025-12-29 21:49:12 UTC - cron_service - WARNING - [api_endpoints.py:health_check_endpoint:230] -
Cron status check failed
Context:
  error: HTTPConnectionPool(host='backend', port=8000): Read timed out. (read timeout=3)
  timestamp: 2025-12-29T19:49:12.346533


2025-12-29 21:49:39 UTC - cron_service - WARNING - [api_endpoints.py:call_backend_endpoint:38] -
Arrr! Backend health check failed (attempt 1/3), retrying...
Context:
  error: HTTPConnectionPool(host='backend', port=8000): Read timed out. (read timeout=30)
  url: http://backend:8000/health
  retry_in_seconds: 5
  timestamp: 2025-12-29T19:49:39.258030


2025-12-29 21:49:44 UTC - cron_service - INFO - [api_endpoints.py:call_backend_endpoint:28] -
Arrr! Attempting to call backend endpoint: http://backend:8000/cron/generate-weekly-combinations-optimized (attempt 2/3)


2025-12-29 21:49:45 UTC - cron_service - WARNING - [api_endpoints.py:health_check_endpoint:221] -
Backend health check failed
Context:
  error: HTTPConnectionPool(host='backend', port=8000): Read timed out. (read timeout=3)
  timestamp: 2025-12-29T19:49:45.466367


2025-12-29 21:49:48 UTC - cron_service - WARNING - [api_endpoints.py:health_check_endpoint:230] -
Cron status check failed
Context:
  error: HTTPConnectionPool(host='backend', port=8000): Read timed out. (read timeout=3)
  timestamp: 2025-12-29T19:49:48.473183


2025-12-29 21:50:14 UTC - cron_service - WARNING - [api_endpoints.py:call_backend_endpoint:38] -
Arrr! Backend health check failed (attempt 2/3), retrying...
Context:
  error: HTTPConnectionPool(host='backend', port=8000): Read timed out. (read timeout=30)
  url: http://backend:8000/health
  retry_in_seconds: 5
  timestamp: 2025-12-29T19:50:14.291946


2025-12-29 21:50:19 UTC - cron_service - INFO - [api_endpoints.py:call_backend_endpoint:28] -
Arrr! Attempting to call backend endpoint: http://backend:8000/cron/generate-weekly-combinations-optimized (attempt 3/3)


2025-12-29 21:50:21 UTC - cron_service - WARNING - [api_endpoints.py:health_check_endpoint:221] -
Backend health check failed
Context:
  error: HTTPConnectionPool(host='backend', port=8000): Read timed out. (read timeout=3)
  timestamp: 2025-12-29T19:50:21.561045


2025-12-29 21:50:24 UTC - cron_service - WARNING - [api_endpoints.py:health_check_endpoint:230] -
Cron status check failed
Context:
  error: HTTPConnectionPool(host='backend', port=8000): Read timed out. (read timeout=3)
  timestamp: 2025-12-29T19:50:24.568837


2025-12-29 21:50:49 UTC - cron_service - ERROR - [api_endpoints.py:call_backend_endpoint:49] -
Arrr! Backend health check failed after all retries!
Context:
  error: HTTPConnectionPool(host='backend', port=8000): Read timed out. (read timeout=30)
  url: http://backend:8000/health
  total_attempts: 3
  timestamp: 2025-12-29T19:50:49.327910


2025-12-29 21:50:49 UTC - cron_service - ERROR - [api_endpoints.py:call_backend_endpoint:155] -
Arrr! Timeout calling endpoint after all retries!
Context:
  error: HTTPConnectionPool(host='backend', port=8000): Read timed out. (read timeout=30)
  endpoint: /cron/generate-weekly-combinations-optimized
  backend_url: http://backend:8000
  total_attempts: 3
  timestamp: 2025-12-29T19:50:49.329646


2025-12-29 21:50:49 UTC - cron_service - WARNING - [scheduler.py:_run_job_with_error_handling:154] -
Arrr! Job 'generate-weekly-combinations-optimized' failed again (suppressing notification due to cooldown)
Context:
  job_name: generate-weekly-combinations-optimized
  error: HTTPConnectionPool(host='backend', port=8000): Read timed out. (read timeout=30)
  failure_count: 2
  cooldown_until: 2025-12-29T20:48:09.221634+00:00
  timestamp: 2025-12-29T19:50:49.333489


2025-12-29 21:50:49 UTC - cron_service - ERROR - [scheduler.py:run_scheduler:326] -
Arrr! Error in scheduler loop!
Context:
  error: HTTPConnectionPool(host='backend', port=8000): Read timed out. (read timeout=30)
  consecutive_errors: 3
  max_consecutive_errors: 5
  timestamp: 2025-12-29T19:50:49.334653


2025-12-29 21:50:57 UTC - cron_service - WARNING - [api_endpoints.py:health_check_endpoint:221] -
Backend health check failed
Context:
  error: HTTPConnectionPool(host='backend', port=8000): Read timed out. (read timeout=3)
  timestamp: 2025-12-29T19:50:57.655466


2025-12-29 21:51:00 UTC - cron_service - WARNING - [api_endpoints.py:health_check_endpoint:230] -
Cron status check failed
Context:
  error: HTTPConnectionPool(host='backend', port=8000): Read timed out. (read timeout=3)
  timestamp: 2025-12-29T19:51:00.664021


2025-12-29 21:51:33 UTC - cron_service - WARNING - [api_endpoints.py:health_check_endpoint:221] -
Backend health check failed
Context:
  error: HTTPConnectionPool(host='backend', port=8000): Read timed out. (read timeout=3)
  timestamp: 2025-12-29T19:51:33.765350


2025-12-29 21:51:36 UTC - cron_service - WARNING - [api_endpoints.py:health_check_endpoint:230] -
Cron status check failed
Context:
  error: HTTPConnectionPool(host='backend', port=8000): Read timed out. (read timeout=3)
  timestamp: 2025-12-29T19:51:36.774557


2025-12-29 21:51:49 UTC - cron_service - INFO - [scheduler.py:_run_job_with_error_handling:115] -
Arrr! Starting scheduled job: generate-weekly-combinations-optimized
Context:
  job_name: generate-weekly-combinations-optimized
  triggered_at_utc: 2025-12-29T19:51:49.335341+00:00
  timestamp: 2025-12-29T19:51:49.336099


2025-12-29 21:51:49 UTC - cron_service - INFO - [api_endpoints.py:call_backend_endpoint:28] -
Arrr! Attempting to call backend endpoint: http://backend:8000/cron/generate-weekly-combinations-optimized (attempt 1/3)


2025-12-29 21:52:09 UTC - cron_service - WARNING - [api_endpoints.py:health_check_endpoint:221] -
Backend health check failed
Context:
  error: HTTPConnectionPool(host='backend', port=8000): Read timed out. (read timeout=3)
  timestamp: 2025-12-29T19:52:09.855970


2025-12-29 21:52:12 UTC - cron_service - WARNING - [api_endpoints.py:health_check_endpoint:230] -
Cron status check failed
Context:
  error: HTTPConnectionPool(host='backend', port=8000): Read timed out. (read timeout=3)
  timestamp: 2025-12-29T19:52:12.861085


2025-12-29 21:52:19 UTC - cron_service - WARNING - [api_endpoints.py:call_backend_endpoint:38] -
Arrr! Backend health check failed (attempt 1/3), retrying...
Context:
  error: HTTPConnectionPool(host='backend', port=8000): Read timed out. (read timeout=30)
  url: http://backend:8000/health
  retry_in_seconds: 5
  timestamp: 2025-12-29T19:52:19.368258


2025-12-29 21:52:24 UTC - cron_service - INFO - [api_endpoints.py:call_backend_endpoint:28] -
Arrr! Attempting to call backend endpoint: http://backend:8000/cron/generate-weekly-combinations-optimized (attempt 2/3)


2025-12-29 21:52:45 UTC - cron_service - WARNING - [api_endpoints.py:health_check_endpoint:221] -
Backend health check failed
Context:
  error: HTTPConnectionPool(host='backend', port=8000): Read timed out. (read timeout=3)
  timestamp: 2025-12-29T19:52:45.961923


2025-12-29 21:52:48 UTC - cron_service - WARNING - [api_endpoints.py:health_check_endpoint:230] -
Cron status check failed
Context:
  error: HTTPConnectionPool(host='backend', port=8000): Read timed out. (read timeout=3)
  timestamp: 2025-12-29T19:52:48.969506


2025-12-29 21:52:54 UTC - cron_service - WARNING - [api_endpoints.py:call_backend_endpoint:38] -
Arrr! Backend health check failed (attempt 2/3), retrying...
Context:
  error: HTTPConnectionPool(host='backend', port=8000): Read timed out. (read timeout=30)
  url: http://backend:8000/health
  retry_in_seconds: 5
  timestamp: 2025-12-29T19:52:54.401826


2025-12-29 21:52:59 UTC - cron_service - INFO - [api_endpoints.py:call_backend_endpoint:28] -
Arrr! Attempting to call backend endpoint: http://backend:8000/cron/generate-weekly-combinations-optimized (attempt 3/3)


2025-12-29 21:53:22 UTC - cron_service - WARNING - [api_endpoints.py:health_check_endpoint:221] -
Backend health check failed
Context:
  error: HTTPConnectionPool(host='backend', port=8000): Read timed out. (read timeout=3)
  timestamp: 2025-12-29T19:53:22.066958


2025-12-29 21:53:25 UTC - cron_service - WARNING - [api_endpoints.py:health_check_endpoint:230] -
Cron status check failed
Context:
  error: HTTPConnectionPool(host='backend', port=8000): Read timed out. (read timeout=3)
  timestamp: 2025-12-29T19:53:25.073755


2025-12-29 21:53:29 UTC - cron_service - ERROR - [api_endpoints.py:call_backend_endpoint:49] -
Arrr! Backend health check failed after all retries!
Context:
  error: HTTPConnectionPool(host='backend', port=8000): Read timed out. (read timeout=30)
  url: http://backend:8000/health
  total_attempts: 3
  timestamp: 2025-12-29T19:53:29.436560


2025-12-29 21:53:29 UTC - cron_service - ERROR - [api_endpoints.py:call_backend_endpoint:155] -
Arrr! Timeout calling endpoint after all retries!
Context:
  error: HTTPConnectionPool(host='backend', port=8000): Read timed out. (read timeout=30)
  endpoint: /cron/generate-weekly-combinations-optimized
  backend_url: http://backend:8000
  total_attempts: 3
  timestamp: 2025-12-29T19:53:29.438846


2025-12-29 21:53:29 UTC - cron_service - WARNING - [scheduler.py:_run_job_with_error_handling:154] -
Arrr! Job 'generate-weekly-combinations-optimized' failed again (suppressing notification due to cooldown)
Context:
  job_name: generate-weekly-combinations-optimized
  error: HTTPConnectionPool(host='backend', port=8000): Read timed out. (read timeout=30)
  failure_count: 2
  cooldown_until: 2025-12-29T20:48:09.221634+00:00
  timestamp: 2025-12-29T19:53:29.440509


2025-12-29 21:53:29 UTC - cron_service - ERROR - [scheduler.py:run_scheduler:326] -
Arrr! Error in scheduler loop!
Context:
  error: HTTPConnectionPool(host='backend', port=8000): Read timed out. (read timeout=30)
  consecutive_errors: 4
  max_consecutive_errors: 5
  timestamp: 2025-12-29T19:53:29.441787


2025-12-29 21:53:58 UTC - cron_service - WARNING - [api_endpoints.py:health_check_endpoint:221] -
Backend health check failed
Context:
  error: HTTPConnectionPool(host='backend', port=8000): Read timed out. (read timeout=3)
  timestamp: 2025-12-29T19:53:58.173479


2025-12-29 21:54:01 UTC - cron_service - WARNING - [api_endpoints.py:health_check_endpoint:230] -
Cron status check failed
Context:
  error: HTTPConnectionPool(host='backend', port=8000): Read timed out. (read timeout=3)
  timestamp: 2025-12-29T19:54:01.182647


2025-12-29 21:54:29 UTC - cron_service - INFO - [scheduler.py:_run_job_with_error_handling:115] -
Arrr! Starting scheduled job: generate-weekly-combinations-optimized
Context:
  job_name: generate-weekly-combinations-optimized
  triggered_at_utc: 2025-12-29T19:54:29.442331+00:00
  timestamp: 2025-12-29T19:54:29.443160


2025-12-29 21:54:29 UTC - cron_service - INFO - [api_endpoints.py:call_backend_endpoint:28] -
Arrr! Attempting to call backend endpoint: http://backend:8000/cron/generate-weekly-combinations-optimized (attempt 1/3)


2025-12-29 21:54:34 UTC - cron_service - WARNING - [api_endpoints.py:health_check_endpoint:221] -
Backend health check failed
Context:
  error: HTTPConnectionPool(host='backend', port=8000): Read timed out. (read timeout=3)
  timestamp: 2025-12-29T19:54:34.296249


2025-12-29 21:54:37 UTC - cron_service - WARNING - [api_endpoints.py:health_check_endpoint:230] -
Cron status check failed
Context:
  error: HTTPConnectionPool(host='backend', port=8000): Read timed out. (read timeout=3)
  timestamp: 2025-12-29T19:54:37.305289


2025-12-29 21:54:59 UTC - cron_service - WARNING - [api_endpoints.py:call_backend_endpoint:38] -
Arrr! Backend health check failed (attempt 1/3), retrying...
Context:
  error: HTTPConnectionPool(host='backend', port=8000): Read timed out. (read timeout=30)
  url: http://backend:8000/health
  retry_in_seconds: 5
  timestamp: 2025-12-29T19:54:59.475917


2025-12-29 21:55:04 UTC - cron_service - INFO - [api_endpoints.py:call_backend_endpoint:28] -
Arrr! Attempting to call backend endpoint: http://backend:8000/cron/generate-weekly-combinations-optimized (attempt 2/3)


2025-12-29 21:55:10 UTC - cron_service - WARNING - [api_endpoints.py:health_check_endpoint:221] -
Backend health check failed
Context:
  error: HTTPConnectionPool(host='backend', port=8000): Read timed out. (read timeout=3)
  timestamp: 2025-12-29T19:55:10.403254


2025-12-29 21:55:13 UTC - cron_service - WARNING - [api_endpoints.py:health_check_endpoint:230] -
Cron status check failed
Context:
  error: HTTPConnectionPool(host='backend', port=8000): Read timed out. (read timeout=3)
  timestamp: 2025-12-29T19:55:13.409439


2025-12-29 21:55:34 UTC - cron_service - WARNING - [api_endpoints.py:call_backend_endpoint:38] -
Arrr! Backend health check failed (attempt 2/3), retrying...
Context:
  error: HTTPConnectionPool(host='backend', port=8000): Read timed out. (read timeout=30)
  url: http://backend:8000/health
  retry_in_seconds: 5
  timestamp: 2025-12-29T19:55:34.508171


2025-12-29 21:55:39 UTC - cron_service - INFO - [api_endpoints.py:call_backend_endpoint:28] -
Arrr! Attempting to call backend endpoint: http://backend:8000/cron/generate-weekly-combinations-optimized (attempt 3/3)


2025-12-29 21:55:46 UTC - cron_service - WARNING - [api_endpoints.py:health_check_endpoint:221] -
Backend health check failed
Context:
  error: HTTPConnectionPool(host='backend', port=8000): Read timed out. (read timeout=3)
  timestamp: 2025-12-29T19:55:46.491607


2025-12-29 21:55:49 UTC - cron_service - WARNING - [api_endpoints.py:health_check_endpoint:230] -
Cron status check failed
Context:
  error: HTTPConnectionPool(host='backend', port=8000): Read timed out. (read timeout=3)
  timestamp: 2025-12-29T19:55:49.499961


2025-12-29 21:56:09 UTC - cron_service - ERROR - [api_endpoints.py:call_backend_endpoint:49] -
Arrr! Backend health check failed after all retries!
Context:
  error: HTTPConnectionPool(host='backend', port=8000): Read timed out. (read timeout=30)
  url: http://backend:8000/health
  total_attempts: 3
  timestamp: 2025-12-29T19:56:09.540508


2025-12-29 21:56:09 UTC - cron_service - ERROR - [api_endpoints.py:call_backend_endpoint:155] -
Arrr! Timeout calling endpoint after all retries!
Context:
  error: HTTPConnectionPool(host='backend', port=8000): Read timed out. (read timeout=30)
  endpoint: /cron/generate-weekly-combinations-optimized
  backend_url: http://backend:8000
  total_attempts: 3
  timestamp: 2025-12-29T19:56:09.542825


2025-12-29 21:56:09 UTC - cron_service - WARNING - [scheduler.py:_run_job_with_error_handling:154] -
Arrr! Job 'generate-weekly-combinations-optimized' failed again (suppressing notification due to cooldown)
Context:
  job_name: generate-weekly-combinations-optimized
  error: HTTPConnectionPool(host='backend', port=8000): Read timed out. (read timeout=30)
  failure_count: 2
  cooldown_until: 2025-12-29T20:48:09.221634+00:00
  timestamp: 2025-12-29T19:56:09.544539


2025-12-29 21:56:09 UTC - cron_service - ERROR - [scheduler.py:run_scheduler:326] -
Arrr! Error in scheduler loop!
Context:
  error: HTTPConnectionPool(host='backend', port=8000): Read timed out. (read timeout=30)
  consecutive_errors: 5
  max_consecutive_errors: 5
  timestamp: 2025-12-29T19:56:09.545611


2025-12-29 21:56:22 UTC - cron_service - WARNING - [api_endpoints.py:health_check_endpoint:221] -
Backend health check failed
Context:
  error: HTTPConnectionPool(host='backend', port=8000): Read timed out. (read timeout=3)
  timestamp: 2025-12-29T19:56:22.580972


2025-12-29 21:56:25 UTC - cron_service - WARNING - [api_endpoints.py:health_check_endpoint:230] -
Cron status check failed
Context:
  error: HTTPConnectionPool(host='backend', port=8000): Read timed out. (read timeout=3)
  timestamp: 2025-12-29T19:56:25.589109


2025-12-29 21:56:58 UTC - cron_service - WARNING - [api_endpoints.py:health_check_endpoint:221] -
Backend health check failed
Context:
  error: HTTPConnectionPool(host='backend', port=8000): Read timed out. (read timeout=3)
  timestamp: 2025-12-29T19:56:58.682044


2025-12-29 21:57:01 UTC - cron_service - WARNING - [api_endpoints.py:health_check_endpoint:230] -
Cron status check failed
Context:
  error: HTTPConnectionPool(host='backend', port=8000): Read timed out. (read timeout=3)
  timestamp: 2025-12-29T19:57:01.689766


2025-12-29 21:57:09 UTC - cron_service - INFO - [scheduler.py:_run_job_with_error_handling:115] -
Arrr! Starting scheduled job: generate-weekly-combinations-optimized
Context:
  job_name: generate-weekly-combinations-optimized
  triggered_at_utc: 2025-12-29T19:57:09.546313+00:00
  timestamp: 2025-12-29T19:57:09.547385


2025-12-29 21:57:09 UTC - cron_service - INFO - [api_endpoints.py:call_backend_endpoint:28] -
Arrr! Attempting to call backend endpoint: http://backend:8000/cron/generate-weekly-combinations-optimized (attempt 1/3)


2025-12-29 21:57:34 UTC - cron_service - WARNING - [api_endpoints.py:health_check_endpoint:221] -
Backend health check failed
Context:
  error: HTTPConnectionPool(host='backend', port=8000): Read timed out. (read timeout=3)
  timestamp: 2025-12-29T19:57:34.784891


2025-12-29 21:57:37 UTC - cron_service - WARNING - [api_endpoints.py:health_check_endpoint:230] -
Cron status check failed
Context:
  error: HTTPConnectionPool(host='backend', port=8000): Read timed out. (read timeout=3)
  timestamp: 2025-12-29T19:57:37.793230


2025-12-29 21:57:39 UTC - cron_service - WARNING - [api_endpoints.py:call_backend_endpoint:38] -
Arrr! Backend health check failed (attempt 1/3), retrying...
Context:
  error: HTTPConnectionPool(host='backend', port=8000): Read timed out. (read timeout=30)
  url: http://backend:8000/health
  retry_in_seconds: 5
  timestamp: 2025-12-29T19:57:39.577711


2025-12-29 21:57:44 UTC - cron_service - INFO - [api_endpoints.py:call_backend_endpoint:28] -
Arrr! Attempting to call backend endpoint: http://backend:8000/cron/generate-weekly-combinations-optimized (attempt 2/3)


2025-12-29 21:58:11 UTC - cron_service - WARNING - [api_endpoints.py:health_check_endpoint:221] -
Backend health check failed
Context:
  error: HTTPConnectionPool(host='backend', port=8000): Read timed out. (read timeout=3)
  timestamp: 2025-12-29T19:58:11.137155


2025-12-29 21:58:14 UTC - cron_service - WARNING - [api_endpoints.py:health_check_endpoint:230] -
Cron status check failed
Context:
  error: HTTPConnectionPool(host='backend', port=8000): Read timed out. (read timeout=3)
  timestamp: 2025-12-29T19:58:14.145843


2025-12-29 21:58:14 UTC - cron_service - WARNING - [api_endpoints.py:call_backend_endpoint:38] -
Arrr! Backend health check failed (attempt 2/3), retrying...
Context:
  error: HTTPConnectionPool(host='backend', port=8000): Read timed out. (read timeout=30)
  url: http://backend:8000/health
  retry_in_seconds: 5
  timestamp: 2025-12-29T19:58:14.611285


2025-12-29 21:58:19 UTC - cron_service - INFO - [api_endpoints.py:call_backend_endpoint:28] -
Arrr! Attempting to call backend endpoint: http://backend:8000/cron/generate-weekly-combinations-optimized (attempt 3/3)


2025-12-29 21:58:47 UTC - cron_service - WARNING - [api_endpoints.py:health_check_endpoint:221] -
Backend health check failed
Context:
  error: HTTPConnectionPool(host='backend', port=8000): Read timed out. (read timeout=3)
  timestamp: 2025-12-29T19:58:47.237158


2025-12-29 21:58:49 UTC - cron_service - ERROR - [api_endpoints.py:call_backend_endpoint:49] -
Arrr! Backend health check failed after all retries!
Context:
  error: HTTPConnectionPool(host='backend', port=8000): Read timed out. (read timeout=30)
  url: http://backend:8000/health
  total_attempts: 3
  timestamp: 2025-12-29T19:58:49.644392


2025-12-29 21:58:49 UTC - cron_service - ERROR - [api_endpoints.py:call_backend_endpoint:155] -
Arrr! Timeout calling endpoint after all retries!
Context:
  error: HTTPConnectionPool(host='backend', port=8000): Read timed out. (read timeout=30)
  endpoint: /cron/generate-weekly-combinations-optimized
  backend_url: http://backend:8000
  total_attempts: 3
  timestamp: 2025-12-29T19:58:49.646433


2025-12-29 21:58:49 UTC - cron_service - WARNING - [scheduler.py:_run_job_with_error_handling:154] -
Arrr! Job 'generate-weekly-combinations-optimized' failed again (suppressing notification due to cooldown)
Context:
  job_name: generate-weekly-combinations-optimized
  error: HTTPConnectionPool(host='backend', port=8000): Read timed out. (read timeout=30)
  failure_count: 2
  cooldown_until: 2025-12-29T20:48:09.221634+00:00
  timestamp: 2025-12-29T19:58:49.647844


2025-12-29 21:58:49 UTC - cron_service - ERROR - [scheduler.py:run_scheduler:336] -
Arrr! Too many consecutive errors in scheduler loop! Stopping scheduler to prevent spam!
Context:
  error: HTTPConnectionPool(host='backend', port=8000): Read timed out. (read timeout=30)
  consecutive_errors: 6
  max_consecutive_errors: 5
  severity: critical
  timestamp: 2025-12-29T19:58:49.649097


2025-12-29 21:58:49 UTC - cron_service - ERROR - [error_handler.py:handle_job_error:28] -
Arrr! Cron job 'scheduler-loop' failed!
Context:
  job_name: scheduler-loop
  error: HTTPConnectionPool(host='backend', port=8000): Read timed out. (read timeout=30)
  error_type: ReadTimeout
  traceback: Traceback (most recent call last):
  File "/usr/local/lib/python3.11/site-packages/urllib3/connectionpool.py", line 534, in _make_request
    response = conn.getresponse()
               ^^^^^^^^^^^^^^^^^^
  File "/usr/local/lib/python3.11/site-packages/urllib3/connection.py", line 565, in getresponse
    httplib_response = super().getresponse()
                       ^^^^^^^^^^^^^^^^^^^^^
  File "/usr/local/lib/python3.11/http/client.py", line 1395, in getresponse
    response.begin()
  File "/usr/local/lib/python3.11/http/client.py", line 325, in begin
    version, status, reason = self._read_status()
                              ^^^^^^^^^^^^^^^^^^^
  File "/usr/local/lib/python3.11/http/client.py", line 286, in _read_status
    line = str(self.fp.readline(_MAXLINE + 1), "iso-8859-1")
               ^^^^^^^^^^^^^^^^^^^^^^^^^^^^^^
  File "/usr/local/lib/python3.11/socket.py", line 718, in readinto
    return self._sock.recv_into(b)
           ^^^^^^^^^^^^^^^^^^^^^^^
TimeoutError: timed out

The above exception was the direct cause of the following exception:

Traceback (most recent call last):
  File "/usr/local/lib/python3.11/site-packages/requests/adapters.py", line 486, in send
    resp = conn.urlopen(
           ^^^^^^^^^^^^^
  File "/usr/local/lib/python3.11/site-packages/urllib3/connectionpool.py", line 841, in urlopen
    retries = retries.increment(
              ^^^^^^^^^^^^^^^^^^
  File "/usr/local/lib/python3.11/site-packages/urllib3/util/retry.py", line 474, in increment
    raise reraise(type(error), error, _stacktrace)
          ^^^^^^^^^^^^^^^^^^^^^^^^^^^^^^^^^^^^^^^^
  File "/usr/local/lib/python3.11/site-packages/urllib3/util/util.py", line 39, in reraise
    raise value
  File "/usr/local/lib/python3.11/site-packages/urllib3/connectionpool.py", line 787, in urlopen
    response = self._make_request(
               ^^^^^^^^^^^^^^^^^^^
  File "/usr/local/lib/python3.11/site-packages/urllib3/connectionpool.py", line 536, in _make_request
    self._raise_timeout(err=e, url=url, timeout_value=read_timeout)
  File "/usr/local/lib/python3.11/site-packages/urllib3/connectionpool.py", line 367, in _raise_timeout
    raise ReadTimeoutError(
urllib3.exceptions.ReadTimeoutError: HTTPConnectionPool(host='backend', port=8000): Read timed out. (read timeout=30)

During handling of the above exception, another exception occurred:

Traceback (most recent call last):
  File "/app/cron/scheduler.py", line 291, in run_scheduler
    schedule.run_pending()
  File "/usr/local/lib/python3.11/site-packages/schedule/__init__.py", line 822, in run_pending
    default_scheduler.run_pending()
  File "/usr/local/lib/python3.11/site-packages/schedule/__init__.py", line 100, in run_pending
    self._run_job(job)
  File "/usr/local/lib/python3.11/site-packages/schedule/__init__.py", line 172, in _run_job
    ret = job.run()
          ^^^^^^^^^
  File "/usr/local/lib/python3.11/site-packages/schedule/__init__.py", line 693, in run
    ret = self.job_func()
          ^^^^^^^^^^^^^^^
  File "/app/cron/scheduler.py", line 28, in <lambda>
    lambda: _run_job_with_error_handling("generate-weekly-combinations-optimized",
           ^^^^^^^^^^^^^^^^^^^^^^^^^^^^^^^^^^^^^^^^^^^^^^^^^^^^^^^^^^^^^^^^^^^^^^
  File "/app/cron/scheduler.py", line 121, in _run_job_with_error_handling
    job_function()
  File "/app/cron/scheduler.py", line 29, in <lambda>
    lambda: call_backend_endpoint("/cron/generate-weekly-combinations-optimized", last_successful_job),
            ^^^^^^^^^^^^^^^^^^^^^^^^^^^^^^^^^^^^^^^^^^^^^^^^^^^^^^^^^^^^^^^^^^^^^^^^^^^^^^^^^^^^^^^^^^
  File "/app/cron/api_endpoints.py", line 33, in call_backend_endpoint
    health_check = requests.get(f"{backend_url}/health", timeout=30)
                   ^^^^^^^^^^^^^^^^^^^^^^^^^^^^^^^^^^^^^^^^^^^^^^^^^
  File "/usr/local/lib/python3.11/site-packages/requests/api.py", line 73, in get
    return request("get", url, params=params, **kwargs)
           ^^^^^^^^^^^^^^^^^^^^^^^^^^^^^^^^^^^^^^^^^^^^
  File "/usr/local/lib/python3.11/site-packages/requests/api.py", line 59, in request
    return session.request(method=method, url=url, **kwargs)
           ^^^^^^^^^^^^^^^^^^^^^^^^^^^^^^^^^^^^^^^^^^^^^^^^^
  File "/usr/local/lib/python3.11/site-packages/requests/sessions.py", line 589, in request
    resp = self.send(prep, **send_kwargs)
           ^^^^^^^^^^^^^^^^^^^^^^^^^^^^^^
  File "/usr/local/lib/python3.11/site-packages/requests/sessions.py", line 703, in send
    r = adapter.send(request, **kwargs)
        ^^^^^^^^^^^^^^^^^^^^^^^^^^^^^^^
  File "/usr/local/lib/python3.11/site-packages/requests/adapters.py", line 532, in send
    raise ReadTimeout(e, request=request)
requests.exceptions.ReadTimeout: HTTPConnectionPool(host='backend', port=8000): Read timed out. (read timeout=30)

  context:
    consecutive_errors: 6
    action: scheduler_stopped_to_prevent_spam
  timestamp: 2025-12-29T19:58:49.656370


2025-12-29 21:58:50 UTC - cron_service - WARNING - [api_endpoints.py:health_check_endpoint:230] -
Cron status check failed
Context:
  error: HTTPConnectionPool(host='backend', port=8000): Read timed out. (read timeout=3)
  timestamp: 2025-12-29T19:58:50.245298


2025-12-29 21:59:19 UTC - cron_service - ERROR - [error_handler.py:_send_error_notification:78] -
Arrr! Failed to send error notification!
Context:
  job_name: scheduler-loop
  notification_error: HTTPConnectionPool(host='email-service', port=8000): Read timed out. (read timeout=30)
  timestamp: 2025-12-29T19:59:19.692122


2025-12-29 21:59:19 UTC - cron_service - ERROR - [error_handler.py:handle_job_error:45] -
Arrr! Failed to send error notification for job 'scheduler-loop'!
Context:
  original_error: HTTPConnectionPool(host='backend', port=8000): Read timed out. (read timeout=30)
  notification_error: HTTPConnectionPool(host='email-service', port=8000): Read timed out. (read timeout=30)
  timestamp: 2025-12-29T19:59:19.693709


2025-12-29 21:59:23 UTC - cron_service - WARNING - [api_endpoints.py:health_check_endpoint:221] -
Backend health check failed
Context:
  error: HTTPConnectionPool(host='backend', port=8000): Read timed out. (read timeout=3)
  timestamp: 2025-12-29T19:59:23.325334


2025-12-29 21:59:26 UTC - cron_service - WARNING - [api_endpoints.py:health_check_endpoint:230] -
Cron status check failed
Context:
  error: HTTPConnectionPool(host='backend', port=8000): Read timed out. (read timeout=3)
  timestamp: 2025-12-29T19:59:26.334421


2025-12-29 21:59:33 UTC - cron_service - INFO - [unknown:unknown:0] -
Logging service initialized - log rotation: 9.5MB max, backup count: 100, cleanup scheduled via cron service at 02:00 AM daily (14 days retention)


2025-12-29 21:59:33 UTC - cron_service - INFO - [main.py:<module>:181] -
Arrr! Starting cron service...


2025-12-29 21:59:33 UTC - cron_service - INFO - [scheduler.py:setup_jobs:32] -
Arrr! TEST: Weekly combinations OPTIMIZED job scheduled to run at 20:01 UTC (in 2 minutes)!
Context:
  test_time_utc: 20:01
  current_time_utc: 2025-12-29T19:59:33.339235+00:00
  scheduled_in_minutes: 2
  endpoint: /cron/generate-weekly-combinations-optimized
  timestamp: 2025-12-29T19:59:33.340670


2025-12-29 21:59:33 UTC - cron_service - INFO - [scheduler.py:setup_jobs:78] -
Arrr! All jobs scheduled successfully!
Context:
  current_time_utc: 2025-12-29T19:59:33.341758+00:00
  scheduled_jobs: 5
  timestamp: 2025-12-29T19:59:33.342475


2025-12-29 21:59:33 UTC - cron_service - INFO - [scheduler.py:setup_jobs:101] -
Arrr! Job scheduled: generate-weekly-combinations-optimized
Context:
  job_name: generate-weekly-combinations-optimized
  next_run_utc: 2025-12-29T20:01:00+00:00
  days_until_run: 0
  hours_until_run: 0
  timestamp: 2025-12-29T19:59:33.344137


2025-12-29 21:59:33 UTC - cron_service - INFO - [scheduler.py:setup_jobs:101] -
Arrr! Job scheduled: fetch-latest-draw
Context:
  job_name: fetch-latest-draw
  next_run_utc: 2025-12-30T03:00:00+00:00
  days_until_run: 0
  hours_until_run: 7
  timestamp: 2025-12-29T19:59:33.345343


2025-12-29 21:59:33 UTC - cron_service - INFO - [scheduler.py:setup_jobs:101] -
Arrr! Job scheduled: best-model-tables-and-email
Context:
  job_name: best-model-tables-and-email
  next_run_utc: 2026-01-04T14:00:00+00:00
  days_until_run: 5
  hours_until_run: 138
  timestamp: 2025-12-29T19:59:33.346516


2025-12-29 21:59:33 UTC - cron_service - INFO - [scheduler.py:setup_jobs:101] -
Arrr! Job scheduled: cleanup-system
Context:
  job_name: cleanup-system
  next_run_utc: 2025-12-30T02:00:00+00:00
  days_until_run: 0
  hours_until_run: 6
  timestamp: 2025-12-29T19:59:33.347717


2025-12-29 21:59:33 UTC - cron_service - INFO - [scheduler.py:setup_jobs:101] -
Arrr! Job scheduled: backup-database
Context:
  job_name: backup-database
  next_run_utc: 2026-01-04T02:00:00+00:00
  days_until_run: 5
  hours_until_run: 126
  timestamp: 2025-12-29T19:59:33.348829


2025-12-29 21:59:33 UTC - cron_service - INFO - [scheduler.py:run_scheduler:280] -
Arrr! Scheduler thread started!
Context:
  current_time_utc: 2025-12-29T19:59:33.349956+00:00
  scheduled_jobs_count: 5
  timestamp: 2025-12-29T19:59:33.354061


2025-12-29 21:59:42 UTC - cron_service - INFO - [unknown:unknown:0] -
Logging service initialized - log rotation: 9.5MB max, backup count: 100, cleanup scheduled via cron service at 02:00 AM daily (14 days retention)


2025-12-29 21:59:42 UTC - cron_service - INFO - [main.py:<module>:181] -
Arrr! Starting cron service...


2025-12-29 21:59:42 UTC - cron_service - INFO - [scheduler.py:setup_jobs:32] -
Arrr! TEST: Weekly combinations OPTIMIZED job scheduled to run at 20:01 UTC (in 2 minutes)!
Context:
  test_time_utc: 20:01
  current_time_utc: 2025-12-29T19:59:42.589349+00:00
  scheduled_in_minutes: 2
  endpoint: /cron/generate-weekly-combinations-optimized
  timestamp: 2025-12-29T19:59:42.590262


2025-12-29 21:59:42 UTC - cron_service - INFO - [scheduler.py:setup_jobs:78] -
Arrr! All jobs scheduled successfully!
Context:
  current_time_utc: 2025-12-29T19:59:42.590985+00:00
  scheduled_jobs: 5
  timestamp: 2025-12-29T19:59:42.591665


2025-12-29 21:59:42 UTC - cron_service - INFO - [scheduler.py:setup_jobs:101] -
Arrr! Job scheduled: generate-weekly-combinations-optimized
Context:
  job_name: generate-weekly-combinations-optimized
  next_run_utc: 2025-12-29T20:01:00+00:00
  days_until_run: 0
  hours_until_run: 0
  timestamp: 2025-12-29T19:59:42.592652


2025-12-29 21:59:42 UTC - cron_service - INFO - [scheduler.py:setup_jobs:101] -
Arrr! Job scheduled: fetch-latest-draw
Context:
  job_name: fetch-latest-draw
  next_run_utc: 2025-12-30T03:00:00+00:00
  days_until_run: 0
  hours_until_run: 7
  timestamp: 2025-12-29T19:59:42.593628


2025-12-29 21:59:42 UTC - cron_service - INFO - [scheduler.py:setup_jobs:101] -
Arrr! Job scheduled: best-model-tables-and-email
Context:
  job_name: best-model-tables-and-email
  next_run_utc: 2026-01-04T14:00:00+00:00
  days_until_run: 5
  hours_until_run: 138
  timestamp: 2025-12-29T19:59:42.594538


2025-12-29 21:59:42 UTC - cron_service - INFO - [scheduler.py:setup_jobs:101] -
Arrr! Job scheduled: cleanup-system
Context:
  job_name: cleanup-system
  next_run_utc: 2025-12-30T02:00:00+00:00
  days_until_run: 0
  hours_until_run: 6
  timestamp: 2025-12-29T19:59:42.595420


2025-12-29 21:59:42 UTC - cron_service - INFO - [scheduler.py:setup_jobs:101] -
Arrr! Job scheduled: backup-database
Context:
  job_name: backup-database
  next_run_utc: 2026-01-04T02:00:00+00:00
  days_until_run: 5
  hours_until_run: 126
  timestamp: 2025-12-29T19:59:42.596267


2025-12-29 21:59:42 UTC - cron_service - INFO - [scheduler.py:run_scheduler:280] -
Arrr! Scheduler thread started!
Context:
  current_time_utc: 2025-12-29T19:59:42.597037+00:00
  scheduled_jobs_count: 5
  timestamp: 2025-12-29T19:59:42.600415


2025-12-29 21:59:59 UTC - cron_service - WARNING - [api_endpoints.py:health_check_endpoint:221] -
Backend health check failed
Context:
  error: HTTPConnectionPool(host='backend', port=8000): Read timed out. (read timeout=3)
  timestamp: 2025-12-29T19:59:59.442775


2025-12-29 22:00:02 UTC - cron_service - WARNING - [api_endpoints.py:health_check_endpoint:230] -
Cron status check failed
Context:
  error: HTTPConnectionPool(host='backend', port=8000): Read timed out. (read timeout=3)
  timestamp: 2025-12-29T20:00:02.450967


2025-12-29 22:00:35 UTC - cron_service - WARNING - [api_endpoints.py:health_check_endpoint:221] -
Backend health check failed
Context:
  error: HTTPConnectionPool(host='backend', port=8000): Read timed out. (read timeout=3)
  timestamp: 2025-12-29T20:00:35.543063


2025-12-29 22:00:38 UTC - cron_service - WARNING - [api_endpoints.py:health_check_endpoint:230] -
Cron status check failed
Context:
  error: HTTPConnectionPool(host='backend', port=8000): Read timed out. (read timeout=3)
  timestamp: 2025-12-29T20:00:38.549607


2025-12-29 22:01:11 UTC - cron_service - WARNING - [api_endpoints.py:health_check_endpoint:221] -
Backend health check failed
Context:
  error: HTTPConnectionPool(host='backend', port=8000): Read timed out. (read timeout=3)
  timestamp: 2025-12-29T20:01:11.635539


2025-12-29 22:01:14 UTC - cron_service - WARNING - [api_endpoints.py:health_check_endpoint:230] -
Cron status check failed
Context:
  error: HTTPConnectionPool(host='backend', port=8000): Read timed out. (read timeout=3)
  timestamp: 2025-12-29T20:01:14.644443


2025-12-29 22:01:42 UTC - cron_service - INFO - [scheduler.py:_run_job_with_error_handling:115] -
Arrr! Starting scheduled job: generate-weekly-combinations-optimized
Context:
  job_name: generate-weekly-combinations-optimized
  triggered_at_utc: 2025-12-29T20:01:42.602051+00:00
  timestamp: 2025-12-29T20:01:42.603602


2025-12-29 22:01:42 UTC - cron_service - INFO - [api_endpoints.py:call_backend_endpoint:28] -
Arrr! Attempting to call backend endpoint: http://backend:8000/cron/generate-weekly-combinations-optimized (attempt 1/3)


2025-12-29 22:01:47 UTC - cron_service - WARNING - [api_endpoints.py:health_check_endpoint:221] -
Backend health check failed
Context:
  error: HTTPConnectionPool(host='backend', port=8000): Read timed out. (read timeout=3)
  timestamp: 2025-12-29T20:01:47.729318


2025-12-29 22:01:50 UTC - cron_service - WARNING - [api_endpoints.py:health_check_endpoint:230] -
Cron status check failed
Context:
  error: HTTPConnectionPool(host='backend', port=8000): Read timed out. (read timeout=3)
  timestamp: 2025-12-29T20:01:50.737965


2025-12-29 22:02:12 UTC - cron_service - WARNING - [api_endpoints.py:call_backend_endpoint:38] -
Arrr! Backend health check failed (attempt 1/3), retrying...
Context:
  error: HTTPConnectionPool(host='backend', port=8000): Read timed out. (read timeout=30)
  url: http://backend:8000/health
  retry_in_seconds: 5
  timestamp: 2025-12-29T20:02:12.636183


2025-12-29 22:02:17 UTC - cron_service - INFO - [api_endpoints.py:call_backend_endpoint:28] -
Arrr! Attempting to call backend endpoint: http://backend:8000/cron/generate-weekly-combinations-optimized (attempt 2/3)


2025-12-29 22:02:23 UTC - cron_service - WARNING - [api_endpoints.py:health_check_endpoint:221] -
Backend health check failed
Context:
  error: HTTPConnectionPool(host='backend', port=8000): Read timed out. (read timeout=3)
  timestamp: 2025-12-29T20:02:23.830382


2025-12-29 22:02:26 UTC - cron_service - WARNING - [api_endpoints.py:health_check_endpoint:230] -
Cron status check failed
Context:
  error: HTTPConnectionPool(host='backend', port=8000): Read timed out. (read timeout=3)
  timestamp: 2025-12-29T20:02:26.839003


2025-12-29 22:02:47 UTC - cron_service - WARNING - [api_endpoints.py:call_backend_endpoint:38] -
Arrr! Backend health check failed (attempt 2/3), retrying...
Context:
  error: HTTPConnectionPool(host='backend', port=8000): Read timed out. (read timeout=30)
  url: http://backend:8000/health
  retry_in_seconds: 5
  timestamp: 2025-12-29T20:02:47.668081


2025-12-29 22:02:52 UTC - cron_service - INFO - [api_endpoints.py:call_backend_endpoint:28] -
Arrr! Attempting to call backend endpoint: http://backend:8000/cron/generate-weekly-combinations-optimized (attempt 3/3)


2025-12-29 22:02:59 UTC - cron_service - WARNING - [api_endpoints.py:health_check_endpoint:221] -
Backend health check failed
Context:
  error: HTTPConnectionPool(host='backend', port=8000): Read timed out. (read timeout=3)
  timestamp: 2025-12-29T20:02:59.933135


2025-12-29 22:03:02 UTC - cron_service - WARNING - [api_endpoints.py:health_check_endpoint:230] -
Cron status check failed
Context:
  error: HTTPConnectionPool(host='backend', port=8000): Read timed out. (read timeout=3)
  timestamp: 2025-12-29T20:03:02.941789


2025-12-29 22:03:22 UTC - cron_service - ERROR - [api_endpoints.py:call_backend_endpoint:49] -
Arrr! Backend health check failed after all retries!
Context:
  error: HTTPConnectionPool(host='backend', port=8000): Read timed out. (read timeout=30)
  url: http://backend:8000/health
  total_attempts: 3
  timestamp: 2025-12-29T20:03:22.701650


2025-12-29 22:03:22 UTC - cron_service - ERROR - [api_endpoints.py:call_backend_endpoint:155] -
Arrr! Timeout calling endpoint after all retries!
Context:
  error: HTTPConnectionPool(host='backend', port=8000): Read timed out. (read timeout=30)
  endpoint: /cron/generate-weekly-combinations-optimized
  backend_url: http://backend:8000
  total_attempts: 3
  timestamp: 2025-12-29T20:03:22.704314


2025-12-29 22:03:22 UTC - cron_service - ERROR - [error_handler.py:handle_job_error:28] -
Arrr! Cron job 'generate-weekly-combinations-optimized' failed!
Context:
  job_name: generate-weekly-combinations-optimized
  error: HTTPConnectionPool(host='backend', port=8000): Read timed out. (read timeout=30)
  error_type: ReadTimeout
  traceback: Traceback (most recent call last):
  File "/usr/local/lib/python3.11/site-packages/urllib3/connectionpool.py", line 534, in _make_request
    response = conn.getresponse()
               ^^^^^^^^^^^^^^^^^^
  File "/usr/local/lib/python3.11/site-packages/urllib3/connection.py", line 565, in getresponse
    httplib_response = super().getresponse()
                       ^^^^^^^^^^^^^^^^^^^^^
  File "/usr/local/lib/python3.11/http/client.py", line 1395, in getresponse
    response.begin()
  File "/usr/local/lib/python3.11/http/client.py", line 325, in begin
    version, status, reason = self._read_status()
                              ^^^^^^^^^^^^^^^^^^^
  File "/usr/local/lib/python3.11/http/client.py", line 286, in _read_status
    line = str(self.fp.readline(_MAXLINE + 1), "iso-8859-1")
               ^^^^^^^^^^^^^^^^^^^^^^^^^^^^^^
  File "/usr/local/lib/python3.11/socket.py", line 718, in readinto
    return self._sock.recv_into(b)
           ^^^^^^^^^^^^^^^^^^^^^^^
TimeoutError: timed out

The above exception was the direct cause of the following exception:

Traceback (most recent call last):
  File "/usr/local/lib/python3.11/site-packages/requests/adapters.py", line 486, in send
    resp = conn.urlopen(
           ^^^^^^^^^^^^^
  File "/usr/local/lib/python3.11/site-packages/urllib3/connectionpool.py", line 841, in urlopen
    retries = retries.increment(
              ^^^^^^^^^^^^^^^^^^
  File "/usr/local/lib/python3.11/site-packages/urllib3/util/retry.py", line 474, in increment
    raise reraise(type(error), error, _stacktrace)
          ^^^^^^^^^^^^^^^^^^^^^^^^^^^^^^^^^^^^^^^^
  File "/usr/local/lib/python3.11/site-packages/urllib3/util/util.py", line 39, in reraise
    raise value
  File "/usr/local/lib/python3.11/site-packages/urllib3/connectionpool.py", line 787, in urlopen
    response = self._make_request(
               ^^^^^^^^^^^^^^^^^^^
  File "/usr/local/lib/python3.11/site-packages/urllib3/connectionpool.py", line 536, in _make_request
    self._raise_timeout(err=e, url=url, timeout_value=read_timeout)
  File "/usr/local/lib/python3.11/site-packages/urllib3/connectionpool.py", line 367, in _raise_timeout
    raise ReadTimeoutError(
urllib3.exceptions.ReadTimeoutError: HTTPConnectionPool(host='backend', port=8000): Read timed out. (read timeout=30)

During handling of the above exception, another exception occurred:

Traceback (most recent call last):
  File "/app/cron/scheduler.py", line 121, in _run_job_with_error_handling
    job_function()
  File "/app/cron/scheduler.py", line 29, in <lambda>
    lambda: call_backend_endpoint("/cron/generate-weekly-combinations-optimized", last_successful_job),
            ^^^^^^^^^^^^^^^^^^^^^^^^^^^^^^^^^^^^^^^^^^^^^^^^^^^^^^^^^^^^^^^^^^^^^^^^^^^^^^^^^^^^^^^^^^
  File "/app/cron/api_endpoints.py", line 33, in call_backend_endpoint
    health_check = requests.get(f"{backend_url}/health", timeout=30)
                   ^^^^^^^^^^^^^^^^^^^^^^^^^^^^^^^^^^^^^^^^^^^^^^^^^
  File "/usr/local/lib/python3.11/site-packages/requests/api.py", line 73, in get
    return request("get", url, params=params, **kwargs)
           ^^^^^^^^^^^^^^^^^^^^^^^^^^^^^^^^^^^^^^^^^^^^
  File "/usr/local/lib/python3.11/site-packages/requests/api.py", line 59, in request
    return session.request(method=method, url=url, **kwargs)
           ^^^^^^^^^^^^^^^^^^^^^^^^^^^^^^^^^^^^^^^^^^^^^^^^^
  File "/usr/local/lib/python3.11/site-packages/requests/sessions.py", line 589, in request
    resp = self.send(prep, **send_kwargs)
           ^^^^^^^^^^^^^^^^^^^^^^^^^^^^^^
  File "/usr/local/lib/python3.11/site-packages/requests/sessions.py", line 703, in send
    r = adapter.send(request, **kwargs)
        ^^^^^^^^^^^^^^^^^^^^^^^^^^^^^^^
  File "/usr/local/lib/python3.11/site-packages/requests/adapters.py", line 532, in send
    raise ReadTimeout(e, request=request)
requests.exceptions.ReadTimeout: HTTPConnectionPool(host='backend', port=8000): Read timed out. (read timeout=30)

  context:
    last_successful_job: None
    scheduled_time: 2025-12-29T20:03:22.704945
    job_type: scheduled
    failure_count: 1
  timestamp: 2025-12-29T20:03:22.714211


2025-12-29 22:03:36 UTC - cron_service - WARNING - [api_endpoints.py:health_check_endpoint:221] -
Backend health check failed
Context:
  error: HTTPConnectionPool(host='backend', port=8000): Read timed out. (read timeout=3)
  timestamp: 2025-12-29T20:03:36.029898


2025-12-29 22:03:39 UTC - cron_service - WARNING - [api_endpoints.py:health_check_endpoint:230] -
Cron status check failed
Context:
  error: HTTPConnectionPool(host='backend', port=8000): Read timed out. (read timeout=3)
  timestamp: 2025-12-29T20:03:39.036286


2025-12-29 22:03:52 UTC - cron_service - ERROR - [error_handler.py:_send_error_notification:78] -
Arrr! Failed to send error notification!
Context:
  job_name: generate-weekly-combinations-optimized
  notification_error: HTTPConnectionPool(host='email-service', port=8000): Read timed out. (read timeout=30)
  timestamp: 2025-12-29T20:03:52.743103


2025-12-29 22:03:52 UTC - cron_service - ERROR - [error_handler.py:handle_job_error:45] -
Arrr! Failed to send error notification for job 'generate-weekly-combinations-optimized'!
Context:
  original_error: HTTPConnectionPool(host='backend', port=8000): Read timed out. (read timeout=30)
  notification_error: HTTPConnectionPool(host='email-service', port=8000): Read timed out. (read timeout=30)
  timestamp: 2025-12-29T20:03:52.744705


2025-12-29 22:03:52 UTC - cron_service - ERROR - [scheduler.py:run_scheduler:326] -
Arrr! Error in scheduler loop!
Context:
  error: HTTPConnectionPool(host='backend', port=8000): Read timed out. (read timeout=30)
  consecutive_errors: 1
  max_consecutive_errors: 5
  timestamp: 2025-12-29T20:03:52.745714


2025-12-29 22:04:12 UTC - cron_service - WARNING - [api_endpoints.py:health_check_endpoint:221] -
Backend health check failed
Context:
  error: HTTPConnectionPool(host='backend', port=8000): Read timed out. (read timeout=3)
  timestamp: 2025-12-29T20:04:12.133617


2025-12-29 22:04:15 UTC - cron_service - WARNING - [api_endpoints.py:health_check_endpoint:230] -
Cron status check failed
Context:
  error: HTTPConnectionPool(host='backend', port=8000): Read timed out. (read timeout=3)
  timestamp: 2025-12-29T20:04:15.141385


2025-12-29 22:04:48 UTC - cron_service - WARNING - [api_endpoints.py:health_check_endpoint:221] -
Backend health check failed
Context:
  error: HTTPConnectionPool(host='backend', port=8000): Read timed out. (read timeout=3)
  timestamp: 2025-12-29T20:04:48.241258


2025-12-29 22:04:51 UTC - cron_service - WARNING - [api_endpoints.py:health_check_endpoint:230] -
Cron status check failed
Context:
  error: HTTPConnectionPool(host='backend', port=8000): Read timed out. (read timeout=3)
  timestamp: 2025-12-29T20:04:51.249595


2025-12-29 22:04:52 UTC - cron_service - INFO - [scheduler.py:_run_job_with_error_handling:115] -
Arrr! Starting scheduled job: generate-weekly-combinations-optimized
Context:
  job_name: generate-weekly-combinations-optimized
  triggered_at_utc: 2025-12-29T20:04:52.746414+00:00
  timestamp: 2025-12-29T20:04:52.747431


2025-12-29 22:04:52 UTC - cron_service - INFO - [api_endpoints.py:call_backend_endpoint:28] -
Arrr! Attempting to call backend endpoint: http://backend:8000/cron/generate-weekly-combinations-optimized (attempt 1/3)


2025-12-29 22:05:22 UTC - cron_service - WARNING - [api_endpoints.py:call_backend_endpoint:38] -
Arrr! Backend health check failed (attempt 1/3), retrying...
Context:
  error: HTTPConnectionPool(host='backend', port=8000): Read timed out. (read timeout=30)
  url: http://backend:8000/health
  retry_in_seconds: 5
  timestamp: 2025-12-29T20:05:22.781905


2025-12-29 22:05:24 UTC - cron_service - WARNING - [api_endpoints.py:health_check_endpoint:221] -
Backend health check failed
Context:
  error: HTTPConnectionPool(host='backend', port=8000): Read timed out. (read timeout=3)
  timestamp: 2025-12-29T20:05:24.341502


2025-12-29 22:05:27 UTC - cron_service - WARNING - [api_endpoints.py:health_check_endpoint:230] -
Cron status check failed
Context:
  error: HTTPConnectionPool(host='backend', port=8000): Read timed out. (read timeout=3)
  timestamp: 2025-12-29T20:05:27.349318


2025-12-29 22:05:27 UTC - cron_service - INFO - [api_endpoints.py:call_backend_endpoint:28] -
Arrr! Attempting to call backend endpoint: http://backend:8000/cron/generate-weekly-combinations-optimized (attempt 2/3)


2025-12-29 22:05:57 UTC - cron_service - WARNING - [api_endpoints.py:call_backend_endpoint:38] -
Arrr! Backend health check failed (attempt 2/3), retrying...
Context:
  error: HTTPConnectionPool(host='backend', port=8000): Read timed out. (read timeout=30)
  url: http://backend:8000/health
  retry_in_seconds: 5
  timestamp: 2025-12-29T20:05:57.818477


2025-12-29 22:06:00 UTC - cron_service - WARNING - [api_endpoints.py:health_check_endpoint:221] -
Backend health check failed
Context:
  error: HTTPConnectionPool(host='backend', port=8000): Read timed out. (read timeout=3)
  timestamp: 2025-12-29T20:06:00.433338


2025-12-29 22:06:02 UTC - cron_service - INFO - [api_endpoints.py:call_backend_endpoint:28] -
Arrr! Attempting to call backend endpoint: http://backend:8000/cron/generate-weekly-combinations-optimized (attempt 3/3)


2025-12-29 22:06:03 UTC - cron_service - WARNING - [api_endpoints.py:health_check_endpoint:230] -
Cron status check failed
Context:
  error: HTTPConnectionPool(host='backend', port=8000): Read timed out. (read timeout=3)
  timestamp: 2025-12-29T20:06:03.439675


2025-12-29 22:06:32 UTC - cron_service - ERROR - [api_endpoints.py:call_backend_endpoint:49] -
Arrr! Backend health check failed after all retries!
Context:
  error: HTTPConnectionPool(host='backend', port=8000): Read timed out. (read timeout=30)
  url: http://backend:8000/health
  total_attempts: 3
  timestamp: 2025-12-29T20:06:32.847738


2025-12-29 22:06:32 UTC - cron_service - ERROR - [api_endpoints.py:call_backend_endpoint:155] -
Arrr! Timeout calling endpoint after all retries!
Context:
  error: HTTPConnectionPool(host='backend', port=8000): Read timed out. (read timeout=30)
  endpoint: /cron/generate-weekly-combinations-optimized
  backend_url: http://backend:8000
  total_attempts: 3
  timestamp: 2025-12-29T20:06:32.849417


2025-12-29 22:06:32 UTC - cron_service - ERROR - [error_handler.py:handle_job_error:28] -
Arrr! Cron job 'generate-weekly-combinations-optimized' failed!
Context:
  job_name: generate-weekly-combinations-optimized
  error: HTTPConnectionPool(host='backend', port=8000): Read timed out. (read timeout=30)
  error_type: ReadTimeout
  traceback: Traceback (most recent call last):
  File "/usr/local/lib/python3.11/site-packages/urllib3/connectionpool.py", line 534, in _make_request
    response = conn.getresponse()
               ^^^^^^^^^^^^^^^^^^
  File "/usr/local/lib/python3.11/site-packages/urllib3/connection.py", line 565, in getresponse
    httplib_response = super().getresponse()
                       ^^^^^^^^^^^^^^^^^^^^^
  File "/usr/local/lib/python3.11/http/client.py", line 1395, in getresponse
    response.begin()
  File "/usr/local/lib/python3.11/http/client.py", line 325, in begin
    version, status, reason = self._read_status()
                              ^^^^^^^^^^^^^^^^^^^
  File "/usr/local/lib/python3.11/http/client.py", line 286, in _read_status
    line = str(self.fp.readline(_MAXLINE + 1), "iso-8859-1")
               ^^^^^^^^^^^^^^^^^^^^^^^^^^^^^^
  File "/usr/local/lib/python3.11/socket.py", line 718, in readinto
    return self._sock.recv_into(b)
           ^^^^^^^^^^^^^^^^^^^^^^^
TimeoutError: timed out

The above exception was the direct cause of the following exception:

Traceback (most recent call last):
  File "/usr/local/lib/python3.11/site-packages/requests/adapters.py", line 486, in send
    resp = conn.urlopen(
           ^^^^^^^^^^^^^
  File "/usr/local/lib/python3.11/site-packages/urllib3/connectionpool.py", line 841, in urlopen
    retries = retries.increment(
              ^^^^^^^^^^^^^^^^^^
  File "/usr/local/lib/python3.11/site-packages/urllib3/util/retry.py", line 474, in increment
    raise reraise(type(error), error, _stacktrace)
          ^^^^^^^^^^^^^^^^^^^^^^^^^^^^^^^^^^^^^^^^
  File "/usr/local/lib/python3.11/site-packages/urllib3/util/util.py", line 39, in reraise
    raise value
  File "/usr/local/lib/python3.11/site-packages/urllib3/connectionpool.py", line 787, in urlopen
    response = self._make_request(
               ^^^^^^^^^^^^^^^^^^^
  File "/usr/local/lib/python3.11/site-packages/urllib3/connectionpool.py", line 536, in _make_request
    self._raise_timeout(err=e, url=url, timeout_value=read_timeout)
  File "/usr/local/lib/python3.11/site-packages/urllib3/connectionpool.py", line 367, in _raise_timeout
    raise ReadTimeoutError(
urllib3.exceptions.ReadTimeoutError: HTTPConnectionPool(host='backend', port=8000): Read timed out. (read timeout=30)

During handling of the above exception, another exception occurred:

Traceback (most recent call last):
  File "/app/cron/scheduler.py", line 121, in _run_job_with_error_handling
    job_function()
  File "/app/cron/scheduler.py", line 29, in <lambda>
    lambda: call_backend_endpoint("/cron/generate-weekly-combinations-optimized", last_successful_job),
            ^^^^^^^^^^^^^^^^^^^^^^^^^^^^^^^^^^^^^^^^^^^^^^^^^^^^^^^^^^^^^^^^^^^^^^^^^^^^^^^^^^^^^^^^^^
  File "/app/cron/api_endpoints.py", line 33, in call_backend_endpoint
    health_check = requests.get(f"{backend_url}/health", timeout=30)
                   ^^^^^^^^^^^^^^^^^^^^^^^^^^^^^^^^^^^^^^^^^^^^^^^^^
  File "/usr/local/lib/python3.11/site-packages/requests/api.py", line 73, in get
    return request("get", url, params=params, **kwargs)
           ^^^^^^^^^^^^^^^^^^^^^^^^^^^^^^^^^^^^^^^^^^^^
  File "/usr/local/lib/python3.11/site-packages/requests/api.py", line 59, in request
    return session.request(method=method, url=url, **kwargs)
           ^^^^^^^^^^^^^^^^^^^^^^^^^^^^^^^^^^^^^^^^^^^^^^^^^
  File "/usr/local/lib/python3.11/site-packages/requests/sessions.py", line 589, in request
    resp = self.send(prep, **send_kwargs)
           ^^^^^^^^^^^^^^^^^^^^^^^^^^^^^^
  File "/usr/local/lib/python3.11/site-packages/requests/sessions.py", line 703, in send
    r = adapter.send(request, **kwargs)
        ^^^^^^^^^^^^^^^^^^^^^^^^^^^^^^^
  File "/usr/local/lib/python3.11/site-packages/requests/adapters.py", line 532, in send
    raise ReadTimeout(e, request=request)
requests.exceptions.ReadTimeout: HTTPConnectionPool(host='backend', port=8000): Read timed out. (read timeout=30)

  context:
    last_successful_job: None
    scheduled_time: 2025-12-29T20:06:32.849882
    job_type: scheduled
    failure_count: 2
  timestamp: 2025-12-29T20:06:32.853373


2025-12-29 22:06:36 UTC - cron_service - WARNING - [api_endpoints.py:health_check_endpoint:221] -
Backend health check failed
Context:
  error: HTTPConnectionPool(host='backend', port=8000): Read timed out. (read timeout=3)
  timestamp: 2025-12-29T20:06:36.538644


2025-12-29 22:06:39 UTC - cron_service - WARNING - [api_endpoints.py:health_check_endpoint:230] -
Cron status check failed
Context:
  error: HTTPConnectionPool(host='backend', port=8000): Read timed out. (read timeout=3)
  timestamp: 2025-12-29T20:06:39.546764


2025-12-29 22:07:02 UTC - cron_service - ERROR - [error_handler.py:_send_error_notification:78] -
Arrr! Failed to send error notification!
Context:
  job_name: generate-weekly-combinations-optimized
  notification_error: HTTPConnectionPool(host='email-service', port=8000): Read timed out. (read timeout=30)
  timestamp: 2025-12-29T20:07:02.888166


2025-12-29 22:07:02 UTC - cron_service - ERROR - [error_handler.py:handle_job_error:45] -
Arrr! Failed to send error notification for job 'generate-weekly-combinations-optimized'!
Context:
  original_error: HTTPConnectionPool(host='backend', port=8000): Read timed out. (read timeout=30)
  notification_error: HTTPConnectionPool(host='email-service', port=8000): Read timed out. (read timeout=30)
  timestamp: 2025-12-29T20:07:02.889897


2025-12-29 22:07:02 UTC - cron_service - ERROR - [scheduler.py:run_scheduler:326] -
Arrr! Error in scheduler loop!
Context:
  error: HTTPConnectionPool(host='backend', port=8000): Read timed out. (read timeout=30)
  consecutive_errors: 2
  max_consecutive_errors: 5
  timestamp: 2025-12-29T20:07:02.891163


2025-12-29 22:07:12 UTC - cron_service - WARNING - [api_endpoints.py:health_check_endpoint:221] -
Backend health check failed
Context:
  error: HTTPConnectionPool(host='backend', port=8000): Read timed out. (read timeout=3)
  timestamp: 2025-12-29T20:07:12.638347


2025-12-29 22:07:15 UTC - cron_service - WARNING - [api_endpoints.py:health_check_endpoint:230] -
Cron status check failed
Context:
  error: HTTPConnectionPool(host='backend', port=8000): Read timed out. (read timeout=3)
  timestamp: 2025-12-29T20:07:15.646024


2025-12-29 22:07:48 UTC - cron_service - WARNING - [api_endpoints.py:health_check_endpoint:221] -
Backend health check failed
Context:
  error: HTTPConnectionPool(host='backend', port=8000): Read timed out. (read timeout=3)
  timestamp: 2025-12-29T20:07:48.736914


2025-12-29 22:07:51 UTC - cron_service - WARNING - [api_endpoints.py:health_check_endpoint:230] -
Cron status check failed
Context:
  error: HTTPConnectionPool(host='backend', port=8000): Read timed out. (read timeout=3)
  timestamp: 2025-12-29T20:07:51.745948


2025-12-29 22:08:02 UTC - cron_service - INFO - [scheduler.py:_run_job_with_error_handling:115] -
Arrr! Starting scheduled job: generate-weekly-combinations-optimized
Context:
  job_name: generate-weekly-combinations-optimized
  triggered_at_utc: 2025-12-29T20:08:02.891860+00:00
  timestamp: 2025-12-29T20:08:02.892596


2025-12-29 22:08:02 UTC - cron_service - INFO - [api_endpoints.py:call_backend_endpoint:28] -
Arrr! Attempting to call backend endpoint: http://backend:8000/cron/generate-weekly-combinations-optimized (attempt 1/3)


2025-12-29 22:08:24 UTC - cron_service - WARNING - [api_endpoints.py:health_check_endpoint:221] -
Backend health check failed
Context:
  error: HTTPConnectionPool(host='backend', port=8000): Read timed out. (read timeout=3)
  timestamp: 2025-12-29T20:08:24.833063


2025-12-29 22:08:27 UTC - cron_service - WARNING - [api_endpoints.py:health_check_endpoint:230] -
Cron status check failed
Context:
  error: HTTPConnectionPool(host='backend', port=8000): Read timed out. (read timeout=3)
  timestamp: 2025-12-29T20:08:27.839547


2025-12-29 22:08:32 UTC - cron_service - WARNING - [api_endpoints.py:call_backend_endpoint:38] -
Arrr! Backend health check failed (attempt 1/3), retrying...
Context:
  error: HTTPConnectionPool(host='backend', port=8000): Read timed out. (read timeout=30)
  url: http://backend:8000/health
  retry_in_seconds: 5
  timestamp: 2025-12-29T20:08:32.928765


2025-12-29 22:08:37 UTC - cron_service - INFO - [api_endpoints.py:call_backend_endpoint:28] -
Arrr! Attempting to call backend endpoint: http://backend:8000/cron/generate-weekly-combinations-optimized (attempt 2/3)


2025-12-29 22:09:00 UTC - cron_service - WARNING - [api_endpoints.py:health_check_endpoint:221] -
Backend health check failed
Context:
  error: HTTPConnectionPool(host='backend', port=8000): Read timed out. (read timeout=3)
  timestamp: 2025-12-29T20:09:00.940482


2025-12-29 22:09:03 UTC - cron_service - WARNING - [api_endpoints.py:health_check_endpoint:230] -
Cron status check failed
Context:
  error: HTTPConnectionPool(host='backend', port=8000): Read timed out. (read timeout=3)
  timestamp: 2025-12-29T20:09:03.946673


2025-12-29 22:09:07 UTC - cron_service - WARNING - [api_endpoints.py:call_backend_endpoint:38] -
Arrr! Backend health check failed (attempt 2/3), retrying...
Context:
  error: HTTPConnectionPool(host='backend', port=8000): Read timed out. (read timeout=30)
  url: http://backend:8000/health
  retry_in_seconds: 5
  timestamp: 2025-12-29T20:09:07.963994


2025-12-29 22:09:12 UTC - cron_service - INFO - [api_endpoints.py:call_backend_endpoint:28] -
Arrr! Attempting to call backend endpoint: http://backend:8000/cron/generate-weekly-combinations-optimized (attempt 3/3)


2025-12-29 22:09:37 UTC - cron_service - WARNING - [api_endpoints.py:health_check_endpoint:221] -
Backend health check failed
Context:
  error: HTTPConnectionPool(host='backend', port=8000): Read timed out. (read timeout=3)
  timestamp: 2025-12-29T20:09:37.045699


2025-12-29 22:09:40 UTC - cron_service - WARNING - [api_endpoints.py:health_check_endpoint:230] -
Cron status check failed
Context:
  error: HTTPConnectionPool(host='backend', port=8000): Read timed out. (read timeout=3)
  timestamp: 2025-12-29T20:09:40.055132


2025-12-29 22:09:42 UTC - cron_service - ERROR - [api_endpoints.py:call_backend_endpoint:49] -
Arrr! Backend health check failed after all retries!
Context:
  error: HTTPConnectionPool(host='backend', port=8000): Read timed out. (read timeout=30)
  url: http://backend:8000/health
  total_attempts: 3
  timestamp: 2025-12-29T20:09:42.996379


2025-12-29 22:09:42 UTC - cron_service - ERROR - [api_endpoints.py:call_backend_endpoint:155] -
Arrr! Timeout calling endpoint after all retries!
Context:
  error: HTTPConnectionPool(host='backend', port=8000): Read timed out. (read timeout=30)
  endpoint: /cron/generate-weekly-combinations-optimized
  backend_url: http://backend:8000
  total_attempts: 3
  timestamp: 2025-12-29T20:09:42.998422


2025-12-29 22:09:43 UTC - cron_service - WARNING - [scheduler.py:_run_job_with_error_handling:154] -
Arrr! Job 'generate-weekly-combinations-optimized' failed again (suppressing notification due to cooldown)
Context:
  job_name: generate-weekly-combinations-optimized
  error: HTTPConnectionPool(host='backend', port=8000): Read timed out. (read timeout=30)
  failure_count: 2
  cooldown_until: 2025-12-29T21:07:02.890425+00:00
  timestamp: 2025-12-29T20:09:43.000133


2025-12-29 22:09:43 UTC - cron_service - ERROR - [scheduler.py:run_scheduler:326] -
Arrr! Error in scheduler loop!
Context:
  error: HTTPConnectionPool(host='backend', port=8000): Read timed out. (read timeout=30)
  consecutive_errors: 3
  max_consecutive_errors: 5
  timestamp: 2025-12-29T20:09:43.001217


2025-12-29 22:10:13 UTC - cron_service - WARNING - [api_endpoints.py:health_check_endpoint:221] -
Backend health check failed
Context:
  error: HTTPConnectionPool(host='backend', port=8000): Read timed out. (read timeout=3)
  timestamp: 2025-12-29T20:10:13.145279


2025-12-29 22:10:16 UTC - cron_service - WARNING - [api_endpoints.py:health_check_endpoint:230] -
Cron status check failed
Context:
  error: HTTPConnectionPool(host='backend', port=8000): Read timed out. (read timeout=3)
  timestamp: 2025-12-29T20:10:16.154960


2025-12-29 22:10:43 UTC - cron_service - INFO - [scheduler.py:_run_job_with_error_handling:115] -
Arrr! Starting scheduled job: generate-weekly-combinations-optimized
Context:
  job_name: generate-weekly-combinations-optimized
  triggered_at_utc: 2025-12-29T20:10:43.001933+00:00
  timestamp: 2025-12-29T20:10:43.002791


2025-12-29 22:10:43 UTC - cron_service - INFO - [api_endpoints.py:call_backend_endpoint:28] -
Arrr! Attempting to call backend endpoint: http://backend:8000/cron/generate-weekly-combinations-optimized (attempt 1/3)


2025-12-29 22:10:49 UTC - cron_service - WARNING - [api_endpoints.py:health_check_endpoint:221] -
Backend health check failed
Context:
  error: HTTPConnectionPool(host='backend', port=8000): Read timed out. (read timeout=3)
  timestamp: 2025-12-29T20:10:49.244205


2025-12-29 22:10:52 UTC - cron_service - WARNING - [api_endpoints.py:health_check_endpoint:230] -
Cron status check failed
Context:
  error: HTTPConnectionPool(host='backend', port=8000): Read timed out. (read timeout=3)
  timestamp: 2025-12-29T20:10:52.252300


2025-12-29 22:11:13 UTC - cron_service - WARNING - [api_endpoints.py:call_backend_endpoint:38] -
Arrr! Backend health check failed (attempt 1/3), retrying...
Context:
  error: HTTPConnectionPool(host='backend', port=8000): Read timed out. (read timeout=30)
  url: http://backend:8000/health
  retry_in_seconds: 5
  timestamp: 2025-12-29T20:11:13.037559


2025-12-29 22:11:18 UTC - cron_service - INFO - [api_endpoints.py:call_backend_endpoint:28] -
Arrr! Attempting to call backend endpoint: http://backend:8000/cron/generate-weekly-combinations-optimized (attempt 2/3)


2025-12-29 22:11:25 UTC - cron_service - WARNING - [api_endpoints.py:health_check_endpoint:221] -
Backend health check failed
Context:
  error: HTTPConnectionPool(host='backend', port=8000): Read timed out. (read timeout=3)
  timestamp: 2025-12-29T20:11:25.346968


2025-12-29 22:11:28 UTC - cron_service - WARNING - [api_endpoints.py:health_check_endpoint:230] -
Cron status check failed
Context:
  error: HTTPConnectionPool(host='backend', port=8000): Read timed out. (read timeout=3)
  timestamp: 2025-12-29T20:11:28.353394


2025-12-29 22:11:48 UTC - cron_service - WARNING - [api_endpoints.py:call_backend_endpoint:38] -
Arrr! Backend health check failed (attempt 2/3), retrying...
Context:
  error: HTTPConnectionPool(host='backend', port=8000): Read timed out. (read timeout=30)
  url: http://backend:8000/health
  retry_in_seconds: 5
  timestamp: 2025-12-29T20:11:48.068382


2025-12-29 22:11:53 UTC - cron_service - INFO - [api_endpoints.py:call_backend_endpoint:28] -
Arrr! Attempting to call backend endpoint: http://backend:8000/cron/generate-weekly-combinations-optimized (attempt 3/3)


2025-12-29 22:12:01 UTC - cron_service - WARNING - [api_endpoints.py:health_check_endpoint:221] -
Backend health check failed
Context:
  error: HTTPConnectionPool(host='backend', port=8000): Read timed out. (read timeout=3)
  timestamp: 2025-12-29T20:12:01.438883


2025-12-29 22:12:04 UTC - cron_service - WARNING - [api_endpoints.py:health_check_endpoint:230] -
Cron status check failed
Context:
  error: HTTPConnectionPool(host='backend', port=8000): Read timed out. (read timeout=3)
  timestamp: 2025-12-29T20:12:04.446937


2025-12-29 22:12:23 UTC - cron_service - ERROR - [api_endpoints.py:call_backend_endpoint:49] -
Arrr! Backend health check failed after all retries!
Context:
  error: HTTPConnectionPool(host='backend', port=8000): Read timed out. (read timeout=30)
  url: http://backend:8000/health
  total_attempts: 3
  timestamp: 2025-12-29T20:12:23.103292


2025-12-29 22:12:23 UTC - cron_service - ERROR - [api_endpoints.py:call_backend_endpoint:155] -
Arrr! Timeout calling endpoint after all retries!
Context:
  error: HTTPConnectionPool(host='backend', port=8000): Read timed out. (read timeout=30)
  endpoint: /cron/generate-weekly-combinations-optimized
  backend_url: http://backend:8000
  total_attempts: 3
  timestamp: 2025-12-29T20:12:23.105343


2025-12-29 22:12:23 UTC - cron_service - WARNING - [scheduler.py:_run_job_with_error_handling:154] -
Arrr! Job 'generate-weekly-combinations-optimized' failed again (suppressing notification due to cooldown)
Context:
  job_name: generate-weekly-combinations-optimized
  error: HTTPConnectionPool(host='backend', port=8000): Read timed out. (read timeout=30)
  failure_count: 2
  cooldown_until: 2025-12-29T21:07:02.890425+00:00
  timestamp: 2025-12-29T20:12:23.107065


2025-12-29 22:12:23 UTC - cron_service - ERROR - [scheduler.py:run_scheduler:326] -
Arrr! Error in scheduler loop!
Context:
  error: HTTPConnectionPool(host='backend', port=8000): Read timed out. (read timeout=30)
  consecutive_errors: 4
  max_consecutive_errors: 5
  timestamp: 2025-12-29T20:12:23.108188


2025-12-29 22:12:37 UTC - cron_service - WARNING - [api_endpoints.py:health_check_endpoint:221] -
Backend health check failed
Context:
  error: HTTPConnectionPool(host='backend', port=8000): Read timed out. (read timeout=3)
  timestamp: 2025-12-29T20:12:37.533801


2025-12-29 22:12:40 UTC - cron_service - WARNING - [api_endpoints.py:health_check_endpoint:230] -
Cron status check failed
Context:
  error: HTTPConnectionPool(host='backend', port=8000): Read timed out. (read timeout=3)
  timestamp: 2025-12-29T20:12:40.542369


2025-12-29 22:13:13 UTC - cron_service - WARNING - [api_endpoints.py:health_check_endpoint:221] -
Backend health check failed
Context:
  error: HTTPConnectionPool(host='backend', port=8000): Read timed out. (read timeout=3)
  timestamp: 2025-12-29T20:13:13.631118


2025-12-29 22:13:16 UTC - cron_service - WARNING - [api_endpoints.py:health_check_endpoint:230] -
Cron status check failed
Context:
  error: HTTPConnectionPool(host='backend', port=8000): Read timed out. (read timeout=3)
  timestamp: 2025-12-29T20:13:16.640708


2025-12-29 22:13:23 UTC - cron_service - INFO - [scheduler.py:_run_job_with_error_handling:115] -
Arrr! Starting scheduled job: generate-weekly-combinations-optimized
Context:
  job_name: generate-weekly-combinations-optimized
  triggered_at_utc: 2025-12-29T20:13:23.108741+00:00
  timestamp: 2025-12-29T20:13:23.109865


2025-12-29 22:13:23 UTC - cron_service - INFO - [api_endpoints.py:call_backend_endpoint:28] -
Arrr! Attempting to call backend endpoint: http://backend:8000/cron/generate-weekly-combinations-optimized (attempt 1/3)


2025-12-29 22:13:49 UTC - cron_service - WARNING - [api_endpoints.py:health_check_endpoint:221] -
Backend health check failed
Context:
  error: HTTPConnectionPool(host='backend', port=8000): Read timed out. (read timeout=3)
  timestamp: 2025-12-29T20:13:49.743600


2025-12-29 22:13:52 UTC - cron_service - WARNING - [api_endpoints.py:health_check_endpoint:230] -
Cron status check failed
Context:
  error: HTTPConnectionPool(host='backend', port=8000): Read timed out. (read timeout=3)
  timestamp: 2025-12-29T20:13:52.752608


2025-12-29 22:13:53 UTC - cron_service - WARNING - [api_endpoints.py:call_backend_endpoint:38] -
Arrr! Backend health check failed (attempt 1/3), retrying...
Context:
  error: HTTPConnectionPool(host='backend', port=8000): Read timed out. (read timeout=30)
  url: http://backend:8000/health
  retry_in_seconds: 5
  timestamp: 2025-12-29T20:13:53.145934


2025-12-29 22:13:58 UTC - cron_service - INFO - [api_endpoints.py:call_backend_endpoint:28] -
Arrr! Attempting to call backend endpoint: http://backend:8000/cron/generate-weekly-combinations-optimized (attempt 2/3)


2025-12-29 22:14:25 UTC - cron_service - WARNING - [api_endpoints.py:health_check_endpoint:221] -
Backend health check failed
Context:
  error: HTTPConnectionPool(host='backend', port=8000): Read timed out. (read timeout=3)
  timestamp: 2025-12-29T20:14:25.837396


2025-12-29 22:14:28 UTC - cron_service - WARNING - [api_endpoints.py:call_backend_endpoint:38] -
Arrr! Backend health check failed (attempt 2/3), retrying...
Context:
  error: HTTPConnectionPool(host='backend', port=8000): Read timed out. (read timeout=30)
  url: http://backend:8000/health
  retry_in_seconds: 5
  timestamp: 2025-12-29T20:14:28.182808


2025-12-29 22:14:28 UTC - cron_service - WARNING - [api_endpoints.py:health_check_endpoint:230] -
Cron status check failed
Context:
  error: HTTPConnectionPool(host='backend', port=8000): Read timed out. (read timeout=3)
  timestamp: 2025-12-29T20:14:28.849298


2025-12-29 22:14:33 UTC - cron_service - INFO - [api_endpoints.py:call_backend_endpoint:28] -
Arrr! Attempting to call backend endpoint: http://backend:8000/cron/generate-weekly-combinations-optimized (attempt 3/3)


2025-12-29 22:15:01 UTC - cron_service - WARNING - [api_endpoints.py:health_check_endpoint:221] -
Backend health check failed
Context:
  error: HTTPConnectionPool(host='backend', port=8000): Read timed out. (read timeout=3)
  timestamp: 2025-12-29T20:15:01.961324


2025-12-29 22:15:03 UTC - cron_service - ERROR - [api_endpoints.py:call_backend_endpoint:49] -
Arrr! Backend health check failed after all retries!
Context:
  error: HTTPConnectionPool(host='backend', port=8000): Read timed out. (read timeout=30)
  url: http://backend:8000/health
  total_attempts: 3
  timestamp: 2025-12-29T20:15:03.221193


2025-12-29 22:15:03 UTC - cron_service - ERROR - [api_endpoints.py:call_backend_endpoint:155] -
Arrr! Timeout calling endpoint after all retries!
Context:
  error: HTTPConnectionPool(host='backend', port=8000): Read timed out. (read timeout=30)
  endpoint: /cron/generate-weekly-combinations-optimized
  backend_url: http://backend:8000
  total_attempts: 3
  timestamp: 2025-12-29T20:15:03.224048


2025-12-29 22:15:03 UTC - cron_service - WARNING - [scheduler.py:_run_job_with_error_handling:154] -
Arrr! Job 'generate-weekly-combinations-optimized' failed again (suppressing notification due to cooldown)
Context:
  job_name: generate-weekly-combinations-optimized
  error: HTTPConnectionPool(host='backend', port=8000): Read timed out. (read timeout=30)
  failure_count: 2
  cooldown_until: 2025-12-29T21:07:02.890425+00:00
  timestamp: 2025-12-29T20:15:03.226922


2025-12-29 22:15:03 UTC - cron_service - ERROR - [scheduler.py:run_scheduler:326] -
Arrr! Error in scheduler loop!
Context:
  error: HTTPConnectionPool(host='backend', port=8000): Read timed out. (read timeout=30)
  consecutive_errors: 5
  max_consecutive_errors: 5
  timestamp: 2025-12-29T20:15:03.228659


2025-12-29 22:15:04 UTC - cron_service - WARNING - [api_endpoints.py:health_check_endpoint:230] -
Cron status check failed
Context:
  error: HTTPConnectionPool(host='backend', port=8000): Read timed out. (read timeout=3)
  timestamp: 2025-12-29T20:15:04.969129


2025-12-29 22:15:38 UTC - cron_service - WARNING - [api_endpoints.py:health_check_endpoint:221] -
Backend health check failed
Context:
  error: HTTPConnectionPool(host='backend', port=8000): Read timed out. (read timeout=3)
  timestamp: 2025-12-29T20:15:38.071436


2025-12-29 22:15:41 UTC - cron_service - WARNING - [api_endpoints.py:health_check_endpoint:230] -
Cron status check failed
Context:
  error: HTTPConnectionPool(host='backend', port=8000): Read timed out. (read timeout=3)
  timestamp: 2025-12-29T20:15:41.082262


2025-12-29 22:16:03 UTC - cron_service - INFO - [scheduler.py:_run_job_with_error_handling:115] -
Arrr! Starting scheduled job: generate-weekly-combinations-optimized
Context:
  job_name: generate-weekly-combinations-optimized
  triggered_at_utc: 2025-12-29T20:16:03.229460+00:00
  timestamp: 2025-12-29T20:16:03.230800


2025-12-29 22:16:03 UTC - cron_service - INFO - [api_endpoints.py:call_backend_endpoint:28] -
Arrr! Attempting to call backend endpoint: http://backend:8000/cron/generate-weekly-combinations-optimized (attempt 1/3)


2025-12-29 22:16:14 UTC - cron_service - WARNING - [api_endpoints.py:health_check_endpoint:221] -
Backend health check failed
Context:
  error: HTTPConnectionPool(host='backend', port=8000): Read timed out. (read timeout=3)
  timestamp: 2025-12-29T20:16:14.169381


2025-12-29 22:16:17 UTC - cron_service - WARNING - [api_endpoints.py:health_check_endpoint:230] -
Cron status check failed
Context:
  error: HTTPConnectionPool(host='backend', port=8000): Read timed out. (read timeout=3)
  timestamp: 2025-12-29T20:16:17.179288


2025-12-29 22:16:33 UTC - cron_service - WARNING - [api_endpoints.py:call_backend_endpoint:38] -
Arrr! Backend health check failed (attempt 1/3), retrying...
Context:
  error: HTTPConnectionPool(host='backend', port=8000): Read timed out. (read timeout=30)
  url: http://backend:8000/health
  retry_in_seconds: 5
  timestamp: 2025-12-29T20:16:33.264260


2025-12-29 22:16:38 UTC - cron_service - INFO - [api_endpoints.py:call_backend_endpoint:28] -
Arrr! Attempting to call backend endpoint: http://backend:8000/cron/generate-weekly-combinations-optimized (attempt 2/3)


2025-12-29 22:16:50 UTC - cron_service - WARNING - [api_endpoints.py:health_check_endpoint:221] -
Backend health check failed
Context:
  error: HTTPConnectionPool(host='backend', port=8000): Read timed out. (read timeout=3)
  timestamp: 2025-12-29T20:16:50.267459


2025-12-29 22:16:53 UTC - cron_service - WARNING - [api_endpoints.py:health_check_endpoint:230] -
Cron status check failed
Context:
  error: HTTPConnectionPool(host='backend', port=8000): Read timed out. (read timeout=3)
  timestamp: 2025-12-29T20:16:53.273306


2025-12-29 22:17:08 UTC - cron_service - WARNING - [api_endpoints.py:call_backend_endpoint:38] -
Arrr! Backend health check failed (attempt 2/3), retrying...
Context:
  error: HTTPConnectionPool(host='backend', port=8000): Read timed out. (read timeout=30)
  url: http://backend:8000/health
  retry_in_seconds: 5
  timestamp: 2025-12-29T20:17:08.296500


2025-12-29 22:17:13 UTC - cron_service - INFO - [api_endpoints.py:call_backend_endpoint:28] -
Arrr! Attempting to call backend endpoint: http://backend:8000/cron/generate-weekly-combinations-optimized (attempt 3/3)


2025-12-29 22:17:26 UTC - cron_service - WARNING - [api_endpoints.py:health_check_endpoint:221] -
Backend health check failed
Context:
  error: HTTPConnectionPool(host='backend', port=8000): Read timed out. (read timeout=3)
  timestamp: 2025-12-29T20:17:26.362148


2025-12-29 22:17:29 UTC - cron_service - WARNING - [api_endpoints.py:health_check_endpoint:230] -
Cron status check failed
Context:
  error: HTTPConnectionPool(host='backend', port=8000): Read timed out. (read timeout=3)
  timestamp: 2025-12-29T20:17:29.369157


2025-12-29 22:17:43 UTC - cron_service - ERROR - [api_endpoints.py:call_backend_endpoint:49] -
Arrr! Backend health check failed after all retries!
Context:
  error: HTTPConnectionPool(host='backend', port=8000): Read timed out. (read timeout=30)
  url: http://backend:8000/health
  total_attempts: 3
  timestamp: 2025-12-29T20:17:43.320662


2025-12-29 22:17:43 UTC - cron_service - ERROR - [api_endpoints.py:call_backend_endpoint:155] -
Arrr! Timeout calling endpoint after all retries!
Context:
  error: HTTPConnectionPool(host='backend', port=8000): Read timed out. (read timeout=30)
  endpoint: /cron/generate-weekly-combinations-optimized
  backend_url: http://backend:8000
  total_attempts: 3
  timestamp: 2025-12-29T20:17:43.322965


2025-12-29 22:17:43 UTC - cron_service - WARNING - [scheduler.py:_run_job_with_error_handling:154] -
Arrr! Job 'generate-weekly-combinations-optimized' failed again (suppressing notification due to cooldown)
Context:
  job_name: generate-weekly-combinations-optimized
  error: HTTPConnectionPool(host='backend', port=8000): Read timed out. (read timeout=30)
  failure_count: 2
  cooldown_until: 2025-12-29T21:07:02.890425+00:00
  timestamp: 2025-12-29T20:17:43.324725


2025-12-29 22:17:43 UTC - cron_service - ERROR - [scheduler.py:run_scheduler:336] -
Arrr! Too many consecutive errors in scheduler loop! Stopping scheduler to prevent spam!
Context:
  error: HTTPConnectionPool(host='backend', port=8000): Read timed out. (read timeout=30)
  consecutive_errors: 6
  max_consecutive_errors: 5
  severity: critical
  timestamp: 2025-12-29T20:17:43.325836


2025-12-29 22:17:43 UTC - cron_service - ERROR - [error_handler.py:handle_job_error:28] -
Arrr! Cron job 'scheduler-loop' failed!
Context:
  job_name: scheduler-loop
  error: HTTPConnectionPool(host='backend', port=8000): Read timed out. (read timeout=30)
  error_type: ReadTimeout
  traceback: Traceback (most recent call last):
  File "/usr/local/lib/python3.11/site-packages/urllib3/connectionpool.py", line 534, in _make_request
    response = conn.getresponse()
               ^^^^^^^^^^^^^^^^^^
  File "/usr/local/lib/python3.11/site-packages/urllib3/connection.py", line 565, in getresponse
    httplib_response = super().getresponse()
                       ^^^^^^^^^^^^^^^^^^^^^
  File "/usr/local/lib/python3.11/http/client.py", line 1395, in getresponse
    response.begin()
  File "/usr/local/lib/python3.11/http/client.py", line 325, in begin
    version, status, reason = self._read_status()
                              ^^^^^^^^^^^^^^^^^^^
  File "/usr/local/lib/python3.11/http/client.py", line 286, in _read_status
    line = str(self.fp.readline(_MAXLINE + 1), "iso-8859-1")
               ^^^^^^^^^^^^^^^^^^^^^^^^^^^^^^
  File "/usr/local/lib/python3.11/socket.py", line 718, in readinto
    return self._sock.recv_into(b)
           ^^^^^^^^^^^^^^^^^^^^^^^
TimeoutError: timed out

The above exception was the direct cause of the following exception:

Traceback (most recent call last):
  File "/usr/local/lib/python3.11/site-packages/requests/adapters.py", line 486, in send
    resp = conn.urlopen(
           ^^^^^^^^^^^^^
  File "/usr/local/lib/python3.11/site-packages/urllib3/connectionpool.py", line 841, in urlopen
    retries = retries.increment(
              ^^^^^^^^^^^^^^^^^^
  File "/usr/local/lib/python3.11/site-packages/urllib3/util/retry.py", line 474, in increment
    raise reraise(type(error), error, _stacktrace)
          ^^^^^^^^^^^^^^^^^^^^^^^^^^^^^^^^^^^^^^^^
  File "/usr/local/lib/python3.11/site-packages/urllib3/util/util.py", line 39, in reraise
    raise value
  File "/usr/local/lib/python3.11/site-packages/urllib3/connectionpool.py", line 787, in urlopen
    response = self._make_request(
               ^^^^^^^^^^^^^^^^^^^
  File "/usr/local/lib/python3.11/site-packages/urllib3/connectionpool.py", line 536, in _make_request
    self._raise_timeout(err=e, url=url, timeout_value=read_timeout)
  File "/usr/local/lib/python3.11/site-packages/urllib3/connectionpool.py", line 367, in _raise_timeout
    raise ReadTimeoutError(
urllib3.exceptions.ReadTimeoutError: HTTPConnectionPool(host='backend', port=8000): Read timed out. (read timeout=30)

During handling of the above exception, another exception occurred:

Traceback (most recent call last):
  File "/app/cron/scheduler.py", line 291, in run_scheduler
    schedule.run_pending()
  File "/usr/local/lib/python3.11/site-packages/schedule/__init__.py", line 822, in run_pending
    default_scheduler.run_pending()
  File "/usr/local/lib/python3.11/site-packages/schedule/__init__.py", line 100, in run_pending
    self._run_job(job)
  File "/usr/local/lib/python3.11/site-packages/schedule/__init__.py", line 172, in _run_job
    ret = job.run()
          ^^^^^^^^^
  File "/usr/local/lib/python3.11/site-packages/schedule/__init__.py", line 693, in run
    ret = self.job_func()
          ^^^^^^^^^^^^^^^
  File "/app/cron/scheduler.py", line 28, in <lambda>
    lambda: _run_job_with_error_handling("generate-weekly-combinations-optimized",
           ^^^^^^^^^^^^^^^^^^^^^^^^^^^^^^^^^^^^^^^^^^^^^^^^^^^^^^^^^^^^^^^^^^^^^^
  File "/app/cron/scheduler.py", line 121, in _run_job_with_error_handling
    job_function()
  File "/app/cron/scheduler.py", line 29, in <lambda>
    lambda: call_backend_endpoint("/cron/generate-weekly-combinations-optimized", last_successful_job),
            ^^^^^^^^^^^^^^^^^^^^^^^^^^^^^^^^^^^^^^^^^^^^^^^^^^^^^^^^^^^^^^^^^^^^^^^^^^^^^^^^^^^^^^^^^^
  File "/app/cron/api_endpoints.py", line 33, in call_backend_endpoint
    health_check = requests.get(f"{backend_url}/health", timeout=30)
                   ^^^^^^^^^^^^^^^^^^^^^^^^^^^^^^^^^^^^^^^^^^^^^^^^^
  File "/usr/local/lib/python3.11/site-packages/requests/api.py", line 73, in get
    return request("get", url, params=params, **kwargs)
           ^^^^^^^^^^^^^^^^^^^^^^^^^^^^^^^^^^^^^^^^^^^^
  File "/usr/local/lib/python3.11/site-packages/requests/api.py", line 59, in request
    return session.request(method=method, url=url, **kwargs)
           ^^^^^^^^^^^^^^^^^^^^^^^^^^^^^^^^^^^^^^^^^^^^^^^^^
  File "/usr/local/lib/python3.11/site-packages/requests/sessions.py", line 589, in request
    resp = self.send(prep, **send_kwargs)
           ^^^^^^^^^^^^^^^^^^^^^^^^^^^^^^
  File "/usr/local/lib/python3.11/site-packages/requests/sessions.py", line 703, in send
    r = adapter.send(request, **kwargs)
        ^^^^^^^^^^^^^^^^^^^^^^^^^^^^^^^
  File "/usr/local/lib/python3.11/site-packages/requests/adapters.py", line 532, in send
    raise ReadTimeout(e, request=request)
requests.exceptions.ReadTimeout: HTTPConnectionPool(host='backend', port=8000): Read timed out. (read timeout=30)

  context:
    consecutive_errors: 6
    action: scheduler_stopped_to_prevent_spam
  timestamp: 2025-12-29T20:17:43.331531


2025-12-29 22:18:02 UTC - cron_service - WARNING - [api_endpoints.py:health_check_endpoint:221] -
Backend health check failed
Context:
  error: HTTPConnectionPool(host='backend', port=8000): Read timed out. (read timeout=3)
  timestamp: 2025-12-29T20:18:02.453340


2025-12-29 22:18:05 UTC - cron_service - WARNING - [api_endpoints.py:health_check_endpoint:230] -
Cron status check failed
Context:
  error: HTTPConnectionPool(host='backend', port=8000): Read timed out. (read timeout=3)
  timestamp: 2025-12-29T20:18:05.463262


2025-12-29 22:18:13 UTC - cron_service - ERROR - [error_handler.py:_send_error_notification:78] -
Arrr! Failed to send error notification!
Context:
  job_name: scheduler-loop
  notification_error: HTTPConnectionPool(host='email-service', port=8000): Read timed out. (read timeout=30)
  timestamp: 2025-12-29T20:18:13.364811


2025-12-29 22:18:13 UTC - cron_service - ERROR - [error_handler.py:handle_job_error:45] -
Arrr! Failed to send error notification for job 'scheduler-loop'!
Context:
  original_error: HTTPConnectionPool(host='backend', port=8000): Read timed out. (read timeout=30)
  notification_error: HTTPConnectionPool(host='email-service', port=8000): Read timed out. (read timeout=30)
  timestamp: 2025-12-29T20:18:13.366063


2025-12-29 22:18:38 UTC - cron_service - WARNING - [api_endpoints.py:health_check_endpoint:221] -
Backend health check failed
Context:
  error: HTTPConnectionPool(host='backend', port=8000): Read timed out. (read timeout=3)
  timestamp: 2025-12-29T20:18:38.566568


2025-12-29 22:18:41 UTC - cron_service - WARNING - [api_endpoints.py:health_check_endpoint:230] -
Cron status check failed
Context:
  error: HTTPConnectionPool(host='backend', port=8000): Read timed out. (read timeout=3)
  timestamp: 2025-12-29T20:18:41.574759


2025-12-29 22:19:14 UTC - cron_service - WARNING - [api_endpoints.py:health_check_endpoint:221] -
Backend health check failed
Context:
  error: HTTPConnectionPool(host='backend', port=8000): Read timed out. (read timeout=3)
  timestamp: 2025-12-29T20:19:14.674063


2025-12-29 22:19:17 UTC - cron_service - WARNING - [api_endpoints.py:health_check_endpoint:230] -
Cron status check failed
Context:
  error: HTTPConnectionPool(host='backend', port=8000): Read timed out. (read timeout=3)
  timestamp: 2025-12-29T20:19:17.683001


2025-12-29 22:19:50 UTC - cron_service - WARNING - [api_endpoints.py:health_check_endpoint:221] -
Backend health check failed
Context:
  error: HTTPConnectionPool(host='backend', port=8000): Read timed out. (read timeout=3)
  timestamp: 2025-12-29T20:19:50.757136


2025-12-29 22:19:53 UTC - cron_service - WARNING - [api_endpoints.py:health_check_endpoint:230] -
Cron status check failed
Context:
  error: HTTPConnectionPool(host='backend', port=8000): Read timed out. (read timeout=3)
  timestamp: 2025-12-29T20:19:53.765656


2025-12-29 22:20:26 UTC - cron_service - WARNING - [api_endpoints.py:health_check_endpoint:221] -
Backend health check failed
Context:
  error: HTTPConnectionPool(host='backend', port=8000): Read timed out. (read timeout=3)
  timestamp: 2025-12-29T20:20:26.849569


2025-12-29 22:20:29 UTC - cron_service - WARNING - [api_endpoints.py:health_check_endpoint:230] -
Cron status check failed
Context:
  error: HTTPConnectionPool(host='backend', port=8000): Read timed out. (read timeout=3)
  timestamp: 2025-12-29T20:20:29.859495


2025-12-29 22:21:02 UTC - cron_service - WARNING - [api_endpoints.py:health_check_endpoint:221] -
Backend health check failed
Context:
  error: HTTPConnectionPool(host='backend', port=8000): Read timed out. (read timeout=3)
  timestamp: 2025-12-29T20:21:02.941434


2025-12-29 22:21:05 UTC - cron_service - WARNING - [api_endpoints.py:health_check_endpoint:230] -
Cron status check failed
Context:
  error: HTTPConnectionPool(host='backend', port=8000): Read timed out. (read timeout=3)
  timestamp: 2025-12-29T20:21:05.949733


2025-12-29 22:21:39 UTC - cron_service - WARNING - [api_endpoints.py:health_check_endpoint:221] -
Backend health check failed
Context:
  error: HTTPConnectionPool(host='backend', port=8000): Read timed out. (read timeout=3)
  timestamp: 2025-12-29T20:21:39.045672


2025-12-29 22:21:42 UTC - cron_service - WARNING - [api_endpoints.py:health_check_endpoint:230] -
Cron status check failed
Context:
  error: HTTPConnectionPool(host='backend', port=8000): Read timed out. (read timeout=3)
  timestamp: 2025-12-29T20:21:42.054577


2025-12-29 22:22:15 UTC - cron_service - WARNING - [api_endpoints.py:health_check_endpoint:221] -
Backend health check failed
Context:
  error: HTTPConnectionPool(host='backend', port=8000): Read timed out. (read timeout=3)
  timestamp: 2025-12-29T20:22:15.141127


2025-12-29 22:22:18 UTC - cron_service - WARNING - [api_endpoints.py:health_check_endpoint:230] -
Cron status check failed
Context:
  error: HTTPConnectionPool(host='backend', port=8000): Read timed out. (read timeout=3)
  timestamp: 2025-12-29T20:22:18.150621


2025-12-29 22:22:51 UTC - cron_service - WARNING - [api_endpoints.py:health_check_endpoint:221] -
Backend health check failed
Context:
  error: HTTPConnectionPool(host='backend', port=8000): Read timed out. (read timeout=3)
  timestamp: 2025-12-29T20:22:51.237183


2025-12-29 22:22:54 UTC - cron_service - WARNING - [api_endpoints.py:health_check_endpoint:230] -
Cron status check failed
Context:
  error: HTTPConnectionPool(host='backend', port=8000): Read timed out. (read timeout=3)
  timestamp: 2025-12-29T20:22:54.245235


2025-12-29 22:23:27 UTC - cron_service - WARNING - [api_endpoints.py:health_check_endpoint:221] -
Backend health check failed
Context:
  error: HTTPConnectionPool(host='backend', port=8000): Read timed out. (read timeout=3)
  timestamp: 2025-12-29T20:23:27.349478


2025-12-29 22:23:30 UTC - cron_service - WARNING - [api_endpoints.py:health_check_endpoint:230] -
Cron status check failed
Context:
  error: HTTPConnectionPool(host='backend', port=8000): Read timed out. (read timeout=3)
  timestamp: 2025-12-29T20:23:30.357380


2025-12-29 22:24:03 UTC - cron_service - WARNING - [api_endpoints.py:health_check_endpoint:221] -
Backend health check failed
Context:
  error: HTTPConnectionPool(host='backend', port=8000): Read timed out. (read timeout=3)
  timestamp: 2025-12-29T20:24:03.440068


2025-12-29 22:24:06 UTC - cron_service - WARNING - [api_endpoints.py:health_check_endpoint:230] -
Cron status check failed
Context:
  error: HTTPConnectionPool(host='backend', port=8000): Read timed out. (read timeout=3)
  timestamp: 2025-12-29T20:24:06.449373


2025-12-29 22:24:39 UTC - cron_service - WARNING - [api_endpoints.py:health_check_endpoint:221] -
Backend health check failed
Context:
  error: HTTPConnectionPool(host='backend', port=8000): Read timed out. (read timeout=3)
  timestamp: 2025-12-29T20:24:39.553409


2025-12-29 22:24:42 UTC - cron_service - WARNING - [api_endpoints.py:health_check_endpoint:230] -
Cron status check failed
Context:
  error: HTTPConnectionPool(host='backend', port=8000): Read timed out. (read timeout=3)
  timestamp: 2025-12-29T20:24:42.562178


2025-12-29 22:25:15 UTC - cron_service - WARNING - [api_endpoints.py:health_check_endpoint:221] -
Backend health check failed
Context:
  error: HTTPConnectionPool(host='backend', port=8000): Read timed out. (read timeout=3)
  timestamp: 2025-12-29T20:25:15.658525


2025-12-29 22:25:18 UTC - cron_service - WARNING - [api_endpoints.py:health_check_endpoint:230] -
Cron status check failed
Context:
  error: HTTPConnectionPool(host='backend', port=8000): Read timed out. (read timeout=3)
  timestamp: 2025-12-29T20:25:18.666932


2025-12-29 22:25:51 UTC - cron_service - WARNING - [api_endpoints.py:health_check_endpoint:221] -
Backend health check failed
Context:
  error: HTTPConnectionPool(host='backend', port=8000): Read timed out. (read timeout=3)
  timestamp: 2025-12-29T20:25:51.782374


2025-12-29 22:25:54 UTC - cron_service - WARNING - [api_endpoints.py:health_check_endpoint:230] -
Cron status check failed
Context:
  error: HTTPConnectionPool(host='backend', port=8000): Read timed out. (read timeout=3)
  timestamp: 2025-12-29T20:25:54.790594


2025-12-29 22:26:27 UTC - cron_service - WARNING - [api_endpoints.py:health_check_endpoint:221] -
Backend health check failed
Context:
  error: HTTPConnectionPool(host='backend', port=8000): Read timed out. (read timeout=3)
  timestamp: 2025-12-29T20:26:27.873412


2025-12-29 22:26:30 UTC - cron_service - WARNING - [api_endpoints.py:health_check_endpoint:230] -
Cron status check failed
Context:
  error: HTTPConnectionPool(host='backend', port=8000): Read timed out. (read timeout=3)
  timestamp: 2025-12-29T20:26:30.881154


2025-12-29 22:27:03 UTC - cron_service - WARNING - [api_endpoints.py:health_check_endpoint:221] -
Backend health check failed
Context:
  error: HTTPConnectionPool(host='backend', port=8000): Read timed out. (read timeout=3)
  timestamp: 2025-12-29T20:27:03.980259


2025-12-29 22:27:06 UTC - cron_service - WARNING - [api_endpoints.py:health_check_endpoint:230] -
Cron status check failed
Context:
  error: HTTPConnectionPool(host='backend', port=8000): Read timed out. (read timeout=3)
  timestamp: 2025-12-29T20:27:06.987774


2025-12-29 22:27:40 UTC - cron_service - WARNING - [api_endpoints.py:health_check_endpoint:221] -
Backend health check failed
Context:
  error: HTTPConnectionPool(host='backend', port=8000): Read timed out. (read timeout=3)
  timestamp: 2025-12-29T20:27:40.075028


2025-12-29 22:27:43 UTC - cron_service - WARNING - [api_endpoints.py:health_check_endpoint:230] -
Cron status check failed
Context:
  error: HTTPConnectionPool(host='backend', port=8000): Read timed out. (read timeout=3)
  timestamp: 2025-12-29T20:27:43.082752


2025-12-29 22:28:16 UTC - cron_service - WARNING - [api_endpoints.py:health_check_endpoint:221] -
Backend health check failed
Context:
  error: HTTPConnectionPool(host='backend', port=8000): Read timed out. (read timeout=3)
  timestamp: 2025-12-29T20:28:16.185913


2025-12-29 22:28:19 UTC - cron_service - WARNING - [api_endpoints.py:health_check_endpoint:230] -
Cron status check failed
Context:
  error: HTTPConnectionPool(host='backend', port=8000): Read timed out. (read timeout=3)
  timestamp: 2025-12-29T20:28:19.194964


2025-12-29 22:28:52 UTC - cron_service - WARNING - [api_endpoints.py:health_check_endpoint:221] -
Backend health check failed
Context:
  error: HTTPConnectionPool(host='backend', port=8000): Read timed out. (read timeout=3)
  timestamp: 2025-12-29T20:28:52.286598


2025-12-29 22:28:55 UTC - cron_service - WARNING - [api_endpoints.py:health_check_endpoint:230] -
Cron status check failed
Context:
  error: HTTPConnectionPool(host='backend', port=8000): Read timed out. (read timeout=3)
  timestamp: 2025-12-29T20:28:55.295301


2025-12-29 22:29:28 UTC - cron_service - WARNING - [api_endpoints.py:health_check_endpoint:221] -
Backend health check failed
Context:
  error: HTTPConnectionPool(host='backend', port=8000): Read timed out. (read timeout=3)
  timestamp: 2025-12-29T20:29:28.396741


2025-12-29 22:29:31 UTC - cron_service - WARNING - [api_endpoints.py:health_check_endpoint:230] -
Cron status check failed
Context:
  error: HTTPConnectionPool(host='backend', port=8000): Read timed out. (read timeout=3)
  timestamp: 2025-12-29T20:29:31.404147


2025-12-29 22:30:04 UTC - cron_service - WARNING - [api_endpoints.py:health_check_endpoint:221] -
Backend health check failed
Context:
  error: HTTPConnectionPool(host='backend', port=8000): Read timed out. (read timeout=3)
  timestamp: 2025-12-29T20:30:04.511071


2025-12-29 22:30:07 UTC - cron_service - WARNING - [api_endpoints.py:health_check_endpoint:230] -
Cron status check failed
Context:
  error: HTTPConnectionPool(host='backend', port=8000): Read timed out. (read timeout=3)
  timestamp: 2025-12-29T20:30:07.518996


2025-12-29 22:30:40 UTC - cron_service - WARNING - [api_endpoints.py:health_check_endpoint:221] -
Backend health check failed
Context:
  error: HTTPConnectionPool(host='backend', port=8000): Read timed out. (read timeout=3)
  timestamp: 2025-12-29T20:30:40.605143


2025-12-29 22:30:43 UTC - cron_service - WARNING - [api_endpoints.py:health_check_endpoint:230] -
Cron status check failed
Context:
  error: HTTPConnectionPool(host='backend', port=8000): Read timed out. (read timeout=3)
  timestamp: 2025-12-29T20:30:43.613231


2025-12-29 22:31:16 UTC - cron_service - WARNING - [api_endpoints.py:health_check_endpoint:221] -
Backend health check failed
Context:
  error: HTTPConnectionPool(host='backend', port=8000): Read timed out. (read timeout=3)
  timestamp: 2025-12-29T20:31:16.697300


2025-12-29 22:31:19 UTC - cron_service - WARNING - [api_endpoints.py:health_check_endpoint:230] -
Cron status check failed
Context:
  error: HTTPConnectionPool(host='backend', port=8000): Read timed out. (read timeout=3)
  timestamp: 2025-12-29T20:31:19.705533


2025-12-29 22:31:52 UTC - cron_service - WARNING - [api_endpoints.py:health_check_endpoint:221] -
Backend health check failed
Context:
  error: HTTPConnectionPool(host='backend', port=8000): Read timed out. (read timeout=3)
  timestamp: 2025-12-29T20:31:52.809893


2025-12-29 22:31:55 UTC - cron_service - WARNING - [api_endpoints.py:health_check_endpoint:230] -
Cron status check failed
Context:
  error: HTTPConnectionPool(host='backend', port=8000): Read timed out. (read timeout=3)
  timestamp: 2025-12-29T20:31:55.818676


2025-12-29 22:32:28 UTC - cron_service - WARNING - [api_endpoints.py:health_check_endpoint:221] -
Backend health check failed
Context:
  error: HTTPConnectionPool(host='backend', port=8000): Read timed out. (read timeout=3)
  timestamp: 2025-12-29T20:32:28.905562


2025-12-29 22:32:31 UTC - cron_service - WARNING - [api_endpoints.py:health_check_endpoint:230] -
Cron status check failed
Context:
  error: HTTPConnectionPool(host='backend', port=8000): Read timed out. (read timeout=3)
  timestamp: 2025-12-29T20:32:31.915137


2025-12-29 22:33:05 UTC - cron_service - WARNING - [api_endpoints.py:health_check_endpoint:221] -
Backend health check failed
Context:
  error: HTTPConnectionPool(host='backend', port=8000): Read timed out. (read timeout=3)
  timestamp: 2025-12-29T20:33:05.016786


2025-12-29 22:33:08 UTC - cron_service - WARNING - [api_endpoints.py:health_check_endpoint:230] -
Cron status check failed
Context:
  error: HTTPConnectionPool(host='backend', port=8000): Read timed out. (read timeout=3)
  timestamp: 2025-12-29T20:33:08.024742


2025-12-29 22:33:41 UTC - cron_service - WARNING - [api_endpoints.py:health_check_endpoint:221] -
Backend health check failed
Context:
  error: HTTPConnectionPool(host='backend', port=8000): Read timed out. (read timeout=3)
  timestamp: 2025-12-29T20:33:41.201657


2025-12-29 22:33:44 UTC - cron_service - WARNING - [api_endpoints.py:health_check_endpoint:230] -
Cron status check failed
Context:
  error: HTTPConnectionPool(host='backend', port=8000): Read timed out. (read timeout=3)
  timestamp: 2025-12-29T20:33:44.210527


2025-12-29 22:34:17 UTC - cron_service - WARNING - [api_endpoints.py:health_check_endpoint:221] -
Backend health check failed
Context:
  error: HTTPConnectionPool(host='backend', port=8000): Read timed out. (read timeout=3)
  timestamp: 2025-12-29T20:34:17.310864


2025-12-29 22:34:20 UTC - cron_service - WARNING - [api_endpoints.py:health_check_endpoint:230] -
Cron status check failed
Context:
  error: HTTPConnectionPool(host='backend', port=8000): Read timed out. (read timeout=3)
  timestamp: 2025-12-29T20:34:20.319130


2025-12-29 22:34:53 UTC - cron_service - WARNING - [api_endpoints.py:health_check_endpoint:221] -
Backend health check failed
Context:
  error: HTTPConnectionPool(host='backend', port=8000): Read timed out. (read timeout=3)
  timestamp: 2025-12-29T20:34:53.402476


2025-12-29 22:34:56 UTC - cron_service - WARNING - [api_endpoints.py:health_check_endpoint:230] -
Cron status check failed
Context:
  error: HTTPConnectionPool(host='backend', port=8000): Read timed out. (read timeout=3)
  timestamp: 2025-12-29T20:34:56.409891


2025-12-29 22:35:29 UTC - cron_service - WARNING - [api_endpoints.py:health_check_endpoint:221] -
Backend health check failed
Context:
  error: HTTPConnectionPool(host='backend', port=8000): Read timed out. (read timeout=3)
  timestamp: 2025-12-29T20:35:29.502275


2025-12-29 22:35:32 UTC - cron_service - WARNING - [api_endpoints.py:health_check_endpoint:230] -
Cron status check failed
Context:
  error: HTTPConnectionPool(host='backend', port=8000): Read timed out. (read timeout=3)
  timestamp: 2025-12-29T20:35:32.510469


2025-12-29 22:36:05 UTC - cron_service - WARNING - [api_endpoints.py:health_check_endpoint:221] -
Backend health check failed
Context:
  error: HTTPConnectionPool(host='backend', port=8000): Read timed out. (read timeout=3)
  timestamp: 2025-12-29T20:36:05.625537


2025-12-29 22:36:08 UTC - cron_service - WARNING - [api_endpoints.py:health_check_endpoint:230] -
Cron status check failed
Context:
  error: HTTPConnectionPool(host='backend', port=8000): Read timed out. (read timeout=3)
  timestamp: 2025-12-29T20:36:08.633538


2025-12-29 22:36:41 UTC - cron_service - WARNING - [api_endpoints.py:health_check_endpoint:221] -
Backend health check failed
Context:
  error: HTTPConnectionPool(host='backend', port=8000): Read timed out. (read timeout=3)
  timestamp: 2025-12-29T20:36:41.718268


2025-12-29 22:36:44 UTC - cron_service - WARNING - [api_endpoints.py:health_check_endpoint:230] -
Cron status check failed
Context:
  error: HTTPConnectionPool(host='backend', port=8000): Read timed out. (read timeout=3)
  timestamp: 2025-12-29T20:36:44.727928


2025-12-29 22:37:17 UTC - cron_service - WARNING - [api_endpoints.py:health_check_endpoint:221] -
Backend health check failed
Context:
  error: HTTPConnectionPool(host='backend', port=8000): Read timed out. (read timeout=3)
  timestamp: 2025-12-29T20:37:17.807405


2025-12-29 22:37:20 UTC - cron_service - WARNING - [api_endpoints.py:health_check_endpoint:230] -
Cron status check failed
Context:
  error: HTTPConnectionPool(host='backend', port=8000): Read timed out. (read timeout=3)
  timestamp: 2025-12-29T20:37:20.817086


2025-12-29 22:37:53 UTC - cron_service - WARNING - [api_endpoints.py:health_check_endpoint:221] -
Backend health check failed
Context:
  error: HTTPConnectionPool(host='backend', port=8000): Read timed out. (read timeout=3)
  timestamp: 2025-12-29T20:37:53.904057


2025-12-29 22:37:56 UTC - cron_service - WARNING - [api_endpoints.py:health_check_endpoint:230] -
Cron status check failed
Context:
  error: HTTPConnectionPool(host='backend', port=8000): Read timed out. (read timeout=3)
  timestamp: 2025-12-29T20:37:56.910550


2025-12-29 22:38:29 UTC - cron_service - WARNING - [api_endpoints.py:health_check_endpoint:221] -
Backend health check failed
Context:
  error: HTTPConnectionPool(host='backend', port=8000): Read timed out. (read timeout=3)
  timestamp: 2025-12-29T20:38:29.996775


2025-12-29 22:38:33 UTC - cron_service - WARNING - [api_endpoints.py:health_check_endpoint:230] -
Cron status check failed
Context:
  error: HTTPConnectionPool(host='backend', port=8000): Read timed out. (read timeout=3)
  timestamp: 2025-12-29T20:38:33.004436


2025-12-29 22:39:06 UTC - cron_service - WARNING - [api_endpoints.py:health_check_endpoint:221] -
Backend health check failed
Context:
  error: HTTPConnectionPool(host='backend', port=8000): Read timed out. (read timeout=3)
  timestamp: 2025-12-29T20:39:06.120190


2025-12-29 22:39:09 UTC - cron_service - WARNING - [api_endpoints.py:health_check_endpoint:230] -
Cron status check failed
Context:
  error: HTTPConnectionPool(host='backend', port=8000): Read timed out. (read timeout=3)
  timestamp: 2025-12-29T20:39:09.126690


2025-12-29 22:39:42 UTC - cron_service - WARNING - [api_endpoints.py:health_check_endpoint:221] -
Backend health check failed
Context:
  error: HTTPConnectionPool(host='backend', port=8000): Read timed out. (read timeout=3)
  timestamp: 2025-12-29T20:39:42.218472


2025-12-29 22:39:45 UTC - cron_service - WARNING - [api_endpoints.py:health_check_endpoint:230] -
Cron status check failed
Context:
  error: HTTPConnectionPool(host='backend', port=8000): Read timed out. (read timeout=3)
  timestamp: 2025-12-29T20:39:45.225278


2025-12-29 22:40:18 UTC - cron_service - WARNING - [api_endpoints.py:health_check_endpoint:221] -
Backend health check failed
Context:
  error: HTTPConnectionPool(host='backend', port=8000): Read timed out. (read timeout=3)
  timestamp: 2025-12-29T20:40:18.311507


2025-12-29 22:40:21 UTC - cron_service - WARNING - [api_endpoints.py:health_check_endpoint:230] -
Cron status check failed
Context:
  error: HTTPConnectionPool(host='backend', port=8000): Read timed out. (read timeout=3)
  timestamp: 2025-12-29T20:40:21.319641


2025-12-29 22:40:54 UTC - cron_service - WARNING - [api_endpoints.py:health_check_endpoint:221] -
Backend health check failed
Context:
  error: HTTPConnectionPool(host='backend', port=8000): Read timed out. (read timeout=3)
  timestamp: 2025-12-29T20:40:54.401139


2025-12-29 22:40:57 UTC - cron_service - WARNING - [api_endpoints.py:health_check_endpoint:230] -
Cron status check failed
Context:
  error: HTTPConnectionPool(host='backend', port=8000): Read timed out. (read timeout=3)
  timestamp: 2025-12-29T20:40:57.409202


2025-12-29 22:41:30 UTC - cron_service - WARNING - [api_endpoints.py:health_check_endpoint:221] -
Backend health check failed
Context:
  error: HTTPConnectionPool(host='backend', port=8000): Read timed out. (read timeout=3)
  timestamp: 2025-12-29T20:41:30.507544


2025-12-29 22:41:33 UTC - cron_service - WARNING - [api_endpoints.py:health_check_endpoint:230] -
Cron status check failed
Context:
  error: HTTPConnectionPool(host='backend', port=8000): Read timed out. (read timeout=3)
  timestamp: 2025-12-29T20:41:33.515870


2025-12-29 22:42:06 UTC - cron_service - WARNING - [api_endpoints.py:health_check_endpoint:221] -
Backend health check failed
Context:
  error: HTTPConnectionPool(host='backend', port=8000): Read timed out. (read timeout=3)
  timestamp: 2025-12-29T20:42:06.616405


2025-12-29 22:42:09 UTC - cron_service - WARNING - [api_endpoints.py:health_check_endpoint:230] -
Cron status check failed
Context:
  error: HTTPConnectionPool(host='backend', port=8000): Read timed out. (read timeout=3)
  timestamp: 2025-12-29T20:42:09.625010


2025-12-29 22:42:42 UTC - cron_service - WARNING - [api_endpoints.py:health_check_endpoint:221] -
Backend health check failed
Context:
  error: HTTPConnectionPool(host='backend', port=8000): Read timed out. (read timeout=3)
  timestamp: 2025-12-29T20:42:42.719408


2025-12-29 22:42:45 UTC - cron_service - WARNING - [api_endpoints.py:health_check_endpoint:230] -
Cron status check failed
Context:
  error: HTTPConnectionPool(host='backend', port=8000): Read timed out. (read timeout=3)
  timestamp: 2025-12-29T20:42:45.736948


2025-12-29 22:43:18 UTC - cron_service - WARNING - [api_endpoints.py:health_check_endpoint:221] -
Backend health check failed
Context:
  error: HTTPConnectionPool(host='backend', port=8000): Read timed out. (read timeout=3)
  timestamp: 2025-12-29T20:43:18.837951


2025-12-29 22:43:21 UTC - cron_service - WARNING - [api_endpoints.py:health_check_endpoint:230] -
Cron status check failed
Context:
  error: HTTPConnectionPool(host='backend', port=8000): Read timed out. (read timeout=3)
  timestamp: 2025-12-29T20:43:21.846746


2025-12-29 22:43:54 UTC - cron_service - WARNING - [api_endpoints.py:health_check_endpoint:221] -
Backend health check failed
Context:
  error: HTTPConnectionPool(host='backend', port=8000): Read timed out. (read timeout=3)
  timestamp: 2025-12-29T20:43:54.949929


2025-12-29 22:43:57 UTC - cron_service - WARNING - [api_endpoints.py:health_check_endpoint:230] -
Cron status check failed
Context:
  error: HTTPConnectionPool(host='backend', port=8000): Read timed out. (read timeout=3)
  timestamp: 2025-12-29T20:43:57.959222


2025-12-29 22:44:31 UTC - cron_service - WARNING - [api_endpoints.py:health_check_endpoint:221] -
Backend health check failed
Context:
  error: HTTPConnectionPool(host='backend', port=8000): Read timed out. (read timeout=3)
  timestamp: 2025-12-29T20:44:31.038084


2025-12-29 22:44:34 UTC - cron_service - WARNING - [api_endpoints.py:health_check_endpoint:230] -
Cron status check failed
Context:
  error: HTTPConnectionPool(host='backend', port=8000): Read timed out. (read timeout=3)
  timestamp: 2025-12-29T20:44:34.046146


2025-12-29 22:45:07 UTC - cron_service - WARNING - [api_endpoints.py:health_check_endpoint:221] -
Backend health check failed
Context:
  error: HTTPConnectionPool(host='backend', port=8000): Read timed out. (read timeout=3)
  timestamp: 2025-12-29T20:45:07.144346


2025-12-29 22:45:10 UTC - cron_service - WARNING - [api_endpoints.py:health_check_endpoint:230] -
Cron status check failed
Context:
  error: HTTPConnectionPool(host='backend', port=8000): Read timed out. (read timeout=3)
  timestamp: 2025-12-29T20:45:10.152952


2025-12-29 22:45:43 UTC - cron_service - WARNING - [api_endpoints.py:health_check_endpoint:221] -
Backend health check failed
Context:
  error: HTTPConnectionPool(host='backend', port=8000): Read timed out. (read timeout=3)
  timestamp: 2025-12-29T20:45:43.237378


2025-12-29 22:45:46 UTC - cron_service - WARNING - [api_endpoints.py:health_check_endpoint:230] -
Cron status check failed
Context:
  error: HTTPConnectionPool(host='backend', port=8000): Read timed out. (read timeout=3)
  timestamp: 2025-12-29T20:45:46.243828


2025-12-29 22:46:19 UTC - cron_service - WARNING - [api_endpoints.py:health_check_endpoint:221] -
Backend health check failed
Context:
  error: HTTPConnectionPool(host='backend', port=8000): Read timed out. (read timeout=3)
  timestamp: 2025-12-29T20:46:19.331581


2025-12-29 22:46:22 UTC - cron_service - WARNING - [api_endpoints.py:health_check_endpoint:230] -
Cron status check failed
Context:
  error: HTTPConnectionPool(host='backend', port=8000): Read timed out. (read timeout=3)
  timestamp: 2025-12-29T20:46:22.341212


2025-12-29 22:46:55 UTC - cron_service - WARNING - [api_endpoints.py:health_check_endpoint:221] -
Backend health check failed
Context:
  error: HTTPConnectionPool(host='backend', port=8000): Read timed out. (read timeout=3)
  timestamp: 2025-12-29T20:46:55.420614


2025-12-29 22:46:58 UTC - cron_service - WARNING - [api_endpoints.py:health_check_endpoint:230] -
Cron status check failed
Context:
  error: HTTPConnectionPool(host='backend', port=8000): Read timed out. (read timeout=3)
  timestamp: 2025-12-29T20:46:58.428342


2025-12-29 22:47:31 UTC - cron_service - WARNING - [api_endpoints.py:health_check_endpoint:221] -
Backend health check failed
Context:
  error: HTTPConnectionPool(host='backend', port=8000): Read timed out. (read timeout=3)
  timestamp: 2025-12-29T20:47:31.520033


2025-12-29 22:47:34 UTC - cron_service - WARNING - [api_endpoints.py:health_check_endpoint:230] -
Cron status check failed
Context:
  error: HTTPConnectionPool(host='backend', port=8000): Read timed out. (read timeout=3)
  timestamp: 2025-12-29T20:47:34.528744


2025-12-29 22:48:07 UTC - cron_service - WARNING - [api_endpoints.py:health_check_endpoint:221] -
Backend health check failed
Context:
  error: HTTPConnectionPool(host='backend', port=8000): Read timed out. (read timeout=3)
  timestamp: 2025-12-29T20:48:07.628991


2025-12-29 22:48:10 UTC - cron_service - WARNING - [api_endpoints.py:health_check_endpoint:230] -
Cron status check failed
Context:
  error: HTTPConnectionPool(host='backend', port=8000): Read timed out. (read timeout=3)
  timestamp: 2025-12-29T20:48:10.637809


2025-12-29 22:48:43 UTC - cron_service - WARNING - [api_endpoints.py:health_check_endpoint:221] -
Backend health check failed
Context:
  error: HTTPConnectionPool(host='backend', port=8000): Read timed out. (read timeout=3)
  timestamp: 2025-12-29T20:48:43.726160


2025-12-29 22:48:46 UTC - cron_service - WARNING - [api_endpoints.py:health_check_endpoint:230] -
Cron status check failed
Context:
  error: HTTPConnectionPool(host='backend', port=8000): Read timed out. (read timeout=3)
  timestamp: 2025-12-29T20:48:46.733974


2025-12-29 22:49:19 UTC - cron_service - WARNING - [api_endpoints.py:health_check_endpoint:221] -
Backend health check failed
Context:
  error: HTTPConnectionPool(host='backend', port=8000): Read timed out. (read timeout=3)
  timestamp: 2025-12-29T20:49:19.827872


2025-12-29 22:49:22 UTC - cron_service - WARNING - [api_endpoints.py:health_check_endpoint:230] -
Cron status check failed
Context:
  error: HTTPConnectionPool(host='backend', port=8000): Read timed out. (read timeout=3)
  timestamp: 2025-12-29T20:49:22.838091


2025-12-29 22:49:55 UTC - cron_service - WARNING - [api_endpoints.py:health_check_endpoint:221] -
Backend health check failed
Context:
  error: HTTPConnectionPool(host='backend', port=8000): Read timed out. (read timeout=3)
  timestamp: 2025-12-29T20:49:55.924406


2025-12-29 22:49:58 UTC - cron_service - WARNING - [api_endpoints.py:health_check_endpoint:230] -
Cron status check failed
Context:
  error: HTTPConnectionPool(host='backend', port=8000): Read timed out. (read timeout=3)
  timestamp: 2025-12-29T20:49:58.933207


2025-12-29 22:50:32 UTC - cron_service - WARNING - [api_endpoints.py:health_check_endpoint:221] -
Backend health check failed
Context:
  error: HTTPConnectionPool(host='backend', port=8000): Read timed out. (read timeout=3)
  timestamp: 2025-12-29T20:50:32.017190


2025-12-29 22:50:35 UTC - cron_service - WARNING - [api_endpoints.py:health_check_endpoint:230] -
Cron status check failed
Context:
  error: HTTPConnectionPool(host='backend', port=8000): Read timed out. (read timeout=3)
  timestamp: 2025-12-29T20:50:35.027288


2025-12-29 22:51:08 UTC - cron_service - WARNING - [api_endpoints.py:health_check_endpoint:221] -
Backend health check failed
Context:
  error: HTTPConnectionPool(host='backend', port=8000): Read timed out. (read timeout=3)
  timestamp: 2025-12-29T20:51:08.110132


2025-12-29 22:51:11 UTC - cron_service - WARNING - [api_endpoints.py:health_check_endpoint:230] -
Cron status check failed
Context:
  error: HTTPConnectionPool(host='backend', port=8000): Read timed out. (read timeout=3)
  timestamp: 2025-12-29T20:51:11.117868


2025-12-29 22:51:44 UTC - cron_service - WARNING - [api_endpoints.py:health_check_endpoint:221] -
Backend health check failed
Context:
  error: HTTPConnectionPool(host='backend', port=8000): Read timed out. (read timeout=3)
  timestamp: 2025-12-29T20:51:44.200064


2025-12-29 22:51:47 UTC - cron_service - WARNING - [api_endpoints.py:health_check_endpoint:230] -
Cron status check failed
Context:
  error: HTTPConnectionPool(host='backend', port=8000): Read timed out. (read timeout=3)
  timestamp: 2025-12-29T20:51:47.206145


2025-12-29 22:52:08 UTC - cron_service - INFO - [unknown:unknown:0] -
Logging service initialized - log rotation: 9.5MB max, backup count: 100, cleanup scheduled via cron service at 02:00 AM daily (14 days retention)


2025-12-29 22:52:08 UTC - cron_service - INFO - [main.py:<module>:181] -
Arrr! Starting cron service...


2025-12-29 22:52:08 UTC - cron_service - INFO - [scheduler.py:setup_jobs:32] -
Arrr! TEST: Weekly combinations OPTIMIZED job scheduled to run at 20:54 UTC (in 2 minutes)!
Context:
  test_time_utc: 20:54
  current_time_utc: 2025-12-29T20:52:08.597115+00:00
  scheduled_in_minutes: 2
  endpoint: /cron/generate-weekly-combinations-optimized
  timestamp: 2025-12-29T20:52:08.598403


2025-12-29 22:52:08 UTC - cron_service - INFO - [scheduler.py:setup_jobs:78] -
Arrr! All jobs scheduled successfully!
Context:
  current_time_utc: 2025-12-29T20:52:08.599106+00:00
  scheduled_jobs: 5
  timestamp: 2025-12-29T20:52:08.599836


2025-12-29 22:52:08 UTC - cron_service - INFO - [scheduler.py:setup_jobs:101] -
Arrr! Job scheduled: generate-weekly-combinations-optimized
Context:
  job_name: generate-weekly-combinations-optimized
  next_run_utc: 2025-12-29T20:54:00+00:00
  days_until_run: 0
  hours_until_run: 0
  timestamp: 2025-12-29T20:52:08.600950


2025-12-29 22:52:08 UTC - cron_service - INFO - [scheduler.py:setup_jobs:101] -
Arrr! Job scheduled: fetch-latest-draw
Context:
  job_name: fetch-latest-draw
  next_run_utc: 2025-12-30T03:00:00+00:00
  days_until_run: 0
  hours_until_run: 6
  timestamp: 2025-12-29T20:52:08.602037


2025-12-29 22:52:08 UTC - cron_service - INFO - [scheduler.py:setup_jobs:101] -
Arrr! Job scheduled: best-model-tables-and-email
Context:
  job_name: best-model-tables-and-email
  next_run_utc: 2026-01-04T14:00:00+00:00
  days_until_run: 5
  hours_until_run: 137
  timestamp: 2025-12-29T20:52:08.603161


2025-12-29 22:52:08 UTC - cron_service - INFO - [scheduler.py:setup_jobs:101] -
Arrr! Job scheduled: cleanup-system
Context:
  job_name: cleanup-system
  next_run_utc: 2025-12-30T02:00:00+00:00
  days_until_run: 0
  hours_until_run: 5
  timestamp: 2025-12-29T20:52:08.604230


2025-12-29 22:52:08 UTC - cron_service - INFO - [scheduler.py:setup_jobs:101] -
Arrr! Job scheduled: backup-database
Context:
  job_name: backup-database
  next_run_utc: 2026-01-04T02:00:00+00:00
  days_until_run: 5
  hours_until_run: 125
  timestamp: 2025-12-29T20:52:08.605296


2025-12-29 22:52:08 UTC - cron_service - INFO - [scheduler.py:run_scheduler:280] -
Arrr! Scheduler thread started!
Context:
  current_time_utc: 2025-12-29T20:52:08.606095+00:00
  scheduled_jobs_count: 5
  timestamp: 2025-12-29T20:52:08.612247


2025-12-29 22:52:20 UTC - cron_service - WARNING - [api_endpoints.py:health_check_endpoint:221] -
Backend health check failed
Context:
  error: HTTPConnectionPool(host='backend', port=8000): Read timed out. (read timeout=3)
  timestamp: 2025-12-29T20:52:20.313837


2025-12-29 22:52:23 UTC - cron_service - WARNING - [api_endpoints.py:health_check_endpoint:230] -
Cron status check failed
Context:
  error: HTTPConnectionPool(host='backend', port=8000): Read timed out. (read timeout=3)
  timestamp: 2025-12-29T20:52:23.322756


2025-12-29 22:52:56 UTC - cron_service - WARNING - [api_endpoints.py:health_check_endpoint:221] -
Backend health check failed
Context:
  error: HTTPConnectionPool(host='backend', port=8000): Read timed out. (read timeout=3)
  timestamp: 2025-12-29T20:52:56.409903


2025-12-29 22:52:59 UTC - cron_service - WARNING - [api_endpoints.py:health_check_endpoint:230] -
Cron status check failed
Context:
  error: HTTPConnectionPool(host='backend', port=8000): Read timed out. (read timeout=3)
  timestamp: 2025-12-29T20:52:59.416478


2025-12-29 22:53:32 UTC - cron_service - WARNING - [api_endpoints.py:health_check_endpoint:221] -
Backend health check failed
Context:
  error: HTTPConnectionPool(host='backend', port=8000): Read timed out. (read timeout=3)
  timestamp: 2025-12-29T20:53:32.504087


2025-12-29 22:53:35 UTC - cron_service - WARNING - [api_endpoints.py:health_check_endpoint:230] -
Cron status check failed
Context:
  error: HTTPConnectionPool(host='backend', port=8000): Read timed out. (read timeout=3)
  timestamp: 2025-12-29T20:53:35.513061


2025-12-29 22:54:08 UTC - cron_service - WARNING - [api_endpoints.py:health_check_endpoint:221] -
Backend health check failed
Context:
  error: HTTPConnectionPool(host='backend', port=8000): Read timed out. (read timeout=3)
  timestamp: 2025-12-29T20:54:08.598573


2025-12-29 22:54:08 UTC - cron_service - INFO - [scheduler.py:_run_job_with_error_handling:115] -
Arrr! Starting scheduled job: generate-weekly-combinations-optimized
Context:
  job_name: generate-weekly-combinations-optimized
  triggered_at_utc: 2025-12-29T20:54:08.614571+00:00
  timestamp: 2025-12-29T20:54:08.616055


2025-12-29 22:54:08 UTC - cron_service - INFO - [api_endpoints.py:call_backend_endpoint:28] -
Arrr! Attempting to call backend endpoint: http://backend:8000/cron/generate-weekly-combinations-optimized (attempt 1/3)


2025-12-29 22:54:11 UTC - cron_service - WARNING - [api_endpoints.py:health_check_endpoint:230] -
Cron status check failed
Context:
  error: HTTPConnectionPool(host='backend', port=8000): Read timed out. (read timeout=3)
  timestamp: 2025-12-29T20:54:11.607374


2025-12-29 22:54:38 UTC - cron_service - WARNING - [api_endpoints.py:call_backend_endpoint:38] -
Arrr! Backend health check failed (attempt 1/3), retrying...
Context:
  error: HTTPConnectionPool(host='backend', port=8000): Read timed out. (read timeout=30)
  url: http://backend:8000/health
  retry_in_seconds: 5
  timestamp: 2025-12-29T20:54:38.650391


2025-12-29 22:54:43 UTC - cron_service - INFO - [api_endpoints.py:call_backend_endpoint:28] -
Arrr! Attempting to call backend endpoint: http://backend:8000/cron/generate-weekly-combinations-optimized (attempt 2/3)


2025-12-29 22:54:44 UTC - cron_service - WARNING - [api_endpoints.py:health_check_endpoint:221] -
Backend health check failed
Context:
  error: HTTPConnectionPool(host='backend', port=8000): Read timed out. (read timeout=3)
  timestamp: 2025-12-29T20:54:44.693900


2025-12-29 22:54:47 UTC - cron_service - WARNING - [api_endpoints.py:health_check_endpoint:230] -
Cron status check failed
Context:
  error: HTTPConnectionPool(host='backend', port=8000): Read timed out. (read timeout=3)
  timestamp: 2025-12-29T20:54:47.701088


2025-12-29 22:55:13 UTC - cron_service - WARNING - [api_endpoints.py:call_backend_endpoint:38] -
Arrr! Backend health check failed (attempt 2/3), retrying...
Context:
  error: HTTPConnectionPool(host='backend', port=8000): Read timed out. (read timeout=30)
  url: http://backend:8000/health
  retry_in_seconds: 5
  timestamp: 2025-12-29T20:55:13.688123


2025-12-29 22:55:18 UTC - cron_service - INFO - [api_endpoints.py:call_backend_endpoint:28] -
Arrr! Attempting to call backend endpoint: http://backend:8000/cron/generate-weekly-combinations-optimized (attempt 3/3)


2025-12-29 22:55:20 UTC - cron_service - WARNING - [api_endpoints.py:health_check_endpoint:221] -
Backend health check failed
Context:
  error: HTTPConnectionPool(host='backend', port=8000): Read timed out. (read timeout=3)
  timestamp: 2025-12-29T20:55:20.784204


2025-12-29 22:55:23 UTC - cron_service - WARNING - [api_endpoints.py:health_check_endpoint:230] -
Cron status check failed
Context:
  error: HTTPConnectionPool(host='backend', port=8000): Read timed out. (read timeout=3)
  timestamp: 2025-12-29T20:55:23.793127


2025-12-29 22:55:48 UTC - cron_service - ERROR - [api_endpoints.py:call_backend_endpoint:49] -
Arrr! Backend health check failed after all retries!
Context:
  error: HTTPConnectionPool(host='backend', port=8000): Read timed out. (read timeout=30)
  url: http://backend:8000/health
  total_attempts: 3
  timestamp: 2025-12-29T20:55:48.721628


2025-12-29 22:55:48 UTC - cron_service - ERROR - [api_endpoints.py:call_backend_endpoint:155] -
Arrr! Timeout calling endpoint after all retries!
Context:
  error: HTTPConnectionPool(host='backend', port=8000): Read timed out. (read timeout=30)
  endpoint: /cron/generate-weekly-combinations-optimized
  backend_url: http://backend:8000
  total_attempts: 3
  timestamp: 2025-12-29T20:55:48.723287


2025-12-29 22:55:48 UTC - cron_service - ERROR - [error_handler.py:handle_job_error:28] -
Arrr! Cron job 'generate-weekly-combinations-optimized' failed!
Context:
  job_name: generate-weekly-combinations-optimized
  error: HTTPConnectionPool(host='backend', port=8000): Read timed out. (read timeout=30)
  error_type: ReadTimeout
  traceback: Traceback (most recent call last):
  File "/usr/local/lib/python3.11/site-packages/urllib3/connectionpool.py", line 534, in _make_request
    response = conn.getresponse()
               ^^^^^^^^^^^^^^^^^^
  File "/usr/local/lib/python3.11/site-packages/urllib3/connection.py", line 565, in getresponse
    httplib_response = super().getresponse()
                       ^^^^^^^^^^^^^^^^^^^^^
  File "/usr/local/lib/python3.11/http/client.py", line 1395, in getresponse
    response.begin()
  File "/usr/local/lib/python3.11/http/client.py", line 325, in begin
    version, status, reason = self._read_status()
                              ^^^^^^^^^^^^^^^^^^^
  File "/usr/local/lib/python3.11/http/client.py", line 286, in _read_status
    line = str(self.fp.readline(_MAXLINE + 1), "iso-8859-1")
               ^^^^^^^^^^^^^^^^^^^^^^^^^^^^^^
  File "/usr/local/lib/python3.11/socket.py", line 718, in readinto
    return self._sock.recv_into(b)
           ^^^^^^^^^^^^^^^^^^^^^^^
TimeoutError: timed out

The above exception was the direct cause of the following exception:

Traceback (most recent call last):
  File "/usr/local/lib/python3.11/site-packages/requests/adapters.py", line 486, in send
    resp = conn.urlopen(
           ^^^^^^^^^^^^^
  File "/usr/local/lib/python3.11/site-packages/urllib3/connectionpool.py", line 841, in urlopen
    retries = retries.increment(
              ^^^^^^^^^^^^^^^^^^
  File "/usr/local/lib/python3.11/site-packages/urllib3/util/retry.py", line 474, in increment
    raise reraise(type(error), error, _stacktrace)
          ^^^^^^^^^^^^^^^^^^^^^^^^^^^^^^^^^^^^^^^^
  File "/usr/local/lib/python3.11/site-packages/urllib3/util/util.py", line 39, in reraise
    raise value
  File "/usr/local/lib/python3.11/site-packages/urllib3/connectionpool.py", line 787, in urlopen
    response = self._make_request(
               ^^^^^^^^^^^^^^^^^^^
  File "/usr/local/lib/python3.11/site-packages/urllib3/connectionpool.py", line 536, in _make_request
    self._raise_timeout(err=e, url=url, timeout_value=read_timeout)
  File "/usr/local/lib/python3.11/site-packages/urllib3/connectionpool.py", line 367, in _raise_timeout
    raise ReadTimeoutError(
urllib3.exceptions.ReadTimeoutError: HTTPConnectionPool(host='backend', port=8000): Read timed out. (read timeout=30)

During handling of the above exception, another exception occurred:

Traceback (most recent call last):
  File "/app/cron/scheduler.py", line 121, in _run_job_with_error_handling
    job_function()
  File "/app/cron/scheduler.py", line 29, in <lambda>
    lambda: call_backend_endpoint("/cron/generate-weekly-combinations-optimized", last_successful_job),
            ^^^^^^^^^^^^^^^^^^^^^^^^^^^^^^^^^^^^^^^^^^^^^^^^^^^^^^^^^^^^^^^^^^^^^^^^^^^^^^^^^^^^^^^^^^
  File "/app/cron/api_endpoints.py", line 33, in call_backend_endpoint
    health_check = requests.get(f"{backend_url}/health", timeout=30)
                   ^^^^^^^^^^^^^^^^^^^^^^^^^^^^^^^^^^^^^^^^^^^^^^^^^
  File "/usr/local/lib/python3.11/site-packages/requests/api.py", line 73, in get
    return request("get", url, params=params, **kwargs)
           ^^^^^^^^^^^^^^^^^^^^^^^^^^^^^^^^^^^^^^^^^^^^
  File "/usr/local/lib/python3.11/site-packages/requests/api.py", line 59, in request
    return session.request(method=method, url=url, **kwargs)
           ^^^^^^^^^^^^^^^^^^^^^^^^^^^^^^^^^^^^^^^^^^^^^^^^^
  File "/usr/local/lib/python3.11/site-packages/requests/sessions.py", line 589, in request
    resp = self.send(prep, **send_kwargs)
           ^^^^^^^^^^^^^^^^^^^^^^^^^^^^^^
  File "/usr/local/lib/python3.11/site-packages/requests/sessions.py", line 703, in send
    r = adapter.send(request, **kwargs)
        ^^^^^^^^^^^^^^^^^^^^^^^^^^^^^^^
  File "/usr/local/lib/python3.11/site-packages/requests/adapters.py", line 532, in send
    raise ReadTimeout(e, request=request)
requests.exceptions.ReadTimeout: HTTPConnectionPool(host='backend', port=8000): Read timed out. (read timeout=30)

  context:
    last_successful_job: None
    scheduled_time: 2025-12-29T20:55:48.723737
    job_type: scheduled
    failure_count: 1
  timestamp: 2025-12-29T20:55:48.731602


2025-12-29 22:55:56 UTC - cron_service - WARNING - [api_endpoints.py:health_check_endpoint:221] -
Backend health check failed
Context:
  error: HTTPConnectionPool(host='backend', port=8000): Read timed out. (read timeout=3)
  timestamp: 2025-12-29T20:55:56.879376


2025-12-29 22:55:59 UTC - cron_service - WARNING - [api_endpoints.py:health_check_endpoint:230] -
Cron status check failed
Context:
  error: HTTPConnectionPool(host='backend', port=8000): Read timed out. (read timeout=3)
  timestamp: 2025-12-29T20:55:59.887518


2025-12-29 22:56:18 UTC - cron_service - ERROR - [error_handler.py:_send_error_notification:78] -
Arrr! Failed to send error notification!
Context:
  job_name: generate-weekly-combinations-optimized
  notification_error: HTTPConnectionPool(host='email-service', port=8000): Read timed out. (read timeout=30)
  timestamp: 2025-12-29T20:56:18.768606


2025-12-29 22:56:18 UTC - cron_service - ERROR - [error_handler.py:handle_job_error:45] -
Arrr! Failed to send error notification for job 'generate-weekly-combinations-optimized'!
Context:
  original_error: HTTPConnectionPool(host='backend', port=8000): Read timed out. (read timeout=30)
  notification_error: HTTPConnectionPool(host='email-service', port=8000): Read timed out. (read timeout=30)
  timestamp: 2025-12-29T20:56:18.770501


2025-12-29 22:56:18 UTC - cron_service - ERROR - [scheduler.py:run_scheduler:326] -
Arrr! Error in scheduler loop!
Context:
  error: HTTPConnectionPool(host='backend', port=8000): Read timed out. (read timeout=30)
  consecutive_errors: 1
  max_consecutive_errors: 5
  timestamp: 2025-12-29T20:56:18.772427


2025-12-29 22:56:32 UTC - cron_service - WARNING - [api_endpoints.py:health_check_endpoint:221] -
Backend health check failed
Context:
  error: HTTPConnectionPool(host='backend', port=8000): Read timed out. (read timeout=3)
  timestamp: 2025-12-29T20:56:32.979343


2025-12-29 22:56:36 UTC - cron_service - WARNING - [api_endpoints.py:health_check_endpoint:230] -
Cron status check failed
Context:
  error: HTTPConnectionPool(host='backend', port=8000): Read timed out. (read timeout=3)
  timestamp: 2025-12-29T20:56:36.001232


2025-12-29 22:57:09 UTC - cron_service - WARNING - [api_endpoints.py:health_check_endpoint:221] -
Backend health check failed
Context:
  error: HTTPConnectionPool(host='backend', port=8000): Read timed out. (read timeout=3)
  timestamp: 2025-12-29T20:57:09.084122


2025-12-29 22:57:12 UTC - cron_service - WARNING - [api_endpoints.py:health_check_endpoint:230] -
Cron status check failed
Context:
  error: HTTPConnectionPool(host='backend', port=8000): Read timed out. (read timeout=3)
  timestamp: 2025-12-29T20:57:12.090690


2025-12-29 22:57:18 UTC - cron_service - INFO - [scheduler.py:_run_job_with_error_handling:115] -
Arrr! Starting scheduled job: generate-weekly-combinations-optimized
Context:
  job_name: generate-weekly-combinations-optimized
  triggered_at_utc: 2025-12-29T20:57:18.773037+00:00
  timestamp: 2025-12-29T20:57:18.773916


2025-12-29 22:57:18 UTC - cron_service - INFO - [api_endpoints.py:call_backend_endpoint:28] -
Arrr! Attempting to call backend endpoint: http://backend:8000/cron/generate-weekly-combinations-optimized (attempt 1/3)


2025-12-29 22:57:45 UTC - cron_service - WARNING - [api_endpoints.py:health_check_endpoint:221] -
Backend health check failed
Context:
  error: HTTPConnectionPool(host='backend', port=8000): Read timed out. (read timeout=3)
  timestamp: 2025-12-29T20:57:45.177626


2025-12-29 22:57:48 UTC - cron_service - WARNING - [api_endpoints.py:health_check_endpoint:230] -
Cron status check failed
Context:
  error: HTTPConnectionPool(host='backend', port=8000): Read timed out. (read timeout=3)
  timestamp: 2025-12-29T20:57:48.185268


2025-12-29 22:57:48 UTC - cron_service - WARNING - [api_endpoints.py:call_backend_endpoint:38] -
Arrr! Backend health check failed (attempt 1/3), retrying...
Context:
  error: HTTPConnectionPool(host='backend', port=8000): Read timed out. (read timeout=30)
  url: http://backend:8000/health
  retry_in_seconds: 5
  timestamp: 2025-12-29T20:57:48.807944


2025-12-29 22:57:53 UTC - cron_service - INFO - [api_endpoints.py:call_backend_endpoint:28] -
Arrr! Attempting to call backend endpoint: http://backend:8000/cron/generate-weekly-combinations-optimized (attempt 2/3)


2025-12-29 22:58:21 UTC - cron_service - WARNING - [api_endpoints.py:health_check_endpoint:221] -
Backend health check failed
Context:
  error: HTTPConnectionPool(host='backend', port=8000): Read timed out. (read timeout=3)
  timestamp: 2025-12-29T20:58:21.286226


2025-12-29 22:58:23 UTC - cron_service - WARNING - [api_endpoints.py:call_backend_endpoint:38] -
Arrr! Backend health check failed (attempt 2/3), retrying...
Context:
  error: HTTPConnectionPool(host='backend', port=8000): Read timed out. (read timeout=30)
  url: http://backend:8000/health
  retry_in_seconds: 5
  timestamp: 2025-12-29T20:58:23.844116


2025-12-29 22:58:24 UTC - cron_service - WARNING - [api_endpoints.py:health_check_endpoint:230] -
Cron status check failed
Context:
  error: HTTPConnectionPool(host='backend', port=8000): Read timed out. (read timeout=3)
  timestamp: 2025-12-29T20:58:24.306318


2025-12-29 22:58:28 UTC - cron_service - INFO - [api_endpoints.py:call_backend_endpoint:28] -
Arrr! Attempting to call backend endpoint: http://backend:8000/cron/generate-weekly-combinations-optimized (attempt 3/3)


2025-12-29 22:58:57 UTC - cron_service - WARNING - [api_endpoints.py:health_check_endpoint:221] -
Backend health check failed
Context:
  error: HTTPConnectionPool(host='backend', port=8000): Read timed out. (read timeout=3)
  timestamp: 2025-12-29T20:58:57.397450


2025-12-29 22:58:58 UTC - cron_service - ERROR - [api_endpoints.py:call_backend_endpoint:49] -
Arrr! Backend health check failed after all retries!
Context:
  error: HTTPConnectionPool(host='backend', port=8000): Read timed out. (read timeout=30)
  url: http://backend:8000/health
  total_attempts: 3
  timestamp: 2025-12-29T20:58:58.880161


2025-12-29 22:58:58 UTC - cron_service - ERROR - [api_endpoints.py:call_backend_endpoint:155] -
Arrr! Timeout calling endpoint after all retries!
Context:
  error: HTTPConnectionPool(host='backend', port=8000): Read timed out. (read timeout=30)
  endpoint: /cron/generate-weekly-combinations-optimized
  backend_url: http://backend:8000
  total_attempts: 3
  timestamp: 2025-12-29T20:58:58.882188


2025-12-29 22:58:58 UTC - cron_service - ERROR - [error_handler.py:handle_job_error:28] -
Arrr! Cron job 'generate-weekly-combinations-optimized' failed!
Context:
  job_name: generate-weekly-combinations-optimized
  error: HTTPConnectionPool(host='backend', port=8000): Read timed out. (read timeout=30)
  error_type: ReadTimeout
  traceback: Traceback (most recent call last):
  File "/usr/local/lib/python3.11/site-packages/urllib3/connectionpool.py", line 534, in _make_request
    response = conn.getresponse()
               ^^^^^^^^^^^^^^^^^^
  File "/usr/local/lib/python3.11/site-packages/urllib3/connection.py", line 565, in getresponse
    httplib_response = super().getresponse()
                       ^^^^^^^^^^^^^^^^^^^^^
  File "/usr/local/lib/python3.11/http/client.py", line 1395, in getresponse
    response.begin()
  File "/usr/local/lib/python3.11/http/client.py", line 325, in begin
    version, status, reason = self._read_status()
                              ^^^^^^^^^^^^^^^^^^^
  File "/usr/local/lib/python3.11/http/client.py", line 286, in _read_status
    line = str(self.fp.readline(_MAXLINE + 1), "iso-8859-1")
               ^^^^^^^^^^^^^^^^^^^^^^^^^^^^^^
  File "/usr/local/lib/python3.11/socket.py", line 718, in readinto
    return self._sock.recv_into(b)
           ^^^^^^^^^^^^^^^^^^^^^^^
TimeoutError: timed out

The above exception was the direct cause of the following exception:

Traceback (most recent call last):
  File "/usr/local/lib/python3.11/site-packages/requests/adapters.py", line 486, in send
    resp = conn.urlopen(
           ^^^^^^^^^^^^^
  File "/usr/local/lib/python3.11/site-packages/urllib3/connectionpool.py", line 841, in urlopen
    retries = retries.increment(
              ^^^^^^^^^^^^^^^^^^
  File "/usr/local/lib/python3.11/site-packages/urllib3/util/retry.py", line 474, in increment
    raise reraise(type(error), error, _stacktrace)
          ^^^^^^^^^^^^^^^^^^^^^^^^^^^^^^^^^^^^^^^^
  File "/usr/local/lib/python3.11/site-packages/urllib3/util/util.py", line 39, in reraise
    raise value
  File "/usr/local/lib/python3.11/site-packages/urllib3/connectionpool.py", line 787, in urlopen
    response = self._make_request(
               ^^^^^^^^^^^^^^^^^^^
  File "/usr/local/lib/python3.11/site-packages/urllib3/connectionpool.py", line 536, in _make_request
    self._raise_timeout(err=e, url=url, timeout_value=read_timeout)
  File "/usr/local/lib/python3.11/site-packages/urllib3/connectionpool.py", line 367, in _raise_timeout
    raise ReadTimeoutError(
urllib3.exceptions.ReadTimeoutError: HTTPConnectionPool(host='backend', port=8000): Read timed out. (read timeout=30)

During handling of the above exception, another exception occurred:

Traceback (most recent call last):
  File "/app/cron/scheduler.py", line 121, in _run_job_with_error_handling
    job_function()
  File "/app/cron/scheduler.py", line 29, in <lambda>
    lambda: call_backend_endpoint("/cron/generate-weekly-combinations-optimized", last_successful_job),
            ^^^^^^^^^^^^^^^^^^^^^^^^^^^^^^^^^^^^^^^^^^^^^^^^^^^^^^^^^^^^^^^^^^^^^^^^^^^^^^^^^^^^^^^^^^
  File "/app/cron/api_endpoints.py", line 33, in call_backend_endpoint
    health_check = requests.get(f"{backend_url}/health", timeout=30)
                   ^^^^^^^^^^^^^^^^^^^^^^^^^^^^^^^^^^^^^^^^^^^^^^^^^
  File "/usr/local/lib/python3.11/site-packages/requests/api.py", line 73, in get
    return request("get", url, params=params, **kwargs)
           ^^^^^^^^^^^^^^^^^^^^^^^^^^^^^^^^^^^^^^^^^^^^
  File "/usr/local/lib/python3.11/site-packages/requests/api.py", line 59, in request
    return session.request(method=method, url=url, **kwargs)
           ^^^^^^^^^^^^^^^^^^^^^^^^^^^^^^^^^^^^^^^^^^^^^^^^^
  File "/usr/local/lib/python3.11/site-packages/requests/sessions.py", line 589, in request
    resp = self.send(prep, **send_kwargs)
           ^^^^^^^^^^^^^^^^^^^^^^^^^^^^^^
  File "/usr/local/lib/python3.11/site-packages/requests/sessions.py", line 703, in send
    r = adapter.send(request, **kwargs)
        ^^^^^^^^^^^^^^^^^^^^^^^^^^^^^^^
  File "/usr/local/lib/python3.11/site-packages/requests/adapters.py", line 532, in send
    raise ReadTimeout(e, request=request)
requests.exceptions.ReadTimeout: HTTPConnectionPool(host='backend', port=8000): Read timed out. (read timeout=30)

  context:
    last_successful_job: None
    scheduled_time: 2025-12-29T20:58:58.882617
    job_type: scheduled
    failure_count: 2
  timestamp: 2025-12-29T20:58:58.885845


2025-12-29 22:59:00 UTC - cron_service - WARNING - [api_endpoints.py:health_check_endpoint:230] -
Cron status check failed
Context:
  error: HTTPConnectionPool(host='backend', port=8000): Read timed out. (read timeout=3)
  timestamp: 2025-12-29T20:59:00.405862


2025-12-29 22:59:28 UTC - cron_service - ERROR - [error_handler.py:_send_error_notification:78] -
Arrr! Failed to send error notification!
Context:
  job_name: generate-weekly-combinations-optimized
  notification_error: HTTPConnectionPool(host='email-service', port=8000): Read timed out. (read timeout=30)
  timestamp: 2025-12-29T20:59:28.920672


2025-12-29 22:59:28 UTC - cron_service - ERROR - [error_handler.py:handle_job_error:45] -
Arrr! Failed to send error notification for job 'generate-weekly-combinations-optimized'!
Context:
  original_error: HTTPConnectionPool(host='backend', port=8000): Read timed out. (read timeout=30)
  notification_error: HTTPConnectionPool(host='email-service', port=8000): Read timed out. (read timeout=30)
  timestamp: 2025-12-29T20:59:28.922528


2025-12-29 22:59:28 UTC - cron_service - ERROR - [scheduler.py:run_scheduler:326] -
Arrr! Error in scheduler loop!
Context:
  error: HTTPConnectionPool(host='backend', port=8000): Read timed out. (read timeout=30)
  consecutive_errors: 2
  max_consecutive_errors: 5
  timestamp: 2025-12-29T20:59:28.923753


2025-12-29 22:59:33 UTC - cron_service - WARNING - [api_endpoints.py:health_check_endpoint:221] -
Backend health check failed
Context:
  error: HTTPConnectionPool(host='backend', port=8000): Read timed out. (read timeout=3)
  timestamp: 2025-12-29T20:59:33.500490


2025-12-29 22:59:36 UTC - cron_service - WARNING - [api_endpoints.py:health_check_endpoint:230] -
Cron status check failed
Context:
  error: HTTPConnectionPool(host='backend', port=8000): Read timed out. (read timeout=3)
  timestamp: 2025-12-29T20:59:36.508566


2025-12-29 23:00:09 UTC - cron_service - WARNING - [api_endpoints.py:health_check_endpoint:221] -
Backend health check failed
Context:
  error: HTTPConnectionPool(host='backend', port=8000): Read timed out. (read timeout=3)
  timestamp: 2025-12-29T21:00:09.599796


2025-12-29 23:00:12 UTC - cron_service - WARNING - [api_endpoints.py:health_check_endpoint:230] -
Cron status check failed
Context:
  error: HTTPConnectionPool(host='backend', port=8000): Read timed out. (read timeout=3)
  timestamp: 2025-12-29T21:00:12.608307


2025-12-29 23:00:28 UTC - cron_service - INFO - [scheduler.py:_run_job_with_error_handling:115] -
Arrr! Starting scheduled job: generate-weekly-combinations-optimized
Context:
  job_name: generate-weekly-combinations-optimized
  triggered_at_utc: 2025-12-29T21:00:28.924460+00:00
  timestamp: 2025-12-29T21:00:28.925227


2025-12-29 23:00:28 UTC - cron_service - INFO - [api_endpoints.py:call_backend_endpoint:28] -
Arrr! Attempting to call backend endpoint: http://backend:8000/cron/generate-weekly-combinations-optimized (attempt 1/3)


2025-12-29 23:00:45 UTC - cron_service - WARNING - [api_endpoints.py:health_check_endpoint:221] -
Backend health check failed
Context:
  error: HTTPConnectionPool(host='backend', port=8000): Read timed out. (read timeout=3)
  timestamp: 2025-12-29T21:00:45.704577


2025-12-29 23:00:48 UTC - cron_service - WARNING - [api_endpoints.py:health_check_endpoint:230] -
Cron status check failed
Context:
  error: HTTPConnectionPool(host='backend', port=8000): Read timed out. (read timeout=3)
  timestamp: 2025-12-29T21:00:48.713740


2025-12-29 23:00:58 UTC - cron_service - WARNING - [api_endpoints.py:call_backend_endpoint:38] -
Arrr! Backend health check failed (attempt 1/3), retrying...
Context:
  error: HTTPConnectionPool(host='backend', port=8000): Read timed out. (read timeout=30)
  url: http://backend:8000/health
  retry_in_seconds: 5
  timestamp: 2025-12-29T21:00:58.959377


2025-12-29 23:01:03 UTC - cron_service - INFO - [api_endpoints.py:call_backend_endpoint:28] -
Arrr! Attempting to call backend endpoint: http://backend:8000/cron/generate-weekly-combinations-optimized (attempt 2/3)


2025-12-29 23:01:21 UTC - cron_service - WARNING - [api_endpoints.py:health_check_endpoint:221] -
Backend health check failed
Context:
  error: HTTPConnectionPool(host='backend', port=8000): Read timed out. (read timeout=3)
  timestamp: 2025-12-29T21:01:21.798407


2025-12-29 23:01:24 UTC - cron_service - WARNING - [api_endpoints.py:health_check_endpoint:230] -
Cron status check failed
Context:
  error: HTTPConnectionPool(host='backend', port=8000): Read timed out. (read timeout=3)
  timestamp: 2025-12-29T21:01:24.807458


2025-12-29 23:01:33 UTC - cron_service - WARNING - [api_endpoints.py:call_backend_endpoint:38] -
Arrr! Backend health check failed (attempt 2/3), retrying...
Context:
  error: HTTPConnectionPool(host='backend', port=8000): Read timed out. (read timeout=30)
  url: http://backend:8000/health
  retry_in_seconds: 5
  timestamp: 2025-12-29T21:01:33.994998


2025-12-29 23:01:38 UTC - cron_service - INFO - [api_endpoints.py:call_backend_endpoint:28] -
Arrr! Attempting to call backend endpoint: http://backend:8000/cron/generate-weekly-combinations-optimized (attempt 3/3)


2025-12-29 23:01:57 UTC - cron_service - WARNING - [api_endpoints.py:health_check_endpoint:221] -
Backend health check failed
Context:
  error: HTTPConnectionPool(host='backend', port=8000): Read timed out. (read timeout=3)
  timestamp: 2025-12-29T21:01:57.899849


2025-12-29 23:02:00 UTC - cron_service - WARNING - [api_endpoints.py:health_check_endpoint:230] -
Cron status check failed
Context:
  error: HTTPConnectionPool(host='backend', port=8000): Read timed out. (read timeout=3)
  timestamp: 2025-12-29T21:02:00.908049


2025-12-29 23:02:09 UTC - cron_service - ERROR - [api_endpoints.py:call_backend_endpoint:49] -
Arrr! Backend health check failed after all retries!
Context:
  error: HTTPConnectionPool(host='backend', port=8000): Read timed out. (read timeout=30)
  url: http://backend:8000/health
  total_attempts: 3
  timestamp: 2025-12-29T21:02:09.031561


2025-12-29 23:02:09 UTC - cron_service - ERROR - [api_endpoints.py:call_backend_endpoint:155] -
Arrr! Timeout calling endpoint after all retries!
Context:
  error: HTTPConnectionPool(host='backend', port=8000): Read timed out. (read timeout=30)
  endpoint: /cron/generate-weekly-combinations-optimized
  backend_url: http://backend:8000
  total_attempts: 3
  timestamp: 2025-12-29T21:02:09.033730


2025-12-29 23:02:09 UTC - cron_service - WARNING - [scheduler.py:_run_job_with_error_handling:154] -
Arrr! Job 'generate-weekly-combinations-optimized' failed again (suppressing notification due to cooldown)
Context:
  job_name: generate-weekly-combinations-optimized
  error: HTTPConnectionPool(host='backend', port=8000): Read timed out. (read timeout=30)
  failure_count: 2
  cooldown_until: 2025-12-29T21:59:28.922993+00:00
  timestamp: 2025-12-29T21:02:09.035227


2025-12-29 23:02:09 UTC - cron_service - ERROR - [scheduler.py:run_scheduler:326] -
Arrr! Error in scheduler loop!
Context:
  error: HTTPConnectionPool(host='backend', port=8000): Read timed out. (read timeout=30)
  consecutive_errors: 3
  max_consecutive_errors: 5
  timestamp: 2025-12-29T21:02:09.036237


2025-12-29 23:02:34 UTC - cron_service - WARNING - [api_endpoints.py:health_check_endpoint:221] -
Backend health check failed
Context:
  error: HTTPConnectionPool(host='backend', port=8000): Read timed out. (read timeout=3)
  timestamp: 2025-12-29T21:02:34.004621


2025-12-29 23:02:37 UTC - cron_service - WARNING - [api_endpoints.py:health_check_endpoint:230] -
Cron status check failed
Context:
  error: HTTPConnectionPool(host='backend', port=8000): Read timed out. (read timeout=3)
  timestamp: 2025-12-29T21:02:37.014215


2025-12-29 23:03:09 UTC - cron_service - INFO - [scheduler.py:_run_job_with_error_handling:115] -
Arrr! Starting scheduled job: generate-weekly-combinations-optimized
Context:
  job_name: generate-weekly-combinations-optimized
  triggered_at_utc: 2025-12-29T21:03:09.036822+00:00
  timestamp: 2025-12-29T21:03:09.037618


2025-12-29 23:03:09 UTC - cron_service - INFO - [api_endpoints.py:call_backend_endpoint:28] -
Arrr! Attempting to call backend endpoint: http://backend:8000/cron/generate-weekly-combinations-optimized (attempt 1/3)


2025-12-29 23:03:10 UTC - cron_service - WARNING - [api_endpoints.py:health_check_endpoint:221] -
Backend health check failed
Context:
  error: HTTPConnectionPool(host='backend', port=8000): Read timed out. (read timeout=3)
  timestamp: 2025-12-29T21:03:10.109296


2025-12-29 23:03:13 UTC - cron_service - WARNING - [api_endpoints.py:health_check_endpoint:230] -
Cron status check failed
Context:
  error: HTTPConnectionPool(host='backend', port=8000): Read timed out. (read timeout=3)
  timestamp: 2025-12-29T21:03:13.117149


2025-12-29 23:03:39 UTC - cron_service - WARNING - [api_endpoints.py:call_backend_endpoint:38] -
Arrr! Backend health check failed (attempt 1/3), retrying...
Context:
  error: HTTPConnectionPool(host='backend', port=8000): Read timed out. (read timeout=30)
  url: http://backend:8000/health
  retry_in_seconds: 5
  timestamp: 2025-12-29T21:03:39.072531


2025-12-29 23:03:44 UTC - cron_service - INFO - [api_endpoints.py:call_backend_endpoint:28] -
Arrr! Attempting to call backend endpoint: http://backend:8000/cron/generate-weekly-combinations-optimized (attempt 2/3)


2025-12-29 23:03:46 UTC - cron_service - WARNING - [api_endpoints.py:health_check_endpoint:221] -
Backend health check failed
Context:
  error: HTTPConnectionPool(host='backend', port=8000): Read timed out. (read timeout=3)
  timestamp: 2025-12-29T21:03:46.214564


2025-12-29 23:03:49 UTC - cron_service - WARNING - [api_endpoints.py:health_check_endpoint:230] -
Cron status check failed
Context:
  error: HTTPConnectionPool(host='backend', port=8000): Read timed out. (read timeout=3)
  timestamp: 2025-12-29T21:03:49.232766


2025-12-29 23:04:14 UTC - cron_service - WARNING - [api_endpoints.py:call_backend_endpoint:38] -
Arrr! Backend health check failed (attempt 2/3), retrying...
Context:
  error: HTTPConnectionPool(host='backend', port=8000): Read timed out. (read timeout=30)
  url: http://backend:8000/health
  retry_in_seconds: 5
  timestamp: 2025-12-29T21:04:14.118241


2025-12-29 23:04:19 UTC - cron_service - INFO - [api_endpoints.py:call_backend_endpoint:28] -
Arrr! Attempting to call backend endpoint: http://backend:8000/cron/generate-weekly-combinations-optimized (attempt 3/3)


2025-12-29 23:04:22 UTC - cron_service - WARNING - [api_endpoints.py:health_check_endpoint:221] -
Backend health check failed
Context:
  error: HTTPConnectionPool(host='backend', port=8000): Read timed out. (read timeout=3)
  timestamp: 2025-12-29T21:04:22.321476


2025-12-29 23:04:25 UTC - cron_service - WARNING - [api_endpoints.py:health_check_endpoint:230] -
Cron status check failed
Context:
  error: HTTPConnectionPool(host='backend', port=8000): Read timed out. (read timeout=3)
  timestamp: 2025-12-29T21:04:25.329608


2025-12-29 23:04:49 UTC - cron_service - ERROR - [api_endpoints.py:call_backend_endpoint:49] -
Arrr! Backend health check failed after all retries!
Context:
  error: HTTPConnectionPool(host='backend', port=8000): Read timed out. (read timeout=30)
  url: http://backend:8000/health
  total_attempts: 3
  timestamp: 2025-12-29T21:04:49.134353


2025-12-29 23:04:49 UTC - cron_service - ERROR - [api_endpoints.py:call_backend_endpoint:155] -
Arrr! Timeout calling endpoint after all retries!
Context:
  error: HTTPConnectionPool(host='backend', port=8000): Read timed out. (read timeout=30)
  endpoint: /cron/generate-weekly-combinations-optimized
  backend_url: http://backend:8000
  total_attempts: 3
  timestamp: 2025-12-29T21:04:49.136828


2025-12-29 23:04:49 UTC - cron_service - WARNING - [scheduler.py:_run_job_with_error_handling:154] -
Arrr! Job 'generate-weekly-combinations-optimized' failed again (suppressing notification due to cooldown)
Context:
  job_name: generate-weekly-combinations-optimized
  error: HTTPConnectionPool(host='backend', port=8000): Read timed out. (read timeout=30)
  failure_count: 2
  cooldown_until: 2025-12-29T21:59:28.922993+00:00
  timestamp: 2025-12-29T21:04:49.138620


2025-12-29 23:04:49 UTC - cron_service - ERROR - [scheduler.py:run_scheduler:326] -
Arrr! Error in scheduler loop!
Context:
  error: HTTPConnectionPool(host='backend', port=8000): Read timed out. (read timeout=30)
  consecutive_errors: 4
  max_consecutive_errors: 5
  timestamp: 2025-12-29T21:04:49.140112


2025-12-29 23:04:58 UTC - cron_service - WARNING - [api_endpoints.py:health_check_endpoint:221] -
Backend health check failed
Context:
  error: HTTPConnectionPool(host='backend', port=8000): Read timed out. (read timeout=3)
  timestamp: 2025-12-29T21:04:58.417937


2025-12-29 23:05:01 UTC - cron_service - WARNING - [api_endpoints.py:health_check_endpoint:230] -
Cron status check failed
Context:
  error: HTTPConnectionPool(host='backend', port=8000): Read timed out. (read timeout=3)
  timestamp: 2025-12-29T21:05:01.427666


2025-12-29 23:05:34 UTC - cron_service - WARNING - [api_endpoints.py:health_check_endpoint:221] -
Backend health check failed
Context:
  error: HTTPConnectionPool(host='backend', port=8000): Read timed out. (read timeout=3)
  timestamp: 2025-12-29T21:05:34.519895


2025-12-29 23:05:37 UTC - cron_service - WARNING - [api_endpoints.py:health_check_endpoint:230] -
Cron status check failed
Context:
  error: HTTPConnectionPool(host='backend', port=8000): Read timed out. (read timeout=3)
  timestamp: 2025-12-29T21:05:37.525262


2025-12-29 23:05:49 UTC - cron_service - INFO - [scheduler.py:_run_job_with_error_handling:115] -
Arrr! Starting scheduled job: generate-weekly-combinations-optimized
Context:
  job_name: generate-weekly-combinations-optimized
  triggered_at_utc: 2025-12-29T21:05:49.140710+00:00
  timestamp: 2025-12-29T21:05:49.141858


2025-12-29 23:05:49 UTC - cron_service - INFO - [api_endpoints.py:call_backend_endpoint:28] -
Arrr! Attempting to call backend endpoint: http://backend:8000/cron/generate-weekly-combinations-optimized (attempt 1/3)


2025-12-29 23:06:10 UTC - cron_service - WARNING - [api_endpoints.py:health_check_endpoint:221] -
Backend health check failed
Context:
  error: HTTPConnectionPool(host='backend', port=8000): Read timed out. (read timeout=3)
  timestamp: 2025-12-29T21:06:10.622536


2025-12-29 23:06:13 UTC - cron_service - WARNING - [api_endpoints.py:health_check_endpoint:230] -
Cron status check failed
Context:
  error: HTTPConnectionPool(host='backend', port=8000): Read timed out. (read timeout=3)
  timestamp: 2025-12-29T21:06:13.630580


2025-12-29 23:06:19 UTC - cron_service - WARNING - [api_endpoints.py:call_backend_endpoint:38] -
Arrr! Backend health check failed (attempt 1/3), retrying...
Context:
  error: HTTPConnectionPool(host='backend', port=8000): Read timed out. (read timeout=30)
  url: http://backend:8000/health
  retry_in_seconds: 5
  timestamp: 2025-12-29T21:06:19.177712


2025-12-29 23:06:24 UTC - cron_service - INFO - [api_endpoints.py:call_backend_endpoint:28] -
Arrr! Attempting to call backend endpoint: http://backend:8000/cron/generate-weekly-combinations-optimized (attempt 2/3)


2025-12-29 23:06:46 UTC - cron_service - WARNING - [api_endpoints.py:health_check_endpoint:221] -
Backend health check failed
Context:
  error: HTTPConnectionPool(host='backend', port=8000): Read timed out. (read timeout=3)
  timestamp: 2025-12-29T21:06:46.747271


2025-12-29 23:06:49 UTC - cron_service - WARNING - [api_endpoints.py:health_check_endpoint:230] -
Cron status check failed
Context:
  error: HTTPConnectionPool(host='backend', port=8000): Read timed out. (read timeout=3)
  timestamp: 2025-12-29T21:06:49.757136


2025-12-29 23:06:54 UTC - cron_service - WARNING - [api_endpoints.py:call_backend_endpoint:38] -
Arrr! Backend health check failed (attempt 2/3), retrying...
Context:
  error: HTTPConnectionPool(host='backend', port=8000): Read timed out. (read timeout=30)
  url: http://backend:8000/health
  retry_in_seconds: 5
  timestamp: 2025-12-29T21:06:54.213306


2025-12-29 23:06:59 UTC - cron_service - INFO - [api_endpoints.py:call_backend_endpoint:28] -
Arrr! Attempting to call backend endpoint: http://backend:8000/cron/generate-weekly-combinations-optimized (attempt 3/3)


2025-12-29 23:07:22 UTC - cron_service - WARNING - [api_endpoints.py:health_check_endpoint:221] -
Backend health check failed
Context:
  error: HTTPConnectionPool(host='backend', port=8000): Read timed out. (read timeout=3)
  timestamp: 2025-12-29T21:07:22.848623


2025-12-29 23:07:25 UTC - cron_service - WARNING - [api_endpoints.py:health_check_endpoint:230] -
Cron status check failed
Context:
  error: HTTPConnectionPool(host='backend', port=8000): Read timed out. (read timeout=3)
  timestamp: 2025-12-29T21:07:25.857106


2025-12-29 23:07:29 UTC - cron_service - ERROR - [api_endpoints.py:call_backend_endpoint:49] -
Arrr! Backend health check failed after all retries!
Context:
  error: HTTPConnectionPool(host='backend', port=8000): Read timed out. (read timeout=30)
  url: http://backend:8000/health
  total_attempts: 3
  timestamp: 2025-12-29T21:07:29.248168


2025-12-29 23:07:29 UTC - cron_service - ERROR - [api_endpoints.py:call_backend_endpoint:155] -
Arrr! Timeout calling endpoint after all retries!
Context:
  error: HTTPConnectionPool(host='backend', port=8000): Read timed out. (read timeout=30)
  endpoint: /cron/generate-weekly-combinations-optimized
  backend_url: http://backend:8000
  total_attempts: 3
  timestamp: 2025-12-29T21:07:29.249682


2025-12-29 23:07:29 UTC - cron_service - WARNING - [scheduler.py:_run_job_with_error_handling:154] -
Arrr! Job 'generate-weekly-combinations-optimized' failed again (suppressing notification due to cooldown)
Context:
  job_name: generate-weekly-combinations-optimized
  error: HTTPConnectionPool(host='backend', port=8000): Read timed out. (read timeout=30)
  failure_count: 2
  cooldown_until: 2025-12-29T21:59:28.922993+00:00
  timestamp: 2025-12-29T21:07:29.251544


2025-12-29 23:07:29 UTC - cron_service - ERROR - [scheduler.py:run_scheduler:326] -
Arrr! Error in scheduler loop!
Context:
  error: HTTPConnectionPool(host='backend', port=8000): Read timed out. (read timeout=30)
  consecutive_errors: 5
  max_consecutive_errors: 5
  timestamp: 2025-12-29T21:07:29.252719


2025-12-29 23:07:58 UTC - cron_service - WARNING - [api_endpoints.py:health_check_endpoint:221] -
Backend health check failed
Context:
  error: HTTPConnectionPool(host='backend', port=8000): Read timed out. (read timeout=3)
  timestamp: 2025-12-29T21:07:58.968980


2025-12-29 23:08:01 UTC - cron_service - WARNING - [api_endpoints.py:health_check_endpoint:230] -
Cron status check failed
Context:
  error: HTTPConnectionPool(host='backend', port=8000): Read timed out. (read timeout=3)
  timestamp: 2025-12-29T21:08:01.977007


2025-12-29 23:08:29 UTC - cron_service - INFO - [scheduler.py:_run_job_with_error_handling:115] -
Arrr! Starting scheduled job: generate-weekly-combinations-optimized
Context:
  job_name: generate-weekly-combinations-optimized
  triggered_at_utc: 2025-12-29T21:08:29.253342+00:00
  timestamp: 2025-12-29T21:08:29.254220


2025-12-29 23:08:29 UTC - cron_service - INFO - [api_endpoints.py:call_backend_endpoint:28] -
Arrr! Attempting to call backend endpoint: http://backend:8000/cron/generate-weekly-combinations-optimized (attempt 1/3)


2025-12-29 23:08:35 UTC - cron_service - WARNING - [api_endpoints.py:health_check_endpoint:221] -
Backend health check failed
Context:
  error: HTTPConnectionPool(host='backend', port=8000): Read timed out. (read timeout=3)
  timestamp: 2025-12-29T21:08:35.077617


2025-12-29 23:08:38 UTC - cron_service - WARNING - [api_endpoints.py:health_check_endpoint:230] -
Cron status check failed
Context:
  error: HTTPConnectionPool(host='backend', port=8000): Read timed out. (read timeout=3)
  timestamp: 2025-12-29T21:08:38.086647


2025-12-29 23:08:59 UTC - cron_service - WARNING - [api_endpoints.py:call_backend_endpoint:38] -
Arrr! Backend health check failed (attempt 1/3), retrying...
Context:
  error: HTTPConnectionPool(host='backend', port=8000): Read timed out. (read timeout=30)
  url: http://backend:8000/health
  retry_in_seconds: 5
  timestamp: 2025-12-29T21:08:59.289080


2025-12-29 23:09:04 UTC - cron_service - INFO - [api_endpoints.py:call_backend_endpoint:28] -
Arrr! Attempting to call backend endpoint: http://backend:8000/cron/generate-weekly-combinations-optimized (attempt 2/3)


2025-12-29 23:09:11 UTC - cron_service - WARNING - [api_endpoints.py:health_check_endpoint:221] -
Backend health check failed
Context:
  error: HTTPConnectionPool(host='backend', port=8000): Read timed out. (read timeout=3)
  timestamp: 2025-12-29T21:09:11.181725


2025-12-29 23:09:14 UTC - cron_service - WARNING - [api_endpoints.py:health_check_endpoint:230] -
Cron status check failed
Context:
  error: HTTPConnectionPool(host='backend', port=8000): Read timed out. (read timeout=3)
  timestamp: 2025-12-29T21:09:14.188521


2025-12-29 23:09:34 UTC - cron_service - WARNING - [api_endpoints.py:call_backend_endpoint:38] -
Arrr! Backend health check failed (attempt 2/3), retrying...
Context:
  error: HTTPConnectionPool(host='backend', port=8000): Read timed out. (read timeout=30)
  url: http://backend:8000/health
  retry_in_seconds: 5
  timestamp: 2025-12-29T21:09:34.324162


2025-12-29 23:09:39 UTC - cron_service - INFO - [api_endpoints.py:call_backend_endpoint:28] -
Arrr! Attempting to call backend endpoint: http://backend:8000/cron/generate-weekly-combinations-optimized (attempt 3/3)


2025-12-29 23:09:47 UTC - cron_service - WARNING - [api_endpoints.py:health_check_endpoint:221] -
Backend health check failed
Context:
  error: HTTPConnectionPool(host='backend', port=8000): Read timed out. (read timeout=3)
  timestamp: 2025-12-29T21:09:47.287639


2025-12-29 23:09:50 UTC - cron_service - WARNING - [api_endpoints.py:health_check_endpoint:230] -
Cron status check failed
Context:
  error: HTTPConnectionPool(host='backend', port=8000): Read timed out. (read timeout=3)
  timestamp: 2025-12-29T21:09:50.293237


2025-12-29 23:10:09 UTC - cron_service - ERROR - [api_endpoints.py:call_backend_endpoint:49] -
Arrr! Backend health check failed after all retries!
Context:
  error: HTTPConnectionPool(host='backend', port=8000): Read timed out. (read timeout=30)
  url: http://backend:8000/health
  total_attempts: 3
  timestamp: 2025-12-29T21:10:09.367292


2025-12-29 23:10:09 UTC - cron_service - ERROR - [api_endpoints.py:call_backend_endpoint:155] -
Arrr! Timeout calling endpoint after all retries!
Context:
  error: HTTPConnectionPool(host='backend', port=8000): Read timed out. (read timeout=30)
  endpoint: /cron/generate-weekly-combinations-optimized
  backend_url: http://backend:8000
  total_attempts: 3
  timestamp: 2025-12-29T21:10:09.368744


2025-12-29 23:10:09 UTC - cron_service - WARNING - [scheduler.py:_run_job_with_error_handling:154] -
Arrr! Job 'generate-weekly-combinations-optimized' failed again (suppressing notification due to cooldown)
Context:
  job_name: generate-weekly-combinations-optimized
  error: HTTPConnectionPool(host='backend', port=8000): Read timed out. (read timeout=30)
  failure_count: 2
  cooldown_until: 2025-12-29T21:59:28.922993+00:00
  timestamp: 2025-12-29T21:10:09.370355


2025-12-29 23:10:09 UTC - cron_service - ERROR - [scheduler.py:run_scheduler:336] -
Arrr! Too many consecutive errors in scheduler loop! Stopping scheduler to prevent spam!
Context:
  error: HTTPConnectionPool(host='backend', port=8000): Read timed out. (read timeout=30)
  consecutive_errors: 6
  max_consecutive_errors: 5
  severity: critical
  timestamp: 2025-12-29T21:10:09.371256


2025-12-29 23:10:09 UTC - cron_service - ERROR - [error_handler.py:handle_job_error:28] -
Arrr! Cron job 'scheduler-loop' failed!
Context:
  job_name: scheduler-loop
  error: HTTPConnectionPool(host='backend', port=8000): Read timed out. (read timeout=30)
  error_type: ReadTimeout
  traceback: Traceback (most recent call last):
  File "/usr/local/lib/python3.11/site-packages/urllib3/connectionpool.py", line 534, in _make_request
    response = conn.getresponse()
               ^^^^^^^^^^^^^^^^^^
  File "/usr/local/lib/python3.11/site-packages/urllib3/connection.py", line 565, in getresponse
    httplib_response = super().getresponse()
                       ^^^^^^^^^^^^^^^^^^^^^
  File "/usr/local/lib/python3.11/http/client.py", line 1395, in getresponse
    response.begin()
  File "/usr/local/lib/python3.11/http/client.py", line 325, in begin
    version, status, reason = self._read_status()
                              ^^^^^^^^^^^^^^^^^^^
  File "/usr/local/lib/python3.11/http/client.py", line 286, in _read_status
    line = str(self.fp.readline(_MAXLINE + 1), "iso-8859-1")
               ^^^^^^^^^^^^^^^^^^^^^^^^^^^^^^
  File "/usr/local/lib/python3.11/socket.py", line 718, in readinto
    return self._sock.recv_into(b)
           ^^^^^^^^^^^^^^^^^^^^^^^
TimeoutError: timed out

The above exception was the direct cause of the following exception:

Traceback (most recent call last):
  File "/usr/local/lib/python3.11/site-packages/requests/adapters.py", line 486, in send
    resp = conn.urlopen(
           ^^^^^^^^^^^^^
  File "/usr/local/lib/python3.11/site-packages/urllib3/connectionpool.py", line 841, in urlopen
    retries = retries.increment(
              ^^^^^^^^^^^^^^^^^^
  File "/usr/local/lib/python3.11/site-packages/urllib3/util/retry.py", line 474, in increment
    raise reraise(type(error), error, _stacktrace)
          ^^^^^^^^^^^^^^^^^^^^^^^^^^^^^^^^^^^^^^^^
  File "/usr/local/lib/python3.11/site-packages/urllib3/util/util.py", line 39, in reraise
    raise value
  File "/usr/local/lib/python3.11/site-packages/urllib3/connectionpool.py", line 787, in urlopen
    response = self._make_request(
               ^^^^^^^^^^^^^^^^^^^
  File "/usr/local/lib/python3.11/site-packages/urllib3/connectionpool.py", line 536, in _make_request
    self._raise_timeout(err=e, url=url, timeout_value=read_timeout)
  File "/usr/local/lib/python3.11/site-packages/urllib3/connectionpool.py", line 367, in _raise_timeout
    raise ReadTimeoutError(
urllib3.exceptions.ReadTimeoutError: HTTPConnectionPool(host='backend', port=8000): Read timed out. (read timeout=30)

During handling of the above exception, another exception occurred:

Traceback (most recent call last):
  File "/app/cron/scheduler.py", line 291, in run_scheduler
    schedule.run_pending()
  File "/usr/local/lib/python3.11/site-packages/schedule/__init__.py", line 822, in run_pending
    default_scheduler.run_pending()
  File "/usr/local/lib/python3.11/site-packages/schedule/__init__.py", line 100, in run_pending
    self._run_job(job)
  File "/usr/local/lib/python3.11/site-packages/schedule/__init__.py", line 172, in _run_job
    ret = job.run()
          ^^^^^^^^^
  File "/usr/local/lib/python3.11/site-packages/schedule/__init__.py", line 693, in run
    ret = self.job_func()
          ^^^^^^^^^^^^^^^
  File "/app/cron/scheduler.py", line 28, in <lambda>
    lambda: _run_job_with_error_handling("generate-weekly-combinations-optimized",
           ^^^^^^^^^^^^^^^^^^^^^^^^^^^^^^^^^^^^^^^^^^^^^^^^^^^^^^^^^^^^^^^^^^^^^^
  File "/app/cron/scheduler.py", line 121, in _run_job_with_error_handling
    job_function()
  File "/app/cron/scheduler.py", line 29, in <lambda>
    lambda: call_backend_endpoint("/cron/generate-weekly-combinations-optimized", last_successful_job),
            ^^^^^^^^^^^^^^^^^^^^^^^^^^^^^^^^^^^^^^^^^^^^^^^^^^^^^^^^^^^^^^^^^^^^^^^^^^^^^^^^^^^^^^^^^^
  File "/app/cron/api_endpoints.py", line 33, in call_backend_endpoint
    health_check = requests.get(f"{backend_url}/health", timeout=30)
                   ^^^^^^^^^^^^^^^^^^^^^^^^^^^^^^^^^^^^^^^^^^^^^^^^^
  File "/usr/local/lib/python3.11/site-packages/requests/api.py", line 73, in get
    return request("get", url, params=params, **kwargs)
           ^^^^^^^^^^^^^^^^^^^^^^^^^^^^^^^^^^^^^^^^^^^^
  File "/usr/local/lib/python3.11/site-packages/requests/api.py", line 59, in request
    return session.request(method=method, url=url, **kwargs)
           ^^^^^^^^^^^^^^^^^^^^^^^^^^^^^^^^^^^^^^^^^^^^^^^^^
  File "/usr/local/lib/python3.11/site-packages/requests/sessions.py", line 589, in request
    resp = self.send(prep, **send_kwargs)
           ^^^^^^^^^^^^^^^^^^^^^^^^^^^^^^
  File "/usr/local/lib/python3.11/site-packages/requests/sessions.py", line 703, in send
    r = adapter.send(request, **kwargs)
        ^^^^^^^^^^^^^^^^^^^^^^^^^^^^^^^
  File "/usr/local/lib/python3.11/site-packages/requests/adapters.py", line 532, in send
    raise ReadTimeout(e, request=request)
requests.exceptions.ReadTimeout: HTTPConnectionPool(host='backend', port=8000): Read timed out. (read timeout=30)

  context:
    consecutive_errors: 6
    action: scheduler_stopped_to_prevent_spam
  timestamp: 2025-12-29T21:10:09.374507


2025-12-29 23:10:23 UTC - cron_service - WARNING - [api_endpoints.py:health_check_endpoint:221] -
Backend health check failed
Context:
  error: HTTPConnectionPool(host='backend', port=8000): Read timed out. (read timeout=3)
  timestamp: 2025-12-29T21:10:23.395358


2025-12-29 23:10:26 UTC - cron_service - WARNING - [api_endpoints.py:health_check_endpoint:230] -
Cron status check failed
Context:
  error: HTTPConnectionPool(host='backend', port=8000): Read timed out. (read timeout=3)
  timestamp: 2025-12-29T21:10:26.401395


2025-12-29 23:10:39 UTC - cron_service - ERROR - [error_handler.py:_send_error_notification:78] -
Arrr! Failed to send error notification!
Context:
  job_name: scheduler-loop
  notification_error: HTTPConnectionPool(host='email-service', port=8000): Read timed out. (read timeout=30)
  timestamp: 2025-12-29T21:10:39.405030


2025-12-29 23:10:39 UTC - cron_service - ERROR - [error_handler.py:handle_job_error:45] -
Arrr! Failed to send error notification for job 'scheduler-loop'!
Context:
  original_error: HTTPConnectionPool(host='backend', port=8000): Read timed out. (read timeout=30)
  notification_error: HTTPConnectionPool(host='email-service', port=8000): Read timed out. (read timeout=30)
  timestamp: 2025-12-29T21:10:39.406530


2025-12-29 23:10:59 UTC - cron_service - WARNING - [api_endpoints.py:health_check_endpoint:221] -
Backend health check failed
Context:
  error: HTTPConnectionPool(host='backend', port=8000): Read timed out. (read timeout=3)
  timestamp: 2025-12-29T21:10:59.496144


2025-12-29 23:11:02 UTC - cron_service - WARNING - [api_endpoints.py:health_check_endpoint:230] -
Cron status check failed
Context:
  error: HTTPConnectionPool(host='backend', port=8000): Read timed out. (read timeout=3)
  timestamp: 2025-12-29T21:11:02.504819


2025-12-29 23:11:35 UTC - cron_service - WARNING - [api_endpoints.py:health_check_endpoint:221] -
Backend health check failed
Context:
  error: HTTPConnectionPool(host='backend', port=8000): Read timed out. (read timeout=3)
  timestamp: 2025-12-29T21:11:35.593076


2025-12-29 23:11:38 UTC - cron_service - WARNING - [api_endpoints.py:health_check_endpoint:230] -
Cron status check failed
Context:
  error: HTTPConnectionPool(host='backend', port=8000): Read timed out. (read timeout=3)
  timestamp: 2025-12-29T21:11:38.601454


2025-12-29 23:12:11 UTC - cron_service - WARNING - [api_endpoints.py:health_check_endpoint:221] -
Backend health check failed
Context:
  error: HTTPConnectionPool(host='backend', port=8000): Read timed out. (read timeout=3)
  timestamp: 2025-12-29T21:12:11.689673


2025-12-29 23:12:14 UTC - cron_service - WARNING - [api_endpoints.py:health_check_endpoint:230] -
Cron status check failed
Context:
  error: HTTPConnectionPool(host='backend', port=8000): Read timed out. (read timeout=3)
  timestamp: 2025-12-29T21:12:14.697412


2025-12-29 23:12:47 UTC - cron_service - WARNING - [api_endpoints.py:health_check_endpoint:221] -
Backend health check failed
Context:
  error: HTTPConnectionPool(host='backend', port=8000): Read timed out. (read timeout=3)
  timestamp: 2025-12-29T21:12:47.780519


2025-12-29 23:12:50 UTC - cron_service - WARNING - [api_endpoints.py:health_check_endpoint:230] -
Cron status check failed
Context:
  error: HTTPConnectionPool(host='backend', port=8000): Read timed out. (read timeout=3)
  timestamp: 2025-12-29T21:12:50.789504


2025-12-29 23:13:23 UTC - cron_service - WARNING - [api_endpoints.py:health_check_endpoint:221] -
Backend health check failed
Context:
  error: HTTPConnectionPool(host='backend', port=8000): Read timed out. (read timeout=3)
  timestamp: 2025-12-29T21:13:23.890326


2025-12-29 23:13:26 UTC - cron_service - WARNING - [api_endpoints.py:health_check_endpoint:230] -
Cron status check failed
Context:
  error: HTTPConnectionPool(host='backend', port=8000): Read timed out. (read timeout=3)
  timestamp: 2025-12-29T21:13:26.900616


2025-12-29 23:13:59 UTC - cron_service - WARNING - [api_endpoints.py:health_check_endpoint:221] -
Backend health check failed
Context:
  error: HTTPConnectionPool(host='backend', port=8000): Read timed out. (read timeout=3)
  timestamp: 2025-12-29T21:13:59.983955


2025-12-29 23:14:01 UTC - cron_service - WARNING - [api_endpoints.py:health_check_endpoint:230] -
Cron status check failed
Context:
  error: ('Connection aborted.', ConnectionResetError(104, 'Connection reset by peer'))
  timestamp: 2025-12-29T21:14:01.595067


2025-12-29 23:14:31 UTC - cron_service - WARNING - [api_endpoints.py:health_check_endpoint:221] -
Backend health check failed
Context:
  error: HTTPConnectionPool(host='backend', port=8000): Max retries exceeded with url: /health (Caused by NewConnectionError('<urllib3.connection.HTTPConnection object at 0x7f40ba67e450>: Failed to establish a new connection: [Errno 111] Connection refused'))
  timestamp: 2025-12-29T21:14:31.704480


2025-12-29 23:14:31 UTC - cron_service - WARNING - [api_endpoints.py:health_check_endpoint:230] -
Cron status check failed
Context:
  error: HTTPConnectionPool(host='backend', port=8000): Max retries exceeded with url: /cron/status (Caused by NewConnectionError('<urllib3.connection.HTTPConnection object at 0x7f40bb434d50>: Failed to establish a new connection: [Errno 111] Connection refused'))
  timestamp: 2025-12-29T21:14:31.708820


2025-12-29 23:15:01 UTC - cron_service - WARNING - [api_endpoints.py:health_check_endpoint:221] -
Backend health check failed
Context:
  error: HTTPConnectionPool(host='backend', port=8000): Max retries exceeded with url: /health (Caused by NewConnectionError('<urllib3.connection.HTTPConnection object at 0x7f40ba81ab50>: Failed to establish a new connection: [Errno 111] Connection refused'))
  timestamp: 2025-12-29T21:15:01.815379


2025-12-29 23:15:01 UTC - cron_service - WARNING - [api_endpoints.py:health_check_endpoint:230] -
Cron status check failed
Context:
  error: HTTPConnectionPool(host='backend', port=8000): Max retries exceeded with url: /cron/status (Caused by NewConnectionError('<urllib3.connection.HTTPConnection object at 0x7f40ba71f450>: Failed to establish a new connection: [Errno 111] Connection refused'))
  timestamp: 2025-12-29T21:15:01.825155


2025-12-29 23:15:31 UTC - cron_service - WARNING - [api_endpoints.py:health_check_endpoint:221] -
Backend health check failed
Context:
  error: HTTPConnectionPool(host='backend', port=8000): Max retries exceeded with url: /health (Caused by NewConnectionError('<urllib3.connection.HTTPConnection object at 0x7f40ba71f4d0>: Failed to establish a new connection: [Errno 111] Connection refused'))
  timestamp: 2025-12-29T21:15:31.928500


2025-12-29 23:15:31 UTC - cron_service - WARNING - [api_endpoints.py:health_check_endpoint:230] -
Cron status check failed
Context:
  error: HTTPConnectionPool(host='backend', port=8000): Max retries exceeded with url: /cron/status (Caused by NewConnectionError('<urllib3.connection.HTTPConnection object at 0x7f40ba67ef50>: Failed to establish a new connection: [Errno 111] Connection refused'))
  timestamp: 2025-12-29T21:15:31.933536


2025-12-29 23:16:35 UTC - cron_service - WARNING - [api_endpoints.py:health_check_endpoint:221] -
Backend health check failed
Context:
  error: HTTPConnectionPool(host='backend', port=8000): Read timed out. (read timeout=3)
  timestamp: 2025-12-29T21:16:35.194393


2025-12-29 23:16:38 UTC - cron_service - WARNING - [api_endpoints.py:health_check_endpoint:230] -
Cron status check failed
Context:
  error: HTTPConnectionPool(host='backend', port=8000): Read timed out. (read timeout=3)
  timestamp: 2025-12-29T21:16:38.202611


2026-02-17 00:59:38 UTC - cron_service - INFO - [unknown:unknown:0] -
Logging service initialized - log rotation: 9.5MB max, backup count: 100, cleanup scheduled via cron service at 02:00 AM daily (14 days retention)


2026-02-17 00:59:38 UTC - cron_service - INFO - [main.py:<module>:181] -
Arrr! Starting cron service...


2026-02-17 00:59:38 UTC - cron_service - INFO - [scheduler.py:setup_jobs:32] -
Arrr! TEST: Weekly combinations OPTIMIZED job scheduled to run at 23:01 UTC (in 2 minutes)!
Context:
  test_time_utc: 23:01
  current_time_utc: 2026-02-16T22:59:38.121804+00:00
  scheduled_in_minutes: 2
  endpoint: /cron/generate-weekly-combinations-optimized
  timestamp: 2026-02-16T22:59:38.125425


2026-02-17 00:59:38 UTC - cron_service - INFO - [scheduler.py:setup_jobs:78] -
Arrr! All jobs scheduled successfully!
Context:
  current_time_utc: 2026-02-16T22:59:38.126248+00:00
  scheduled_jobs: 5
  timestamp: 2026-02-16T22:59:38.126793


2026-02-17 00:59:38 UTC - cron_service - INFO - [scheduler.py:setup_jobs:101] -
Arrr! Job scheduled: generate-weekly-combinations-optimized
Context:
  job_name: generate-weekly-combinations-optimized
  next_run_utc: 2026-02-16T23:01:00+00:00
  days_until_run: 0
  hours_until_run: 0
  timestamp: 2026-02-16T22:59:38.128250


2026-02-17 00:59:38 UTC - cron_service - INFO - [scheduler.py:setup_jobs:101] -
Arrr! Job scheduled: fetch-latest-draw
Context:
  job_name: fetch-latest-draw
  next_run_utc: 2026-02-17T03:00:00+00:00
  days_until_run: 0
  hours_until_run: 4
  timestamp: 2026-02-16T22:59:38.130748


2026-02-17 00:59:38 UTC - cron_service - INFO - [scheduler.py:setup_jobs:101] -
Arrr! Job scheduled: best-model-tables-and-email
Context:
  job_name: best-model-tables-and-email
  next_run_utc: 2026-02-22T14:00:00+00:00
  days_until_run: 5
  hours_until_run: 135
  timestamp: 2026-02-16T22:59:38.132443


2026-02-17 00:59:38 UTC - cron_service - INFO - [scheduler.py:setup_jobs:101] -
Arrr! Job scheduled: cleanup-system
Context:
  job_name: cleanup-system
  next_run_utc: 2026-02-17T02:00:00+00:00
  days_until_run: 0
  hours_until_run: 3
  timestamp: 2026-02-16T22:59:38.134158


2026-02-17 00:59:38 UTC - cron_service - INFO - [scheduler.py:setup_jobs:101] -
Arrr! Job scheduled: backup-database
Context:
  job_name: backup-database
  next_run_utc: 2026-02-22T02:00:00+00:00
  days_until_run: 5
  hours_until_run: 123
  timestamp: 2026-02-16T22:59:38.136650


2026-02-17 00:59:38 UTC - cron_service - INFO - [scheduler.py:run_scheduler:280] -
Arrr! Scheduler thread started!
Context:
  current_time_utc: 2026-02-16T22:59:38.137484+00:00
  scheduled_jobs_count: 5
  timestamp: 2026-02-16T22:59:38.144986


2026-02-17 01:01:38 UTC - cron_service - INFO - [scheduler.py:_run_job_with_error_handling:115] -
Arrr! Starting scheduled job: generate-weekly-combinations-optimized
Context:
  job_name: generate-weekly-combinations-optimized
  triggered_at_utc: 2026-02-16T23:01:38.149693+00:00
  timestamp: 2026-02-16T23:01:38.153437


2026-02-17 01:01:38 UTC - cron_service - INFO - [api_endpoints.py:call_backend_endpoint:28] -
Arrr! Attempting to call backend endpoint: http://backend:8000/cron/generate-weekly-combinations-optimized (attempt 1/3)


2026-02-17 01:01:38 UTC - cron_service - INFO - [api_endpoints.py:call_backend_endpoint:35] -
Arrr! Backend health check successful!


2026-02-17 01:01:38 UTC - cron_service - INFO - [api_endpoints.py:call_backend_endpoint:61] -
Arrr! Sending POST request to: http://backend:8000/cron/generate-weekly-combinations-optimized


2026-02-17 01:02:07 UTC - cron_service - WARNING - [api_endpoints.py:health_check_endpoint:221] -
Backend health check failed
Context:
  error: HTTPConnectionPool(host='backend', port=8000): Read timed out. (read timeout=3)
  timestamp: 2026-02-16T23:02:07.543591


2026-02-17 01:02:10 UTC - cron_service - WARNING - [api_endpoints.py:health_check_endpoint:230] -
Cron status check failed
Context:
  error: HTTPConnectionPool(host='backend', port=8000): Read timed out. (read timeout=3)
  timestamp: 2026-02-16T23:02:10.552787


2026-02-17 01:02:26 UTC - cron_service - INFO - [api_endpoints.py:call_backend_endpoint:114] -
Arrr! Successfully called /cron/generate-weekly-combinations-optimized: {'status': 'success', 'message': 'OPTIMIZED Weekly combinations generated successfully using grid search', 'num_combinations': 3, 'prediction_id': 3897, 'total_time': '48.55s', 'email_sent': False, 'email_error': 'HTTPConnectionPool(host=\'localhost\', port=8001): Max retries exceeded with url: /send-best-model-tables (Caused by NewConnectionError("HTTPConnection(host=\'localhost\', port=8001): Failed to establish a new connection: [Errno 111] Connection refused"))', 'optimized_parameters': {'top_n': 2, 'num_to_recommend': 3, 'test_count': 8, 'main_algo': 'top_6_overall_frequent_v1', 'strong_algo': 'most_common', 'expected_roi': -0.5535714285714285, 'grid_search_metadata': {'total_combinations_tested': 500, 'execution_time': 48.051202058792114, 'cache_key': 'grid_search:8ff42765015808da1f95c7fde21eeef9', 'draws_used': 1811, 'quick_mode': False}}, 'performance_breakdown': {'draws_load': '0.04s', 'grid_search': '48.09s', 'generation': '0.24s', 'database': '0.05s'}}


2026-02-17 01:02:26 UTC - cron_service - INFO - [scheduler.py:_run_job_with_error_handling:128] -
Arrr! Job 'generate-weekly-combinations-optimized' completed successfully!
Context:
  job_name: generate-weekly-combinations-optimized
  completed_at_utc: 2026-02-16T23:02:26.762754+00:00
  timestamp: 2026-02-16T23:02:26.763667


2026-02-17 04:00:26 UTC - cron_service - INFO - [scheduler.py:_run_job_with_error_handling:115] -
Arrr! Starting scheduled job: cleanup-system
Context:
  job_name: cleanup-system
  triggered_at_utc: 2026-02-17T02:00:26.817616+00:00
  timestamp: 2026-02-17T02:00:26.821464


2026-02-17 04:00:26 UTC - cron_service - INFO - [job_handlers.py:cleanup_system:23] -
Arrr! Starting comprehensive system cleanup!


2026-02-17 04:00:26 UTC - cron_service - INFO - [job_handlers.py:cleanup_system:34] -
Arrr! No old logs to clean up!


2026-02-17 04:00:26 UTC - cron_service - INFO - [job_handlers.py:cleanup_system:44] -
Arrr! Starting Docker system prune to free up space!


2026-02-17 04:00:27 UTC - cron_service - INFO - [job_handlers.py:cleanup_system:54] -
Arrr! Docker version check completed!
Context:
  returncode: 1
  stdout: Client: Docker Engine - Community
 Version:           28.3.0
 API version:       1.51
 Go version:        go1.24.4
 Git commit:        38b7060
 Built:             Tue Jun 24 15:44:25 2025
 OS/Arch:           linux/amd64
 Context:           default

  stderr: permission denied while trying to connect to the Docker daemon socket at unix:///var/run/docker.sock: Get "http://%2Fvar%2Frun%2Fdocker.sock/v1.51/version": dial unix /var/run/docker.sock: connect: permission denied

  timestamp: 2026-02-17T02:00:27.233251


2026-02-17 04:00:27 UTC - cron_service - INFO - [job_handlers.py:cleanup_system:70] -
Arrr! Checking Docker resources before cleanup...


2026-02-17 04:00:27 UTC - cron_service - INFO - [job_handlers.py:cleanup_system:96] -
Arrr! Docker resource check completed!
Context:
  stopped_containers: None
  dangling_images: None
  unused_networks: None
  timestamp: 2026-02-17T02:00:27.320745


2026-02-17 04:00:27 UTC - cron_service - INFO - [job_handlers.py:cleanup_system:116] -
Arrr! Attempting docker system prune -a -f...


2026-02-17 04:00:27 UTC - cron_service - WARNING - [job_handlers.py:cleanup_system:134] -
Arrr! Docker system prune -a -f failed, trying alternative approach...
Context:
  returncode: 1
  stdout: 
  stderr: permission denied while trying to connect to the Docker daemon socket at unix:///var/run/docker.sock: Head "http://%2Fvar%2Frun%2Fdocker.sock/_ping": dial unix /var/run/docker.sock: connect: permission denied

  timestamp: 2026-02-17T02:00:27.353281


2026-02-17 04:00:27 UTC - cron_service - INFO - [job_handlers.py:cleanup_system:148] -
Arrr! Attempting individual Docker prune commands...


2026-02-17 04:00:27 UTC - cron_service - INFO - [job_handlers.py:cleanup_system:182] -
Arrr! Individual Docker prune commands completed!
Context:
  containers_returncode: 1
  images_returncode: 1
  networks_returncode: 1
  volumes_returncode: 1
  timestamp: 2026-02-17T02:00:27.464195


2026-02-17 04:00:27 UTC - cron_service - INFO - [job_handlers.py:cleanup_system:221] -
Arrr! Comprehensive system cleanup completed successfully!


2026-02-17 04:00:27 UTC - cron_service - INFO - [scheduler.py:_run_job_with_error_handling:128] -
Arrr! Job 'cleanup-system' completed successfully!
Context:
  job_name: cleanup-system
  completed_at_utc: 2026-02-17T02:00:27.466593+00:00
  timestamp: 2026-02-17T02:00:27.467462


2026-02-17 05:00:27 UTC - cron_service - INFO - [scheduler.py:_run_job_with_error_handling:115] -
Arrr! Starting scheduled job: fetch-latest-draw
Context:
  job_name: fetch-latest-draw
  triggered_at_utc: 2026-02-17T03:00:27.484054+00:00
  timestamp: 2026-02-17T03:00:27.487149


2026-02-17 05:00:27 UTC - cron_service - INFO - [api_endpoints.py:call_backend_endpoint:28] -
Arrr! Attempting to call backend endpoint: http://backend:8000/cron/fetch-latest-draw (attempt 1/3)


2026-02-17 05:00:27 UTC - cron_service - INFO - [api_endpoints.py:call_backend_endpoint:35] -
Arrr! Backend health check successful!


2026-02-17 05:00:27 UTC - cron_service - INFO - [api_endpoints.py:call_backend_endpoint:61] -
Arrr! Sending POST request to: http://backend:8000/cron/fetch-latest-draw


2026-02-17 05:00:43 UTC - cron_service - WARNING - [api_endpoints.py:health_check_endpoint:221] -
Backend health check failed
Context:
  error: HTTPConnectionPool(host='backend', port=8000): Read timed out. (read timeout=3)
  timestamp: 2026-02-17T03:00:43.413130


2026-02-17 05:00:46 UTC - cron_service - WARNING - [api_endpoints.py:health_check_endpoint:230] -
Cron status check failed
Context:
  error: HTTPConnectionPool(host='backend', port=8000): Read timed out. (read timeout=3)
  timestamp: 2026-02-17T03:00:46.419661


2026-02-17 05:01:19 UTC - cron_service - WARNING - [api_endpoints.py:health_check_endpoint:221] -
Backend health check failed
Context:
  error: HTTPConnectionPool(host='backend', port=8000): Read timed out. (read timeout=3)
  timestamp: 2026-02-17T03:01:19.554534


2026-02-17 05:01:22 UTC - cron_service - WARNING - [api_endpoints.py:health_check_endpoint:230] -
Cron status check failed
Context:
  error: HTTPConnectionPool(host='backend', port=8000): Read timed out. (read timeout=3)
  timestamp: 2026-02-17T03:01:22.565590


2026-02-17 05:01:27 UTC - cron_service - WARNING - [api_endpoints.py:call_backend_endpoint:143] -
Arrr! Timeout calling endpoint (attempt 1/3), retrying...
Context:
  error: HTTPConnectionPool(host='backend', port=8000): Read timed out. (read timeout=60)
  endpoint: /cron/fetch-latest-draw
  backend_url: http://backend:8000
  retry_in_seconds: 5
  timestamp: 2026-02-17T03:01:27.564960


2026-02-17 05:01:32 UTC - cron_service - INFO - [api_endpoints.py:call_backend_endpoint:28] -
Arrr! Attempting to call backend endpoint: http://backend:8000/cron/fetch-latest-draw (attempt 2/3)


2026-02-17 05:01:55 UTC - cron_service - WARNING - [api_endpoints.py:health_check_endpoint:221] -
Backend health check failed
Context:
  error: HTTPConnectionPool(host='backend', port=8000): Read timed out. (read timeout=3)
  timestamp: 2026-02-17T03:01:55.665167


2026-02-17 05:01:58 UTC - cron_service - WARNING - [api_endpoints.py:health_check_endpoint:230] -
Cron status check failed
Context:
  error: HTTPConnectionPool(host='backend', port=8000): Read timed out. (read timeout=3)
  timestamp: 2026-02-17T03:01:58.674252


2026-02-17 05:02:02 UTC - cron_service - WARNING - [api_endpoints.py:call_backend_endpoint:38] -
Arrr! Backend health check failed (attempt 2/3), retrying...
Context:
  error: HTTPConnectionPool(host='backend', port=8000): Read timed out. (read timeout=30)
  url: http://backend:8000/health
  retry_in_seconds: 5
  timestamp: 2026-02-17T03:02:02.599550


2026-02-17 05:02:07 UTC - cron_service - INFO - [api_endpoints.py:call_backend_endpoint:28] -
Arrr! Attempting to call backend endpoint: http://backend:8000/cron/fetch-latest-draw (attempt 3/3)


2026-02-17 05:02:31 UTC - cron_service - WARNING - [api_endpoints.py:health_check_endpoint:221] -
Backend health check failed
Context:
  error: HTTPConnectionPool(host='backend', port=8000): Read timed out. (read timeout=3)
  timestamp: 2026-02-17T03:02:31.756672


2026-02-17 05:02:34 UTC - cron_service - WARNING - [api_endpoints.py:health_check_endpoint:230] -
Cron status check failed
Context:
  error: HTTPConnectionPool(host='backend', port=8000): Read timed out. (read timeout=3)
  timestamp: 2026-02-17T03:02:34.764505


2026-02-17 05:02:37 UTC - cron_service - ERROR - [api_endpoints.py:call_backend_endpoint:49] -
Arrr! Backend health check failed after all retries!
Context:
  error: HTTPConnectionPool(host='backend', port=8000): Read timed out. (read timeout=30)
  url: http://backend:8000/health
  total_attempts: 3
  timestamp: 2026-02-17T03:02:37.636457


2026-02-17 05:02:37 UTC - cron_service - ERROR - [api_endpoints.py:call_backend_endpoint:155] -
Arrr! Timeout calling endpoint after all retries!
Context:
  error: HTTPConnectionPool(host='backend', port=8000): Read timed out. (read timeout=30)
  endpoint: /cron/fetch-latest-draw
  backend_url: http://backend:8000
  total_attempts: 3
  timestamp: 2026-02-17T03:02:37.638566


2026-02-17 05:02:37 UTC - cron_service - ERROR - [error_handler.py:handle_job_error:28] -
Arrr! Cron job 'fetch-latest-draw' failed!
Context:
  job_name: fetch-latest-draw
  error: HTTPConnectionPool(host='backend', port=8000): Read timed out. (read timeout=30)
  error_type: ReadTimeout
  traceback: Traceback (most recent call last):
  File "/usr/local/lib/python3.11/site-packages/urllib3/connectionpool.py", line 534, in _make_request
    response = conn.getresponse()
               ^^^^^^^^^^^^^^^^^^
  File "/usr/local/lib/python3.11/site-packages/urllib3/connection.py", line 565, in getresponse
    httplib_response = super().getresponse()
                       ^^^^^^^^^^^^^^^^^^^^^
  File "/usr/local/lib/python3.11/http/client.py", line 1395, in getresponse
    response.begin()
  File "/usr/local/lib/python3.11/http/client.py", line 325, in begin
    version, status, reason = self._read_status()
                              ^^^^^^^^^^^^^^^^^^^
  File "/usr/local/lib/python3.11/http/client.py", line 286, in _read_status
    line = str(self.fp.readline(_MAXLINE + 1), "iso-8859-1")
               ^^^^^^^^^^^^^^^^^^^^^^^^^^^^^^
  File "/usr/local/lib/python3.11/socket.py", line 718, in readinto
    return self._sock.recv_into(b)
           ^^^^^^^^^^^^^^^^^^^^^^^
TimeoutError: timed out

The above exception was the direct cause of the following exception:

Traceback (most recent call last):
  File "/usr/local/lib/python3.11/site-packages/requests/adapters.py", line 486, in send
    resp = conn.urlopen(
           ^^^^^^^^^^^^^
  File "/usr/local/lib/python3.11/site-packages/urllib3/connectionpool.py", line 841, in urlopen
    retries = retries.increment(
              ^^^^^^^^^^^^^^^^^^
  File "/usr/local/lib/python3.11/site-packages/urllib3/util/retry.py", line 474, in increment
    raise reraise(type(error), error, _stacktrace)
          ^^^^^^^^^^^^^^^^^^^^^^^^^^^^^^^^^^^^^^^^
  File "/usr/local/lib/python3.11/site-packages/urllib3/util/util.py", line 39, in reraise
    raise value
  File "/usr/local/lib/python3.11/site-packages/urllib3/connectionpool.py", line 787, in urlopen
    response = self._make_request(
               ^^^^^^^^^^^^^^^^^^^
  File "/usr/local/lib/python3.11/site-packages/urllib3/connectionpool.py", line 536, in _make_request
    self._raise_timeout(err=e, url=url, timeout_value=read_timeout)
  File "/usr/local/lib/python3.11/site-packages/urllib3/connectionpool.py", line 367, in _raise_timeout
    raise ReadTimeoutError(
urllib3.exceptions.ReadTimeoutError: HTTPConnectionPool(host='backend', port=8000): Read timed out. (read timeout=30)

During handling of the above exception, another exception occurred:

Traceback (most recent call last):
  File "/app/cron/scheduler.py", line 121, in _run_job_with_error_handling
    job_function()
  File "/app/cron/scheduler.py", line 50, in <lambda>
    lambda: call_backend_endpoint("/cron/fetch-latest-draw", last_successful_job),
            ^^^^^^^^^^^^^^^^^^^^^^^^^^^^^^^^^^^^^^^^^^^^^^^^^^^^^^^^^^^^^^^^^^^^^
  File "/app/cron/api_endpoints.py", line 33, in call_backend_endpoint
    health_check = requests.get(f"{backend_url}/health", timeout=30)
                   ^^^^^^^^^^^^^^^^^^^^^^^^^^^^^^^^^^^^^^^^^^^^^^^^^
  File "/usr/local/lib/python3.11/site-packages/requests/api.py", line 73, in get
    return request("get", url, params=params, **kwargs)
           ^^^^^^^^^^^^^^^^^^^^^^^^^^^^^^^^^^^^^^^^^^^^
  File "/usr/local/lib/python3.11/site-packages/requests/api.py", line 59, in request
    return session.request(method=method, url=url, **kwargs)
           ^^^^^^^^^^^^^^^^^^^^^^^^^^^^^^^^^^^^^^^^^^^^^^^^^
  File "/usr/local/lib/python3.11/site-packages/requests/sessions.py", line 589, in request
    resp = self.send(prep, **send_kwargs)
           ^^^^^^^^^^^^^^^^^^^^^^^^^^^^^^
  File "/usr/local/lib/python3.11/site-packages/requests/sessions.py", line 703, in send
    r = adapter.send(request, **kwargs)
        ^^^^^^^^^^^^^^^^^^^^^^^^^^^^^^^
  File "/usr/local/lib/python3.11/site-packages/requests/adapters.py", line 532, in send
    raise ReadTimeout(e, request=request)
requests.exceptions.ReadTimeout: HTTPConnectionPool(host='backend', port=8000): Read timed out. (read timeout=30)

  context:
    last_successful_job: None
    scheduled_time: 2026-02-17T03:02:37.639191
    job_type: scheduled
    failure_count: 1
  timestamp: 2026-02-17T03:02:37.683529


2026-02-17 05:03:07 UTC - cron_service - ERROR - [error_handler.py:_send_error_notification:78] -
Arrr! Failed to send error notification!
Context:
  job_name: fetch-latest-draw
  notification_error: HTTPConnectionPool(host='email-service', port=8000): Read timed out. (read timeout=30)
  timestamp: 2026-02-17T03:03:07.723388


2026-02-17 05:03:07 UTC - cron_service - ERROR - [error_handler.py:handle_job_error:45] -
Arrr! Failed to send error notification for job 'fetch-latest-draw'!
Context:
  original_error: HTTPConnectionPool(host='backend', port=8000): Read timed out. (read timeout=30)
  notification_error: HTTPConnectionPool(host='email-service', port=8000): Read timed out. (read timeout=30)
  timestamp: 2026-02-17T03:03:07.725431


2026-02-17 05:03:07 UTC - cron_service - ERROR - [scheduler.py:run_scheduler:326] -
Arrr! Error in scheduler loop!
Context:
  error: HTTPConnectionPool(host='backend', port=8000): Read timed out. (read timeout=30)
  consecutive_errors: 1
  max_consecutive_errors: 5
  timestamp: 2026-02-17T03:03:07.726907


2026-02-17 05:04:07 UTC - cron_service - INFO - [scheduler.py:_run_job_with_error_handling:115] -
Arrr! Starting scheduled job: fetch-latest-draw
Context:
  job_name: fetch-latest-draw
  triggered_at_utc: 2026-02-17T03:04:07.727841+00:00
  timestamp: 2026-02-17T03:04:07.729691


2026-02-17 05:04:07 UTC - cron_service - INFO - [api_endpoints.py:call_backend_endpoint:28] -
Arrr! Attempting to call backend endpoint: http://backend:8000/cron/fetch-latest-draw (attempt 1/3)


2026-02-17 05:04:07 UTC - cron_service - INFO - [api_endpoints.py:call_backend_endpoint:35] -
Arrr! Backend health check successful!


2026-02-17 05:04:07 UTC - cron_service - INFO - [api_endpoints.py:call_backend_endpoint:61] -
Arrr! Sending POST request to: http://backend:8000/cron/fetch-latest-draw


2026-02-17 05:04:13 UTC - cron_service - WARNING - [api_endpoints.py:call_backend_endpoint:167] -
Arrr! Error calling endpoint (attempt 1/3), retrying...
Context:
  error: 500 Server Error: Internal Server Error for url: http://backend:8000/cron/fetch-latest-draw
  endpoint: /cron/fetch-latest-draw
  backend_url: http://backend:8000
  retry_in_seconds: 5
  timestamp: 2026-02-17T03:04:13.325710


2026-02-17 05:04:18 UTC - cron_service - INFO - [api_endpoints.py:call_backend_endpoint:28] -
Arrr! Attempting to call backend endpoint: http://backend:8000/cron/fetch-latest-draw (attempt 2/3)


2026-02-17 05:04:18 UTC - cron_service - INFO - [api_endpoints.py:call_backend_endpoint:35] -
Arrr! Backend health check successful!


2026-02-17 05:04:18 UTC - cron_service - INFO - [api_endpoints.py:call_backend_endpoint:61] -
Arrr! Sending POST request to: http://backend:8000/cron/fetch-latest-draw


2026-02-17 05:04:23 UTC - cron_service - WARNING - [api_endpoints.py:call_backend_endpoint:167] -
Arrr! Error calling endpoint (attempt 2/3), retrying...
Context:
  error: 500 Server Error: Internal Server Error for url: http://backend:8000/cron/fetch-latest-draw
  endpoint: /cron/fetch-latest-draw
  backend_url: http://backend:8000
  retry_in_seconds: 5
  timestamp: 2026-02-17T03:04:23.480475


2026-02-17 05:04:28 UTC - cron_service - INFO - [api_endpoints.py:call_backend_endpoint:28] -
Arrr! Attempting to call backend endpoint: http://backend:8000/cron/fetch-latest-draw (attempt 3/3)


2026-02-17 05:04:28 UTC - cron_service - INFO - [api_endpoints.py:call_backend_endpoint:35] -
Arrr! Backend health check successful!


2026-02-17 05:04:28 UTC - cron_service - INFO - [api_endpoints.py:call_backend_endpoint:61] -
Arrr! Sending POST request to: http://backend:8000/cron/fetch-latest-draw


2026-02-17 05:04:33 UTC - cron_service - ERROR - [api_endpoints.py:call_backend_endpoint:179] -
Arrr! Error calling endpoint /cron/fetch-latest-draw after all retries!
Context:
  error: 500 Server Error: Internal Server Error for url: http://backend:8000/cron/fetch-latest-draw
  endpoint: /cron/fetch-latest-draw
  backend_url: http://backend:8000
  total_attempts: 3
  timestamp: 2026-02-17T03:04:33.605794


2026-02-17 05:04:33 UTC - cron_service - ERROR - [error_handler.py:handle_job_error:28] -
Arrr! Cron job 'fetch-latest-draw' failed!
Context:
  job_name: fetch-latest-draw
  error: 500 Server Error: Internal Server Error for url: http://backend:8000/cron/fetch-latest-draw
  error_type: HTTPError
  traceback: Traceback (most recent call last):
  File "/app/cron/scheduler.py", line 121, in _run_job_with_error_handling
    job_function()
  File "/app/cron/scheduler.py", line 50, in <lambda>
    lambda: call_backend_endpoint("/cron/fetch-latest-draw", last_successful_job),
            ^^^^^^^^^^^^^^^^^^^^^^^^^^^^^^^^^^^^^^^^^^^^^^^^^^^^^^^^^^^^^^^^^^^^^
  File "/app/cron/api_endpoints.py", line 63, in call_backend_endpoint
    response.raise_for_status()
  File "/usr/local/lib/python3.11/site-packages/requests/models.py", line 1021, in raise_for_status
    raise HTTPError(http_error_msg, response=self)
requests.exceptions.HTTPError: 500 Server Error: Internal Server Error for url: http://backend:8000/cron/fetch-latest-draw

  context:
    last_successful_job: None
    scheduled_time: 2026-02-17T03:04:33.611039
    job_type: scheduled
    failure_count: 2
  timestamp: 2026-02-17T03:04:33.615408


2026-02-17 05:05:03 UTC - cron_service - ERROR - [error_handler.py:_send_error_notification:78] -
Arrr! Failed to send error notification!
Context:
  job_name: fetch-latest-draw
  notification_error: HTTPConnectionPool(host='email-service', port=8000): Read timed out. (read timeout=30)
  timestamp: 2026-02-17T03:05:03.649012


2026-02-17 05:05:03 UTC - cron_service - ERROR - [error_handler.py:handle_job_error:45] -
Arrr! Failed to send error notification for job 'fetch-latest-draw'!
Context:
  original_error: 500 Server Error: Internal Server Error for url: http://backend:8000/cron/fetch-latest-draw
  notification_error: HTTPConnectionPool(host='email-service', port=8000): Read timed out. (read timeout=30)
  timestamp: 2026-02-17T03:05:03.650553


2026-02-17 05:05:03 UTC - cron_service - ERROR - [scheduler.py:run_scheduler:326] -
Arrr! Error in scheduler loop!
Context:
  error: 500 Server Error: Internal Server Error for url: http://backend:8000/cron/fetch-latest-draw
  consecutive_errors: 2
  max_consecutive_errors: 5
  timestamp: 2026-02-17T03:05:03.651635


2026-02-17 05:06:03 UTC - cron_service - INFO - [scheduler.py:_run_job_with_error_handling:115] -
Arrr! Starting scheduled job: fetch-latest-draw
Context:
  job_name: fetch-latest-draw
  triggered_at_utc: 2026-02-17T03:06:03.652225+00:00
  timestamp: 2026-02-17T03:06:03.653100


2026-02-17 05:06:03 UTC - cron_service - INFO - [api_endpoints.py:call_backend_endpoint:28] -
Arrr! Attempting to call backend endpoint: http://backend:8000/cron/fetch-latest-draw (attempt 1/3)


2026-02-17 05:06:03 UTC - cron_service - INFO - [api_endpoints.py:call_backend_endpoint:35] -
Arrr! Backend health check successful!


2026-02-17 05:06:03 UTC - cron_service - INFO - [api_endpoints.py:call_backend_endpoint:61] -
Arrr! Sending POST request to: http://backend:8000/cron/fetch-latest-draw


2026-02-17 05:06:08 UTC - cron_service - WARNING - [api_endpoints.py:health_check_endpoint:221] -
Backend health check failed
Context:
  error: HTTPConnectionPool(host='backend', port=8000): Read timed out. (read timeout=3)
  timestamp: 2026-02-17T03:06:08.717728


2026-02-17 05:06:08 UTC - cron_service - WARNING - [api_endpoints.py:call_backend_endpoint:167] -
Arrr! Error calling endpoint (attempt 1/3), retrying...
Context:
  error: 500 Server Error: Internal Server Error for url: http://backend:8000/cron/fetch-latest-draw
  endpoint: /cron/fetch-latest-draw
  backend_url: http://backend:8000
  retry_in_seconds: 5
  timestamp: 2026-02-17T03:06:08.800593


2026-02-17 05:06:13 UTC - cron_service - INFO - [api_endpoints.py:call_backend_endpoint:28] -
Arrr! Attempting to call backend endpoint: http://backend:8000/cron/fetch-latest-draw (attempt 2/3)


2026-02-17 05:06:13 UTC - cron_service - INFO - [api_endpoints.py:call_backend_endpoint:35] -
Arrr! Backend health check successful!


2026-02-17 05:06:13 UTC - cron_service - INFO - [api_endpoints.py:call_backend_endpoint:61] -
Arrr! Sending POST request to: http://backend:8000/cron/fetch-latest-draw


2026-02-17 05:06:18 UTC - cron_service - WARNING - [api_endpoints.py:call_backend_endpoint:167] -
Arrr! Error calling endpoint (attempt 2/3), retrying...
Context:
  error: 500 Server Error: Internal Server Error for url: http://backend:8000/cron/fetch-latest-draw
  endpoint: /cron/fetch-latest-draw
  backend_url: http://backend:8000
  retry_in_seconds: 5
  timestamp: 2026-02-17T03:06:18.905282


2026-02-17 05:06:23 UTC - cron_service - INFO - [api_endpoints.py:call_backend_endpoint:28] -
Arrr! Attempting to call backend endpoint: http://backend:8000/cron/fetch-latest-draw (attempt 3/3)


2026-02-17 05:06:23 UTC - cron_service - INFO - [api_endpoints.py:call_backend_endpoint:35] -
Arrr! Backend health check successful!


2026-02-17 05:06:23 UTC - cron_service - INFO - [api_endpoints.py:call_backend_endpoint:61] -
Arrr! Sending POST request to: http://backend:8000/cron/fetch-latest-draw


2026-02-17 05:06:29 UTC - cron_service - ERROR - [api_endpoints.py:call_backend_endpoint:179] -
Arrr! Error calling endpoint /cron/fetch-latest-draw after all retries!
Context:
  error: 500 Server Error: Internal Server Error for url: http://backend:8000/cron/fetch-latest-draw
  endpoint: /cron/fetch-latest-draw
  backend_url: http://backend:8000
  total_attempts: 3
  timestamp: 2026-02-17T03:06:29.021607


2026-02-17 05:06:29 UTC - cron_service - WARNING - [scheduler.py:_run_job_with_error_handling:154] -
Arrr! Job 'fetch-latest-draw' failed again (suppressing notification due to cooldown)
Context:
  job_name: fetch-latest-draw
  error: 500 Server Error: Internal Server Error for url: http://backend:8000/cron/fetch-latest-draw
  failure_count: 2
  cooldown_until: 2026-02-17T04:05:03.651182+00:00
  timestamp: 2026-02-17T03:06:29.027993


2026-02-17 05:06:29 UTC - cron_service - ERROR - [scheduler.py:run_scheduler:326] -
Arrr! Error in scheduler loop!
Context:
  error: 500 Server Error: Internal Server Error for url: http://backend:8000/cron/fetch-latest-draw
  consecutive_errors: 3
  max_consecutive_errors: 5
  timestamp: 2026-02-17T03:06:29.029237


2026-02-17 05:07:29 UTC - cron_service - INFO - [scheduler.py:_run_job_with_error_handling:115] -
Arrr! Starting scheduled job: fetch-latest-draw
Context:
  job_name: fetch-latest-draw
  triggered_at_utc: 2026-02-17T03:07:29.030103+00:00
  timestamp: 2026-02-17T03:07:29.030956


2026-02-17 05:07:29 UTC - cron_service - INFO - [api_endpoints.py:call_backend_endpoint:28] -
Arrr! Attempting to call backend endpoint: http://backend:8000/cron/fetch-latest-draw (attempt 1/3)


2026-02-17 05:07:29 UTC - cron_service - INFO - [api_endpoints.py:call_backend_endpoint:35] -
Arrr! Backend health check successful!


2026-02-17 05:07:29 UTC - cron_service - INFO - [api_endpoints.py:call_backend_endpoint:61] -
Arrr! Sending POST request to: http://backend:8000/cron/fetch-latest-draw


2026-02-17 05:07:34 UTC - cron_service - WARNING - [api_endpoints.py:call_backend_endpoint:167] -
Arrr! Error calling endpoint (attempt 1/3), retrying...
Context:
  error: 500 Server Error: Internal Server Error for url: http://backend:8000/cron/fetch-latest-draw
  endpoint: /cron/fetch-latest-draw
  backend_url: http://backend:8000
  retry_in_seconds: 5
  timestamp: 2026-02-17T03:07:34.170105


2026-02-17 05:07:39 UTC - cron_service - INFO - [api_endpoints.py:call_backend_endpoint:28] -
Arrr! Attempting to call backend endpoint: http://backend:8000/cron/fetch-latest-draw (attempt 2/3)


2026-02-17 05:07:39 UTC - cron_service - INFO - [api_endpoints.py:call_backend_endpoint:35] -
Arrr! Backend health check successful!


2026-02-17 05:07:39 UTC - cron_service - INFO - [api_endpoints.py:call_backend_endpoint:61] -
Arrr! Sending POST request to: http://backend:8000/cron/fetch-latest-draw


2026-02-17 05:07:44 UTC - cron_service - WARNING - [api_endpoints.py:call_backend_endpoint:167] -
Arrr! Error calling endpoint (attempt 2/3), retrying...
Context:
  error: 500 Server Error: Internal Server Error for url: http://backend:8000/cron/fetch-latest-draw
  endpoint: /cron/fetch-latest-draw
  backend_url: http://backend:8000
  retry_in_seconds: 5
  timestamp: 2026-02-17T03:07:44.305590


2026-02-17 05:07:49 UTC - cron_service - INFO - [api_endpoints.py:call_backend_endpoint:28] -
Arrr! Attempting to call backend endpoint: http://backend:8000/cron/fetch-latest-draw (attempt 3/3)


2026-02-17 05:07:49 UTC - cron_service - INFO - [api_endpoints.py:call_backend_endpoint:35] -
Arrr! Backend health check successful!


2026-02-17 05:07:49 UTC - cron_service - INFO - [api_endpoints.py:call_backend_endpoint:61] -
Arrr! Sending POST request to: http://backend:8000/cron/fetch-latest-draw


2026-02-17 05:07:54 UTC - cron_service - ERROR - [api_endpoints.py:call_backend_endpoint:179] -
Arrr! Error calling endpoint /cron/fetch-latest-draw after all retries!
Context:
  error: 500 Server Error: Internal Server Error for url: http://backend:8000/cron/fetch-latest-draw
  endpoint: /cron/fetch-latest-draw
  backend_url: http://backend:8000
  total_attempts: 3
  timestamp: 2026-02-17T03:07:54.420578


2026-02-17 05:07:54 UTC - cron_service - WARNING - [scheduler.py:_run_job_with_error_handling:154] -
Arrr! Job 'fetch-latest-draw' failed again (suppressing notification due to cooldown)
Context:
  job_name: fetch-latest-draw
  error: 500 Server Error: Internal Server Error for url: http://backend:8000/cron/fetch-latest-draw
  failure_count: 2
  cooldown_until: 2026-02-17T04:05:03.651182+00:00
  timestamp: 2026-02-17T03:07:54.427856


2026-02-17 05:07:54 UTC - cron_service - ERROR - [scheduler.py:run_scheduler:326] -
Arrr! Error in scheduler loop!
Context:
  error: 500 Server Error: Internal Server Error for url: http://backend:8000/cron/fetch-latest-draw
  consecutive_errors: 4
  max_consecutive_errors: 5
  timestamp: 2026-02-17T03:07:54.431304


2026-02-17 05:08:54 UTC - cron_service - INFO - [scheduler.py:_run_job_with_error_handling:115] -
Arrr! Starting scheduled job: fetch-latest-draw
Context:
  job_name: fetch-latest-draw
  triggered_at_utc: 2026-02-17T03:08:54.433623+00:00
  timestamp: 2026-02-17T03:08:54.434369


2026-02-17 05:08:54 UTC - cron_service - INFO - [api_endpoints.py:call_backend_endpoint:28] -
Arrr! Attempting to call backend endpoint: http://backend:8000/cron/fetch-latest-draw (attempt 1/3)


2026-02-17 05:08:54 UTC - cron_service - INFO - [api_endpoints.py:call_backend_endpoint:35] -
Arrr! Backend health check successful!


2026-02-17 05:08:54 UTC - cron_service - INFO - [api_endpoints.py:call_backend_endpoint:61] -
Arrr! Sending POST request to: http://backend:8000/cron/fetch-latest-draw


2026-02-17 05:08:59 UTC - cron_service - WARNING - [api_endpoints.py:call_backend_endpoint:167] -
Arrr! Error calling endpoint (attempt 1/3), retrying...
Context:
  error: 500 Server Error: Internal Server Error for url: http://backend:8000/cron/fetch-latest-draw
  endpoint: /cron/fetch-latest-draw
  backend_url: http://backend:8000
  retry_in_seconds: 5
  timestamp: 2026-02-17T03:08:59.580065


2026-02-17 05:09:04 UTC - cron_service - INFO - [api_endpoints.py:call_backend_endpoint:28] -
Arrr! Attempting to call backend endpoint: http://backend:8000/cron/fetch-latest-draw (attempt 2/3)


2026-02-17 05:09:04 UTC - cron_service - INFO - [api_endpoints.py:call_backend_endpoint:35] -
Arrr! Backend health check successful!


2026-02-17 05:09:04 UTC - cron_service - INFO - [api_endpoints.py:call_backend_endpoint:61] -
Arrr! Sending POST request to: http://backend:8000/cron/fetch-latest-draw


2026-02-17 05:09:09 UTC - cron_service - WARNING - [api_endpoints.py:call_backend_endpoint:167] -
Arrr! Error calling endpoint (attempt 2/3), retrying...
Context:
  error: 500 Server Error: Internal Server Error for url: http://backend:8000/cron/fetch-latest-draw
  endpoint: /cron/fetch-latest-draw
  backend_url: http://backend:8000
  retry_in_seconds: 5
  timestamp: 2026-02-17T03:09:09.690622


2026-02-17 05:09:14 UTC - cron_service - INFO - [api_endpoints.py:call_backend_endpoint:28] -
Arrr! Attempting to call backend endpoint: http://backend:8000/cron/fetch-latest-draw (attempt 3/3)


2026-02-17 05:09:14 UTC - cron_service - INFO - [api_endpoints.py:call_backend_endpoint:35] -
Arrr! Backend health check successful!


2026-02-17 05:09:14 UTC - cron_service - INFO - [api_endpoints.py:call_backend_endpoint:61] -
Arrr! Sending POST request to: http://backend:8000/cron/fetch-latest-draw


2026-02-17 05:09:19 UTC - cron_service - ERROR - [api_endpoints.py:call_backend_endpoint:179] -
Arrr! Error calling endpoint /cron/fetch-latest-draw after all retries!
Context:
  error: 500 Server Error: Internal Server Error for url: http://backend:8000/cron/fetch-latest-draw
  endpoint: /cron/fetch-latest-draw
  backend_url: http://backend:8000
  total_attempts: 3
  timestamp: 2026-02-17T03:09:19.801852


2026-02-17 05:09:19 UTC - cron_service - WARNING - [scheduler.py:_run_job_with_error_handling:154] -
Arrr! Job 'fetch-latest-draw' failed again (suppressing notification due to cooldown)
Context:
  job_name: fetch-latest-draw
  error: 500 Server Error: Internal Server Error for url: http://backend:8000/cron/fetch-latest-draw
  failure_count: 2
  cooldown_until: 2026-02-17T04:05:03.651182+00:00
  timestamp: 2026-02-17T03:09:19.807261


2026-02-17 05:09:19 UTC - cron_service - ERROR - [scheduler.py:run_scheduler:326] -
Arrr! Error in scheduler loop!
Context:
  error: 500 Server Error: Internal Server Error for url: http://backend:8000/cron/fetch-latest-draw
  consecutive_errors: 5
  max_consecutive_errors: 5
  timestamp: 2026-02-17T03:09:19.808401


2026-02-17 05:10:19 UTC - cron_service - INFO - [scheduler.py:_run_job_with_error_handling:115] -
Arrr! Starting scheduled job: fetch-latest-draw
Context:
  job_name: fetch-latest-draw
  triggered_at_utc: 2026-02-17T03:10:19.809185+00:00
  timestamp: 2026-02-17T03:10:19.810009


2026-02-17 05:10:19 UTC - cron_service - INFO - [api_endpoints.py:call_backend_endpoint:28] -
Arrr! Attempting to call backend endpoint: http://backend:8000/cron/fetch-latest-draw (attempt 1/3)


2026-02-17 05:10:19 UTC - cron_service - INFO - [api_endpoints.py:call_backend_endpoint:35] -
Arrr! Backend health check successful!


2026-02-17 05:10:19 UTC - cron_service - INFO - [api_endpoints.py:call_backend_endpoint:61] -
Arrr! Sending POST request to: http://backend:8000/cron/fetch-latest-draw


2026-02-17 05:10:24 UTC - cron_service - WARNING - [api_endpoints.py:call_backend_endpoint:167] -
Arrr! Error calling endpoint (attempt 1/3), retrying...
Context:
  error: 500 Server Error: Internal Server Error for url: http://backend:8000/cron/fetch-latest-draw
  endpoint: /cron/fetch-latest-draw
  backend_url: http://backend:8000
  retry_in_seconds: 5
  timestamp: 2026-02-17T03:10:24.918597


2026-02-17 05:10:29 UTC - cron_service - INFO - [api_endpoints.py:call_backend_endpoint:28] -
Arrr! Attempting to call backend endpoint: http://backend:8000/cron/fetch-latest-draw (attempt 2/3)


2026-02-17 05:10:29 UTC - cron_service - INFO - [api_endpoints.py:call_backend_endpoint:35] -
Arrr! Backend health check successful!


2026-02-17 05:10:29 UTC - cron_service - INFO - [api_endpoints.py:call_backend_endpoint:61] -
Arrr! Sending POST request to: http://backend:8000/cron/fetch-latest-draw


2026-02-17 05:10:35 UTC - cron_service - WARNING - [api_endpoints.py:call_backend_endpoint:167] -
Arrr! Error calling endpoint (attempt 2/3), retrying...
Context:
  error: 500 Server Error: Internal Server Error for url: http://backend:8000/cron/fetch-latest-draw
  endpoint: /cron/fetch-latest-draw
  backend_url: http://backend:8000
  retry_in_seconds: 5
  timestamp: 2026-02-17T03:10:35.071711


2026-02-17 05:10:40 UTC - cron_service - INFO - [api_endpoints.py:call_backend_endpoint:28] -
Arrr! Attempting to call backend endpoint: http://backend:8000/cron/fetch-latest-draw (attempt 3/3)


2026-02-17 05:10:40 UTC - cron_service - INFO - [api_endpoints.py:call_backend_endpoint:35] -
Arrr! Backend health check successful!


2026-02-17 05:10:40 UTC - cron_service - INFO - [api_endpoints.py:call_backend_endpoint:61] -
Arrr! Sending POST request to: http://backend:8000/cron/fetch-latest-draw


2026-02-17 05:10:45 UTC - cron_service - ERROR - [api_endpoints.py:call_backend_endpoint:179] -
Arrr! Error calling endpoint /cron/fetch-latest-draw after all retries!
Context:
  error: 500 Server Error: Internal Server Error for url: http://backend:8000/cron/fetch-latest-draw
  endpoint: /cron/fetch-latest-draw
  backend_url: http://backend:8000
  total_attempts: 3
  timestamp: 2026-02-17T03:10:45.182522


2026-02-17 05:10:45 UTC - cron_service - WARNING - [scheduler.py:_run_job_with_error_handling:154] -
Arrr! Job 'fetch-latest-draw' failed again (suppressing notification due to cooldown)
Context:
  job_name: fetch-latest-draw
  error: 500 Server Error: Internal Server Error for url: http://backend:8000/cron/fetch-latest-draw
  failure_count: 2
  cooldown_until: 2026-02-17T04:05:03.651182+00:00
  timestamp: 2026-02-17T03:10:45.187909


2026-02-17 05:10:45 UTC - cron_service - ERROR - [scheduler.py:run_scheduler:336] -
Arrr! Too many consecutive errors in scheduler loop! Stopping scheduler to prevent spam!
Context:
  error: 500 Server Error: Internal Server Error for url: http://backend:8000/cron/fetch-latest-draw
  consecutive_errors: 6
  max_consecutive_errors: 5
  severity: critical
  timestamp: 2026-02-17T03:10:45.189013


2026-02-17 05:10:45 UTC - cron_service - ERROR - [error_handler.py:handle_job_error:28] -
Arrr! Cron job 'scheduler-loop' failed!
Context:
  job_name: scheduler-loop
  error: 500 Server Error: Internal Server Error for url: http://backend:8000/cron/fetch-latest-draw
  error_type: HTTPError
  traceback: Traceback (most recent call last):
  File "/app/cron/scheduler.py", line 291, in run_scheduler
    schedule.run_pending()
  File "/usr/local/lib/python3.11/site-packages/schedule/__init__.py", line 822, in run_pending
    default_scheduler.run_pending()
  File "/usr/local/lib/python3.11/site-packages/schedule/__init__.py", line 100, in run_pending
    self._run_job(job)
  File "/usr/local/lib/python3.11/site-packages/schedule/__init__.py", line 172, in _run_job
    ret = job.run()
          ^^^^^^^^^
  File "/usr/local/lib/python3.11/site-packages/schedule/__init__.py", line 693, in run
    ret = self.job_func()
          ^^^^^^^^^^^^^^^
  File "/app/cron/scheduler.py", line 49, in <lambda>
    lambda: _run_job_with_error_handling("fetch-latest-draw",
            ^^^^^^^^^^^^^^^^^^^^^^^^^^^^^^^^^^^^^^^^^^^^^^^^^
  File "/app/cron/scheduler.py", line 121, in _run_job_with_error_handling
    job_function()
  File "/app/cron/scheduler.py", line 50, in <lambda>
    lambda: call_backend_endpoint("/cron/fetch-latest-draw", last_successful_job),
            ^^^^^^^^^^^^^^^^^^^^^^^^^^^^^^^^^^^^^^^^^^^^^^^^^^^^^^^^^^^^^^^^^^^^^
  File "/app/cron/api_endpoints.py", line 63, in call_backend_endpoint
    response.raise_for_status()
  File "/usr/local/lib/python3.11/site-packages/requests/models.py", line 1021, in raise_for_status
    raise HTTPError(http_error_msg, response=self)
requests.exceptions.HTTPError: 500 Server Error: Internal Server Error for url: http://backend:8000/cron/fetch-latest-draw

  context:
    consecutive_errors: 6
    action: scheduler_stopped_to_prevent_spam
  timestamp: 2026-02-17T03:10:45.190872


2026-02-17 05:11:15 UTC - cron_service - ERROR - [error_handler.py:_send_error_notification:78] -
Arrr! Failed to send error notification!
Context:
  job_name: scheduler-loop
  notification_error: HTTPConnectionPool(host='email-service', port=8000): Read timed out. (read timeout=30)
  timestamp: 2026-02-17T03:11:15.224158


2026-02-17 05:11:15 UTC - cron_service - ERROR - [error_handler.py:handle_job_error:45] -
Arrr! Failed to send error notification for job 'scheduler-loop'!
Context:
  original_error: 500 Server Error: Internal Server Error for url: http://backend:8000/cron/fetch-latest-draw
  notification_error: HTTPConnectionPool(host='email-service', port=8000): Read timed out. (read timeout=30)
  timestamp: 2026-02-17T03:11:15.225632


2026-02-18 07:09:48 UTC - cron_service - WARNING - [api_endpoints.py:health_check_endpoint:230] -
Cron status check failed
Context:
  error: HTTPConnectionPool(host='backend', port=8000): Read timed out. (read timeout=3)
  timestamp: 2026-02-18T05:09:48.606994


2026-02-18 07:22:05 UTC - cron_service - WARNING - [api_endpoints.py:health_check_endpoint:230] -
Cron status check failed
Context:
  error: HTTPConnectionPool(host='backend', port=8000): Read timed out. (read timeout=3)
  timestamp: 2026-02-18T05:22:04.688520


2026-02-18 07:24:10 UTC - cron_service - WARNING - [api_endpoints.py:health_check_endpoint:230] -
Cron status check failed
Context:
  error: HTTPConnectionPool(host='backend', port=8000): Read timed out. (read timeout=3)
  timestamp: 2026-02-18T05:24:10.018185


2026-02-18 07:25:39 UTC - cron_service - WARNING - [api_endpoints.py:health_check_endpoint:230] -
Cron status check failed
Context:
  error: HTTPConnectionPool(host='backend', port=8000): Read timed out. (read timeout=3)
  timestamp: 2026-02-18T05:25:39.936052


2026-02-18 07:26:34 UTC - cron_service - WARNING - [api_endpoints.py:health_check_endpoint:230] -
Cron status check failed
Context:
  error: HTTPConnectionPool(host='backend', port=8000): Read timed out. (read timeout=3)
  timestamp: 2026-02-18T05:26:34.376964


2026-02-18 07:31:24 UTC - cron_service - WARNING - [api_endpoints.py:health_check_endpoint:230] -
Cron status check failed
Context:
  error: HTTPConnectionPool(host='backend', port=8000): Read timed out. (read timeout=3)
  timestamp: 2026-02-18T05:31:24.237184


2026-02-18 07:33:49 UTC - cron_service - WARNING - [api_endpoints.py:health_check_endpoint:221] -
Backend health check failed
Context:
  error: HTTPConnectionPool(host='backend', port=8000): Read timed out. (read timeout=3)
  timestamp: 2026-02-18T05:33:49.381595


2026-02-18 07:33:54 UTC - cron_service - WARNING - [api_endpoints.py:health_check_endpoint:230] -
Cron status check failed
Context:
  error: HTTPConnectionPool(host='backend', port=8000): Read timed out. (read timeout=3)
  timestamp: 2026-02-18T05:33:53.924903


2026-02-18 07:36:00 UTC - cron_service - WARNING - [api_endpoints.py:health_check_endpoint:221] -
Backend health check failed
Context:
  error: HTTPConnectionPool(host='backend', port=8000): Max retries exceeded with url: /health (Caused by NameResolutionError("<urllib3.connection.HTTPConnection object at 0x7fa855632b50>: Failed to resolve 'backend' ([Errno -2] Name or service not known)"))
  timestamp: 2026-02-18T05:36:00.017645


2026-02-18 07:36:04 UTC - cron_service - WARNING - [api_endpoints.py:health_check_endpoint:230] -
Cron status check failed
Context:
  error: HTTPConnectionPool(host='backend', port=8000): Read timed out. (read timeout=3)
  timestamp: 2026-02-18T05:36:04.129630


2026-02-18 07:40:18 UTC - cron_service - WARNING - [api_endpoints.py:health_check_endpoint:230] -
Cron status check failed
Context:
  error: HTTPConnectionPool(host='backend', port=8000): Read timed out. (read timeout=3)
  timestamp: 2026-02-18T05:40:18.771431


2026-02-18 07:44:25 UTC - cron_service - WARNING - [api_endpoints.py:health_check_endpoint:221] -
Backend health check failed
Context:
  error: HTTPConnectionPool(host='backend', port=8000): Read timed out. (read timeout=3)
  timestamp: 2026-02-18T05:44:24.748881


2026-02-18 07:44:29 UTC - cron_service - WARNING - [api_endpoints.py:health_check_endpoint:230] -
Cron status check failed
Context:
  error: HTTPConnectionPool(host='backend', port=8000): Read timed out. (read timeout=3)
  timestamp: 2026-02-18T05:44:29.130246


2026-02-18 07:49:54 UTC - cron_service - WARNING - [api_endpoints.py:health_check_endpoint:230] -
Cron status check failed
Context:
  error: HTTPConnectionPool(host='backend', port=8000): Read timed out. (read timeout=3)
  timestamp: 2026-02-18T05:49:54.544813


2026-02-18 07:51:10 UTC - cron_service - WARNING - [api_endpoints.py:health_check_endpoint:230] -
Cron status check failed
Context:
  error: HTTPConnectionPool(host='backend', port=8000): Read timed out. (read timeout=3)
  timestamp: 2026-02-18T05:51:10.388155


2026-02-18 07:54:12 UTC - cron_service - WARNING - [api_endpoints.py:health_check_endpoint:221] -
Backend health check failed
Context:
  error: HTTPConnectionPool(host='backend', port=8000): Read timed out. (read timeout=3)
  timestamp: 2026-02-18T05:54:11.863993


2026-02-18 07:54:17 UTC - cron_service - WARNING - [api_endpoints.py:health_check_endpoint:230] -
Cron status check failed
Context:
  error: HTTPConnectionPool(host='backend', port=8000): Read timed out. (read timeout=3)
  timestamp: 2026-02-18T05:54:16.945286


2026-02-18 08:02:23 UTC - cron_service - WARNING - [api_endpoints.py:health_check_endpoint:230] -
Cron status check failed
Context:
  error: HTTPConnectionPool(host='backend', port=8000): Read timed out. (read timeout=3)
  timestamp: 2026-02-18T06:02:22.785883


2026-02-18 08:03:10 UTC - cron_service - WARNING - [api_endpoints.py:health_check_endpoint:230] -
Cron status check failed
Context:
  error: HTTPConnectionPool(host='backend', port=8000): Read timed out. (read timeout=3)
  timestamp: 2026-02-18T06:03:10.421245


2026-02-18 08:04:43 UTC - cron_service - WARNING - [api_endpoints.py:health_check_endpoint:230] -
Cron status check failed
Context:
  error: HTTPConnectionPool(host='backend', port=8000): Read timed out. (read timeout=3)
  timestamp: 2026-02-18T06:04:42.872534


2026-02-18 08:05:44 UTC - cron_service - WARNING - [api_endpoints.py:health_check_endpoint:230] -
Cron status check failed
Context:
  error: HTTPConnectionPool(host='backend', port=8000): Read timed out. (read timeout=3)
  timestamp: 2026-02-18T06:05:44.910595


2026-02-18 08:06:42 UTC - cron_service - WARNING - [api_endpoints.py:health_check_endpoint:230] -
Cron status check failed
Context:
  error: HTTPConnectionPool(host='backend', port=8000): Read timed out. (read timeout=3)
  timestamp: 2026-02-18T06:06:42.079532


2026-02-18 08:08:18 UTC - cron_service - WARNING - [api_endpoints.py:health_check_endpoint:230] -
Cron status check failed
Context:
  error: HTTPConnectionPool(host='backend', port=8000): Read timed out. (read timeout=3)
  timestamp: 2026-02-18T06:08:18.466110


2026-02-18 08:09:07 UTC - cron_service - WARNING - [api_endpoints.py:health_check_endpoint:230] -
Cron status check failed
Context:
  error: HTTPConnectionPool(host='backend', port=8000): Read timed out. (read timeout=3)
  timestamp: 2026-02-18T06:09:07.143035


2026-02-18 08:10:10 UTC - cron_service - WARNING - [api_endpoints.py:health_check_endpoint:230] -
Cron status check failed
Context:
  error: HTTPConnectionPool(host='backend', port=8000): Read timed out. (read timeout=3)
  timestamp: 2026-02-18T06:10:09.888542


2026-02-18 08:11:12 UTC - cron_service - WARNING - [api_endpoints.py:health_check_endpoint:230] -
Cron status check failed
Context:
  error: HTTPConnectionPool(host='backend', port=8000): Read timed out. (read timeout=3)
  timestamp: 2026-02-18T06:11:11.727189


2026-02-18 08:14:37 UTC - cron_service - WARNING - [api_endpoints.py:health_check_endpoint:230] -
Cron status check failed
Context:
  error: HTTPConnectionPool(host='backend', port=8000): Read timed out. (read timeout=3)
  timestamp: 2026-02-18T06:14:36.949104


2026-02-18 08:33:59 UTC - cron_service - WARNING - [api_endpoints.py:health_check_endpoint:221] -
Backend health check failed
Context:
  error: HTTPConnectionPool(host='backend', port=8000): Read timed out. (read timeout=3)
  timestamp: 2026-02-18T06:33:59.426290


2026-02-18 08:34:02 UTC - cron_service - WARNING - [api_endpoints.py:health_check_endpoint:230] -
Cron status check failed
Context:
  error: HTTPConnectionPool(host='backend', port=8000): Read timed out. (read timeout=3)
  timestamp: 2026-02-18T06:34:02.436729


2026-02-18 08:34:35 UTC - cron_service - WARNING - [api_endpoints.py:health_check_endpoint:221] -
Backend health check failed
Context:
  error: HTTPConnectionPool(host='backend', port=8000): Read timed out. (read timeout=3)
  timestamp: 2026-02-18T06:34:35.529601


2026-02-18 08:34:38 UTC - cron_service - WARNING - [api_endpoints.py:health_check_endpoint:230] -
Cron status check failed
Context:
  error: HTTPConnectionPool(host='backend', port=8000): Read timed out. (read timeout=3)
  timestamp: 2026-02-18T06:34:38.537467


2026-02-18 08:35:11 UTC - cron_service - WARNING - [api_endpoints.py:health_check_endpoint:221] -
Backend health check failed
Context:
  error: HTTPConnectionPool(host='backend', port=8000): Read timed out. (read timeout=3)
  timestamp: 2026-02-18T06:35:11.656084


2026-02-18 08:35:14 UTC - cron_service - WARNING - [api_endpoints.py:health_check_endpoint:230] -
Cron status check failed
Context:
  error: HTTPConnectionPool(host='backend', port=8000): Read timed out. (read timeout=3)
  timestamp: 2026-02-18T06:35:14.663707


2026-02-18 08:35:47 UTC - cron_service - WARNING - [api_endpoints.py:health_check_endpoint:221] -
Backend health check failed
Context:
  error: HTTPConnectionPool(host='backend', port=8000): Read timed out. (read timeout=3)
  timestamp: 2026-02-18T06:35:47.745236


2026-02-18 08:35:50 UTC - cron_service - WARNING - [api_endpoints.py:health_check_endpoint:230] -
Cron status check failed
Context:
  error: HTTPConnectionPool(host='backend', port=8000): Read timed out. (read timeout=3)
  timestamp: 2026-02-18T06:35:50.761665


2026-02-18 08:36:23 UTC - cron_service - WARNING - [api_endpoints.py:health_check_endpoint:221] -
Backend health check failed
Context:
  error: HTTPConnectionPool(host='backend', port=8000): Read timed out. (read timeout=3)
  timestamp: 2026-02-18T06:36:23.841773


2026-02-18 08:36:26 UTC - cron_service - WARNING - [api_endpoints.py:health_check_endpoint:230] -
Cron status check failed
Context:
  error: HTTPConnectionPool(host='backend', port=8000): Read timed out. (read timeout=3)
  timestamp: 2026-02-18T06:36:26.851376


2026-02-18 08:36:59 UTC - cron_service - WARNING - [api_endpoints.py:health_check_endpoint:221] -
Backend health check failed
Context:
  error: HTTPConnectionPool(host='backend', port=8000): Read timed out. (read timeout=3)
  timestamp: 2026-02-18T06:36:59.940039


2026-02-18 08:37:02 UTC - cron_service - WARNING - [api_endpoints.py:health_check_endpoint:230] -
Cron status check failed
Context:
  error: HTTPConnectionPool(host='backend', port=8000): Read timed out. (read timeout=3)
  timestamp: 2026-02-18T06:37:02.945431


2026-02-18 08:37:36 UTC - cron_service - WARNING - [api_endpoints.py:health_check_endpoint:221] -
Backend health check failed
Context:
  error: HTTPConnectionPool(host='backend', port=8000): Read timed out. (read timeout=3)
  timestamp: 2026-02-18T06:37:36.029511


2026-02-18 08:37:39 UTC - cron_service - WARNING - [api_endpoints.py:health_check_endpoint:230] -
Cron status check failed
Context:
  error: HTTPConnectionPool(host='backend', port=8000): Read timed out. (read timeout=3)
  timestamp: 2026-02-18T06:37:39.039254


2026-02-18 08:38:12 UTC - cron_service - WARNING - [api_endpoints.py:health_check_endpoint:221] -
Backend health check failed
Context:
  error: HTTPConnectionPool(host='backend', port=8000): Read timed out. (read timeout=3)
  timestamp: 2026-02-18T06:38:12.119032


2026-02-18 08:38:15 UTC - cron_service - WARNING - [api_endpoints.py:health_check_endpoint:230] -
Cron status check failed
Context:
  error: HTTPConnectionPool(host='backend', port=8000): Read timed out. (read timeout=3)
  timestamp: 2026-02-18T06:38:15.128213


2026-02-18 08:38:48 UTC - cron_service - WARNING - [api_endpoints.py:health_check_endpoint:221] -
Backend health check failed
Context:
  error: HTTPConnectionPool(host='backend', port=8000): Read timed out. (read timeout=3)
  timestamp: 2026-02-18T06:38:48.204109


2026-02-18 08:38:51 UTC - cron_service - WARNING - [api_endpoints.py:health_check_endpoint:230] -
Cron status check failed
Context:
  error: HTTPConnectionPool(host='backend', port=8000): Read timed out. (read timeout=3)
  timestamp: 2026-02-18T06:38:51.211884


2026-02-18 08:39:24 UTC - cron_service - WARNING - [api_endpoints.py:health_check_endpoint:221] -
Backend health check failed
Context:
  error: HTTPConnectionPool(host='backend', port=8000): Read timed out. (read timeout=3)
  timestamp: 2026-02-18T06:39:24.303440


2026-02-18 08:39:27 UTC - cron_service - WARNING - [api_endpoints.py:health_check_endpoint:230] -
Cron status check failed
Context:
  error: HTTPConnectionPool(host='backend', port=8000): Read timed out. (read timeout=3)
  timestamp: 2026-02-18T06:39:27.309700


2026-02-18 08:40:00 UTC - cron_service - WARNING - [api_endpoints.py:health_check_endpoint:221] -
Backend health check failed
Context:
  error: HTTPConnectionPool(host='backend', port=8000): Read timed out. (read timeout=3)
  timestamp: 2026-02-18T06:40:00.384529


2026-02-18 08:40:03 UTC - cron_service - WARNING - [api_endpoints.py:health_check_endpoint:230] -
Cron status check failed
Context:
  error: HTTPConnectionPool(host='backend', port=8000): Read timed out. (read timeout=3)
  timestamp: 2026-02-18T06:40:03.389690


2026-02-18 08:40:36 UTC - cron_service - WARNING - [api_endpoints.py:health_check_endpoint:221] -
Backend health check failed
Context:
  error: HTTPConnectionPool(host='backend', port=8000): Read timed out. (read timeout=3)
  timestamp: 2026-02-18T06:40:36.464239


2026-02-18 08:40:39 UTC - cron_service - WARNING - [api_endpoints.py:health_check_endpoint:230] -
Cron status check failed
Context:
  error: HTTPConnectionPool(host='backend', port=8000): Read timed out. (read timeout=3)
  timestamp: 2026-02-18T06:40:39.470103


2026-02-18 08:41:12 UTC - cron_service - WARNING - [api_endpoints.py:health_check_endpoint:221] -
Backend health check failed
Context:
  error: HTTPConnectionPool(host='backend', port=8000): Read timed out. (read timeout=3)
  timestamp: 2026-02-18T06:41:12.544963


2026-02-18 08:41:15 UTC - cron_service - WARNING - [api_endpoints.py:health_check_endpoint:230] -
Cron status check failed
Context:
  error: HTTPConnectionPool(host='backend', port=8000): Read timed out. (read timeout=3)
  timestamp: 2026-02-18T06:41:15.549887


2026-02-18 08:41:48 UTC - cron_service - WARNING - [api_endpoints.py:health_check_endpoint:221] -
Backend health check failed
Context:
  error: HTTPConnectionPool(host='backend', port=8000): Read timed out. (read timeout=3)
  timestamp: 2026-02-18T06:41:48.629019


2026-02-18 08:41:51 UTC - cron_service - WARNING - [api_endpoints.py:health_check_endpoint:230] -
Cron status check failed
Context:
  error: HTTPConnectionPool(host='backend', port=8000): Read timed out. (read timeout=3)
  timestamp: 2026-02-18T06:41:51.633994


2026-02-18 08:42:24 UTC - cron_service - WARNING - [api_endpoints.py:health_check_endpoint:221] -
Backend health check failed
Context:
  error: HTTPConnectionPool(host='backend', port=8000): Read timed out. (read timeout=3)
  timestamp: 2026-02-18T06:42:24.718326


2026-02-18 08:42:27 UTC - cron_service - WARNING - [api_endpoints.py:health_check_endpoint:230] -
Cron status check failed
Context:
  error: HTTPConnectionPool(host='backend', port=8000): Read timed out. (read timeout=3)
  timestamp: 2026-02-18T06:42:27.724088


2026-02-18 08:43:00 UTC - cron_service - WARNING - [api_endpoints.py:health_check_endpoint:221] -
Backend health check failed
Context:
  error: HTTPConnectionPool(host='backend', port=8000): Read timed out. (read timeout=3)
  timestamp: 2026-02-18T06:43:00.828992


2026-02-18 08:43:03 UTC - cron_service - WARNING - [api_endpoints.py:health_check_endpoint:230] -
Cron status check failed
Context:
  error: HTTPConnectionPool(host='backend', port=8000): Read timed out. (read timeout=3)
  timestamp: 2026-02-18T06:43:03.837022


2026-02-18 08:43:36 UTC - cron_service - WARNING - [api_endpoints.py:health_check_endpoint:221] -
Backend health check failed
Context:
  error: HTTPConnectionPool(host='backend', port=8000): Read timed out. (read timeout=3)
  timestamp: 2026-02-18T06:43:36.921408


2026-02-18 08:43:39 UTC - cron_service - WARNING - [api_endpoints.py:health_check_endpoint:230] -
Cron status check failed
Context:
  error: HTTPConnectionPool(host='backend', port=8000): Read timed out. (read timeout=3)
  timestamp: 2026-02-18T06:43:39.929243


2026-02-18 08:44:13 UTC - cron_service - WARNING - [api_endpoints.py:health_check_endpoint:221] -
Backend health check failed
Context:
  error: HTTPConnectionPool(host='backend', port=8000): Read timed out. (read timeout=3)
  timestamp: 2026-02-18T06:44:13.004691


2026-02-18 08:44:16 UTC - cron_service - WARNING - [api_endpoints.py:health_check_endpoint:230] -
Cron status check failed
Context:
  error: HTTPConnectionPool(host='backend', port=8000): Read timed out. (read timeout=3)
  timestamp: 2026-02-18T06:44:16.013678


2026-02-18 08:44:49 UTC - cron_service - WARNING - [api_endpoints.py:health_check_endpoint:221] -
Backend health check failed
Context:
  error: HTTPConnectionPool(host='backend', port=8000): Read timed out. (read timeout=3)
  timestamp: 2026-02-18T06:44:49.097042


2026-02-18 08:44:52 UTC - cron_service - WARNING - [api_endpoints.py:health_check_endpoint:230] -
Cron status check failed
Context:
  error: HTTPConnectionPool(host='backend', port=8000): Read timed out. (read timeout=3)
  timestamp: 2026-02-18T06:44:52.104745


2026-02-18 08:45:25 UTC - cron_service - WARNING - [api_endpoints.py:health_check_endpoint:221] -
Backend health check failed
Context:
  error: HTTPConnectionPool(host='backend', port=8000): Read timed out. (read timeout=3)
  timestamp: 2026-02-18T06:45:25.183435


2026-02-18 08:45:28 UTC - cron_service - WARNING - [api_endpoints.py:health_check_endpoint:230] -
Cron status check failed
Context:
  error: HTTPConnectionPool(host='backend', port=8000): Read timed out. (read timeout=3)
  timestamp: 2026-02-18T06:45:28.190993


2026-02-18 08:46:01 UTC - cron_service - WARNING - [api_endpoints.py:health_check_endpoint:221] -
Backend health check failed
Context:
  error: HTTPConnectionPool(host='backend', port=8000): Read timed out. (read timeout=3)
  timestamp: 2026-02-18T06:46:01.282360


2026-02-18 08:46:04 UTC - cron_service - WARNING - [api_endpoints.py:health_check_endpoint:230] -
Cron status check failed
Context:
  error: HTTPConnectionPool(host='backend', port=8000): Read timed out. (read timeout=3)
  timestamp: 2026-02-18T06:46:04.288493


2026-02-18 08:46:37 UTC - cron_service - WARNING - [api_endpoints.py:health_check_endpoint:221] -
Backend health check failed
Context:
  error: HTTPConnectionPool(host='backend', port=8000): Read timed out. (read timeout=3)
  timestamp: 2026-02-18T06:46:37.368986


2026-02-18 08:46:40 UTC - cron_service - WARNING - [api_endpoints.py:health_check_endpoint:230] -
Cron status check failed
Context:
  error: HTTPConnectionPool(host='backend', port=8000): Read timed out. (read timeout=3)
  timestamp: 2026-02-18T06:46:40.375662


2026-02-18 08:47:13 UTC - cron_service - WARNING - [api_endpoints.py:health_check_endpoint:221] -
Backend health check failed
Context:
  error: HTTPConnectionPool(host='backend', port=8000): Read timed out. (read timeout=3)
  timestamp: 2026-02-18T06:47:13.455863


2026-02-18 08:47:16 UTC - cron_service - WARNING - [api_endpoints.py:health_check_endpoint:230] -
Cron status check failed
Context:
  error: HTTPConnectionPool(host='backend', port=8000): Read timed out. (read timeout=3)
  timestamp: 2026-02-18T06:47:16.464117


2026-02-18 08:47:49 UTC - cron_service - WARNING - [api_endpoints.py:health_check_endpoint:221] -
Backend health check failed
Context:
  error: HTTPConnectionPool(host='backend', port=8000): Read timed out. (read timeout=3)
  timestamp: 2026-02-18T06:47:49.541810


2026-02-18 08:47:52 UTC - cron_service - WARNING - [api_endpoints.py:health_check_endpoint:230] -
Cron status check failed
Context:
  error: HTTPConnectionPool(host='backend', port=8000): Read timed out. (read timeout=3)
  timestamp: 2026-02-18T06:47:52.548453


2026-02-18 08:48:25 UTC - cron_service - WARNING - [api_endpoints.py:health_check_endpoint:221] -
Backend health check failed
Context:
  error: HTTPConnectionPool(host='backend', port=8000): Read timed out. (read timeout=3)
  timestamp: 2026-02-18T06:48:25.625252


2026-02-18 08:48:28 UTC - cron_service - WARNING - [api_endpoints.py:health_check_endpoint:230] -
Cron status check failed
Context:
  error: HTTPConnectionPool(host='backend', port=8000): Read timed out. (read timeout=3)
  timestamp: 2026-02-18T06:48:28.630008


2026-02-18 08:49:01 UTC - cron_service - WARNING - [api_endpoints.py:health_check_endpoint:221] -
Backend health check failed
Context:
  error: HTTPConnectionPool(host='backend', port=8000): Read timed out. (read timeout=3)
  timestamp: 2026-02-18T06:49:01.709757


2026-02-18 08:49:04 UTC - cron_service - WARNING - [api_endpoints.py:health_check_endpoint:230] -
Cron status check failed
Context:
  error: HTTPConnectionPool(host='backend', port=8000): Read timed out. (read timeout=3)
  timestamp: 2026-02-18T06:49:04.717580


2026-02-18 08:49:37 UTC - cron_service - WARNING - [api_endpoints.py:health_check_endpoint:221] -
Backend health check failed
Context:
  error: HTTPConnectionPool(host='backend', port=8000): Read timed out. (read timeout=3)
  timestamp: 2026-02-18T06:49:37.799794


2026-02-18 08:49:40 UTC - cron_service - WARNING - [api_endpoints.py:health_check_endpoint:230] -
Cron status check failed
Context:
  error: HTTPConnectionPool(host='backend', port=8000): Read timed out. (read timeout=3)
  timestamp: 2026-02-18T06:49:40.808882


2026-02-18 08:50:13 UTC - cron_service - WARNING - [api_endpoints.py:health_check_endpoint:221] -
Backend health check failed
Context:
  error: HTTPConnectionPool(host='backend', port=8000): Read timed out. (read timeout=3)
  timestamp: 2026-02-18T06:50:13.889205


2026-02-18 08:50:16 UTC - cron_service - WARNING - [api_endpoints.py:health_check_endpoint:230] -
Cron status check failed
Context:
  error: HTTPConnectionPool(host='backend', port=8000): Read timed out. (read timeout=3)
  timestamp: 2026-02-18T06:50:16.894422


2026-02-18 08:50:49 UTC - cron_service - WARNING - [api_endpoints.py:health_check_endpoint:221] -
Backend health check failed
Context:
  error: HTTPConnectionPool(host='backend', port=8000): Read timed out. (read timeout=3)
  timestamp: 2026-02-18T06:50:49.974408


2026-02-18 08:50:52 UTC - cron_service - WARNING - [api_endpoints.py:health_check_endpoint:230] -
Cron status check failed
Context:
  error: HTTPConnectionPool(host='backend', port=8000): Read timed out. (read timeout=3)
  timestamp: 2026-02-18T06:50:52.980298


2026-02-18 08:51:26 UTC - cron_service - WARNING - [api_endpoints.py:health_check_endpoint:221] -
Backend health check failed
Context:
  error: HTTPConnectionPool(host='backend', port=8000): Read timed out. (read timeout=3)
  timestamp: 2026-02-18T06:51:26.058235


2026-02-18 08:51:29 UTC - cron_service - WARNING - [api_endpoints.py:health_check_endpoint:230] -
Cron status check failed
Context:
  error: HTTPConnectionPool(host='backend', port=8000): Read timed out. (read timeout=3)
  timestamp: 2026-02-18T06:51:29.064226


2026-02-18 08:52:02 UTC - cron_service - WARNING - [api_endpoints.py:health_check_endpoint:221] -
Backend health check failed
Context:
  error: HTTPConnectionPool(host='backend', port=8000): Read timed out. (read timeout=3)
  timestamp: 2026-02-18T06:52:02.149251


2026-02-18 08:52:05 UTC - cron_service - WARNING - [api_endpoints.py:health_check_endpoint:230] -
Cron status check failed
Context:
  error: HTTPConnectionPool(host='backend', port=8000): Read timed out. (read timeout=3)
  timestamp: 2026-02-18T06:52:05.155964


2026-02-18 08:52:38 UTC - cron_service - WARNING - [api_endpoints.py:health_check_endpoint:221] -
Backend health check failed
Context:
  error: HTTPConnectionPool(host='backend', port=8000): Read timed out. (read timeout=3)
  timestamp: 2026-02-18T06:52:38.237401


2026-02-18 08:52:41 UTC - cron_service - WARNING - [api_endpoints.py:health_check_endpoint:230] -
Cron status check failed
Context:
  error: HTTPConnectionPool(host='backend', port=8000): Read timed out. (read timeout=3)
  timestamp: 2026-02-18T06:52:41.244378


2026-02-18 08:53:14 UTC - cron_service - WARNING - [api_endpoints.py:health_check_endpoint:221] -
Backend health check failed
Context:
  error: HTTPConnectionPool(host='backend', port=8000): Read timed out. (read timeout=3)
  timestamp: 2026-02-18T06:53:14.318271


2026-02-18 08:53:17 UTC - cron_service - WARNING - [api_endpoints.py:health_check_endpoint:230] -
Cron status check failed
Context:
  error: HTTPConnectionPool(host='backend', port=8000): Read timed out. (read timeout=3)
  timestamp: 2026-02-18T06:53:17.324180


2026-02-18 08:53:50 UTC - cron_service - WARNING - [api_endpoints.py:health_check_endpoint:221] -
Backend health check failed
Context:
  error: HTTPConnectionPool(host='backend', port=8000): Read timed out. (read timeout=3)
  timestamp: 2026-02-18T06:53:50.400607


2026-02-18 08:53:53 UTC - cron_service - WARNING - [api_endpoints.py:health_check_endpoint:230] -
Cron status check failed
Context:
  error: HTTPConnectionPool(host='backend', port=8000): Read timed out. (read timeout=3)
  timestamp: 2026-02-18T06:53:53.408274


2026-02-18 08:54:26 UTC - cron_service - WARNING - [api_endpoints.py:health_check_endpoint:221] -
Backend health check failed
Context:
  error: HTTPConnectionPool(host='backend', port=8000): Read timed out. (read timeout=3)
  timestamp: 2026-02-18T06:54:26.489523


2026-02-18 08:54:29 UTC - cron_service - WARNING - [api_endpoints.py:health_check_endpoint:230] -
Cron status check failed
Context:
  error: HTTPConnectionPool(host='backend', port=8000): Read timed out. (read timeout=3)
  timestamp: 2026-02-18T06:54:29.497358


2026-02-18 08:55:02 UTC - cron_service - WARNING - [api_endpoints.py:health_check_endpoint:221] -
Backend health check failed
Context:
  error: HTTPConnectionPool(host='backend', port=8000): Read timed out. (read timeout=3)
  timestamp: 2026-02-18T06:55:02.568212


2026-02-18 08:55:05 UTC - cron_service - WARNING - [api_endpoints.py:health_check_endpoint:230] -
Cron status check failed
Context:
  error: HTTPConnectionPool(host='backend', port=8000): Read timed out. (read timeout=3)
  timestamp: 2026-02-18T06:55:05.575269


2026-02-18 08:55:38 UTC - cron_service - WARNING - [api_endpoints.py:health_check_endpoint:221] -
Backend health check failed
Context:
  error: HTTPConnectionPool(host='backend', port=8000): Read timed out. (read timeout=3)
  timestamp: 2026-02-18T06:55:38.900038


2026-02-18 08:55:41 UTC - cron_service - WARNING - [api_endpoints.py:health_check_endpoint:230] -
Cron status check failed
Context:
  error: HTTPConnectionPool(host='backend', port=8000): Read timed out. (read timeout=3)
  timestamp: 2026-02-18T06:55:41.909128


2026-02-18 08:56:15 UTC - cron_service - WARNING - [api_endpoints.py:health_check_endpoint:221] -
Backend health check failed
Context:
  error: HTTPConnectionPool(host='backend', port=8000): Read timed out. (read timeout=3)
  timestamp: 2026-02-18T06:56:15.025537


2026-02-18 08:56:18 UTC - cron_service - WARNING - [api_endpoints.py:health_check_endpoint:230] -
Cron status check failed
Context:
  error: HTTPConnectionPool(host='backend', port=8000): Read timed out. (read timeout=3)
  timestamp: 2026-02-18T06:56:18.032407


2026-02-18 08:56:51 UTC - cron_service - WARNING - [api_endpoints.py:health_check_endpoint:221] -
Backend health check failed
Context:
  error: HTTPConnectionPool(host='backend', port=8000): Read timed out. (read timeout=3)
  timestamp: 2026-02-18T06:56:51.109099


2026-02-18 08:56:54 UTC - cron_service - WARNING - [api_endpoints.py:health_check_endpoint:230] -
Cron status check failed
Context:
  error: HTTPConnectionPool(host='backend', port=8000): Read timed out. (read timeout=3)
  timestamp: 2026-02-18T06:56:54.114480


2026-02-18 08:57:27 UTC - cron_service - WARNING - [api_endpoints.py:health_check_endpoint:221] -
Backend health check failed
Context:
  error: HTTPConnectionPool(host='backend', port=8000): Read timed out. (read timeout=3)
  timestamp: 2026-02-18T06:57:27.194721


2026-02-18 08:57:30 UTC - cron_service - WARNING - [api_endpoints.py:health_check_endpoint:230] -
Cron status check failed
Context:
  error: HTTPConnectionPool(host='backend', port=8000): Read timed out. (read timeout=3)
  timestamp: 2026-02-18T06:57:30.204439


2026-02-18 08:58:03 UTC - cron_service - WARNING - [api_endpoints.py:health_check_endpoint:221] -
Backend health check failed
Context:
  error: HTTPConnectionPool(host='backend', port=8000): Read timed out. (read timeout=3)
  timestamp: 2026-02-18T06:58:03.288697


2026-02-18 08:58:06 UTC - cron_service - WARNING - [api_endpoints.py:health_check_endpoint:230] -
Cron status check failed
Context:
  error: HTTPConnectionPool(host='backend', port=8000): Read timed out. (read timeout=3)
  timestamp: 2026-02-18T06:58:06.293456


2026-02-18 08:58:39 UTC - cron_service - WARNING - [api_endpoints.py:health_check_endpoint:221] -
Backend health check failed
Context:
  error: HTTPConnectionPool(host='backend', port=8000): Read timed out. (read timeout=3)
  timestamp: 2026-02-18T06:58:39.385402


2026-02-18 08:58:42 UTC - cron_service - WARNING - [api_endpoints.py:health_check_endpoint:230] -
Cron status check failed
Context:
  error: HTTPConnectionPool(host='backend', port=8000): Read timed out. (read timeout=3)
  timestamp: 2026-02-18T06:58:42.393677


2026-02-18 08:59:15 UTC - cron_service - WARNING - [api_endpoints.py:health_check_endpoint:221] -
Backend health check failed
Context:
  error: HTTPConnectionPool(host='backend', port=8000): Read timed out. (read timeout=3)
  timestamp: 2026-02-18T06:59:15.492711


2026-02-18 08:59:18 UTC - cron_service - WARNING - [api_endpoints.py:health_check_endpoint:230] -
Cron status check failed
Context:
  error: HTTPConnectionPool(host='backend', port=8000): Read timed out. (read timeout=3)
  timestamp: 2026-02-18T06:59:18.500305


2026-02-18 08:59:51 UTC - cron_service - WARNING - [api_endpoints.py:health_check_endpoint:221] -
Backend health check failed
Context:
  error: HTTPConnectionPool(host='backend', port=8000): Read timed out. (read timeout=3)
  timestamp: 2026-02-18T06:59:51.600003


2026-02-18 08:59:54 UTC - cron_service - WARNING - [api_endpoints.py:health_check_endpoint:230] -
Cron status check failed
Context:
  error: HTTPConnectionPool(host='backend', port=8000): Read timed out. (read timeout=3)
  timestamp: 2026-02-18T06:59:54.608872


2026-02-18 09:00:27 UTC - cron_service - WARNING - [api_endpoints.py:health_check_endpoint:221] -
Backend health check failed
Context:
  error: HTTPConnectionPool(host='backend', port=8000): Read timed out. (read timeout=3)
  timestamp: 2026-02-18T07:00:27.680264


2026-02-18 09:00:30 UTC - cron_service - WARNING - [api_endpoints.py:health_check_endpoint:230] -
Cron status check failed
Context:
  error: HTTPConnectionPool(host='backend', port=8000): Read timed out. (read timeout=3)
  timestamp: 2026-02-18T07:00:30.688297


2026-02-18 09:01:03 UTC - cron_service - WARNING - [api_endpoints.py:health_check_endpoint:221] -
Backend health check failed
Context:
  error: HTTPConnectionPool(host='backend', port=8000): Read timed out. (read timeout=3)
  timestamp: 2026-02-18T07:01:03.789899


2026-02-18 09:01:06 UTC - cron_service - WARNING - [api_endpoints.py:health_check_endpoint:230] -
Cron status check failed
Context:
  error: HTTPConnectionPool(host='backend', port=8000): Read timed out. (read timeout=3)
  timestamp: 2026-02-18T07:01:06.798084


2026-02-18 09:01:39 UTC - cron_service - WARNING - [api_endpoints.py:health_check_endpoint:221] -
Backend health check failed
Context:
  error: HTTPConnectionPool(host='backend', port=8000): Read timed out. (read timeout=3)
  timestamp: 2026-02-18T07:01:39.894020


2026-02-18 09:01:42 UTC - cron_service - WARNING - [api_endpoints.py:health_check_endpoint:230] -
Cron status check failed
Context:
  error: HTTPConnectionPool(host='backend', port=8000): Read timed out. (read timeout=3)
  timestamp: 2026-02-18T07:01:42.901645


2026-02-18 09:02:15 UTC - cron_service - WARNING - [api_endpoints.py:health_check_endpoint:221] -
Backend health check failed
Context:
  error: HTTPConnectionPool(host='backend', port=8000): Read timed out. (read timeout=3)
  timestamp: 2026-02-18T07:02:15.989603


2026-02-18 09:02:18 UTC - cron_service - WARNING - [api_endpoints.py:health_check_endpoint:230] -
Cron status check failed
Context:
  error: HTTPConnectionPool(host='backend', port=8000): Read timed out. (read timeout=3)
  timestamp: 2026-02-18T07:02:18.997581


2026-02-18 09:02:52 UTC - cron_service - WARNING - [api_endpoints.py:health_check_endpoint:221] -
Backend health check failed
Context:
  error: HTTPConnectionPool(host='backend', port=8000): Read timed out. (read timeout=3)
  timestamp: 2026-02-18T07:02:52.080086


2026-02-18 09:02:55 UTC - cron_service - WARNING - [api_endpoints.py:health_check_endpoint:230] -
Cron status check failed
Context:
  error: HTTPConnectionPool(host='backend', port=8000): Read timed out. (read timeout=3)
  timestamp: 2026-02-18T07:02:55.088619


2026-02-18 09:03:28 UTC - cron_service - WARNING - [api_endpoints.py:health_check_endpoint:221] -
Backend health check failed
Context:
  error: HTTPConnectionPool(host='backend', port=8000): Read timed out. (read timeout=3)
  timestamp: 2026-02-18T07:03:28.170566


2026-02-18 09:03:31 UTC - cron_service - WARNING - [api_endpoints.py:health_check_endpoint:230] -
Cron status check failed
Context:
  error: HTTPConnectionPool(host='backend', port=8000): Read timed out. (read timeout=3)
  timestamp: 2026-02-18T07:03:31.179067


2026-02-18 09:04:04 UTC - cron_service - WARNING - [api_endpoints.py:health_check_endpoint:221] -
Backend health check failed
Context:
  error: HTTPConnectionPool(host='backend', port=8000): Read timed out. (read timeout=3)
  timestamp: 2026-02-18T07:04:04.269083


2026-02-18 09:04:07 UTC - cron_service - WARNING - [api_endpoints.py:health_check_endpoint:230] -
Cron status check failed
Context:
  error: HTTPConnectionPool(host='backend', port=8000): Read timed out. (read timeout=3)
  timestamp: 2026-02-18T07:04:07.276653


2026-02-18 09:04:40 UTC - cron_service - WARNING - [api_endpoints.py:health_check_endpoint:221] -
Backend health check failed
Context:
  error: HTTPConnectionPool(host='backend', port=8000): Read timed out. (read timeout=3)
  timestamp: 2026-02-18T07:04:40.350322


2026-02-18 09:04:43 UTC - cron_service - WARNING - [api_endpoints.py:health_check_endpoint:230] -
Cron status check failed
Context:
  error: HTTPConnectionPool(host='backend', port=8000): Read timed out. (read timeout=3)
  timestamp: 2026-02-18T07:04:43.358444


2026-02-18 09:05:16 UTC - cron_service - WARNING - [api_endpoints.py:health_check_endpoint:221] -
Backend health check failed
Context:
  error: HTTPConnectionPool(host='backend', port=8000): Read timed out. (read timeout=3)
  timestamp: 2026-02-18T07:05:16.439569


2026-02-18 09:05:19 UTC - cron_service - WARNING - [api_endpoints.py:health_check_endpoint:230] -
Cron status check failed
Context:
  error: HTTPConnectionPool(host='backend', port=8000): Read timed out. (read timeout=3)
  timestamp: 2026-02-18T07:05:19.447310


2026-02-18 09:05:52 UTC - cron_service - WARNING - [api_endpoints.py:health_check_endpoint:221] -
Backend health check failed
Context:
  error: HTTPConnectionPool(host='backend', port=8000): Read timed out. (read timeout=3)
  timestamp: 2026-02-18T07:05:52.528345


2026-02-18 09:05:55 UTC - cron_service - WARNING - [api_endpoints.py:health_check_endpoint:230] -
Cron status check failed
Context:
  error: HTTPConnectionPool(host='backend', port=8000): Read timed out. (read timeout=3)
  timestamp: 2026-02-18T07:05:55.535000


2026-02-18 09:06:28 UTC - cron_service - WARNING - [api_endpoints.py:health_check_endpoint:221] -
Backend health check failed
Context:
  error: HTTPConnectionPool(host='backend', port=8000): Read timed out. (read timeout=3)
  timestamp: 2026-02-18T07:06:28.614144


2026-02-18 09:06:31 UTC - cron_service - WARNING - [api_endpoints.py:health_check_endpoint:230] -
Cron status check failed
Context:
  error: HTTPConnectionPool(host='backend', port=8000): Read timed out. (read timeout=3)
  timestamp: 2026-02-18T07:06:31.621942


2026-02-18 09:07:04 UTC - cron_service - WARNING - [api_endpoints.py:health_check_endpoint:221] -
Backend health check failed
Context:
  error: HTTPConnectionPool(host='backend', port=8000): Read timed out. (read timeout=3)
  timestamp: 2026-02-18T07:07:04.699294


2026-02-18 09:07:07 UTC - cron_service - WARNING - [api_endpoints.py:health_check_endpoint:230] -
Cron status check failed
Context:
  error: HTTPConnectionPool(host='backend', port=8000): Read timed out. (read timeout=3)
  timestamp: 2026-02-18T07:07:07.705060


2026-02-18 09:07:40 UTC - cron_service - WARNING - [api_endpoints.py:health_check_endpoint:221] -
Backend health check failed
Context:
  error: HTTPConnectionPool(host='backend', port=8000): Read timed out. (read timeout=3)
  timestamp: 2026-02-18T07:07:40.773464


2026-02-18 09:07:43 UTC - cron_service - WARNING - [api_endpoints.py:health_check_endpoint:230] -
Cron status check failed
Context:
  error: HTTPConnectionPool(host='backend', port=8000): Read timed out. (read timeout=3)
  timestamp: 2026-02-18T07:07:43.780409


2026-02-18 09:08:16 UTC - cron_service - WARNING - [api_endpoints.py:health_check_endpoint:221] -
Backend health check failed
Context:
  error: HTTPConnectionPool(host='backend', port=8000): Read timed out. (read timeout=3)
  timestamp: 2026-02-18T07:08:16.865361


2026-02-18 09:08:19 UTC - cron_service - WARNING - [api_endpoints.py:health_check_endpoint:230] -
Cron status check failed
Context:
  error: HTTPConnectionPool(host='backend', port=8000): Read timed out. (read timeout=3)
  timestamp: 2026-02-18T07:08:19.870631


2026-02-18 09:08:52 UTC - cron_service - WARNING - [api_endpoints.py:health_check_endpoint:221] -
Backend health check failed
Context:
  error: HTTPConnectionPool(host='backend', port=8000): Read timed out. (read timeout=3)
  timestamp: 2026-02-18T07:08:52.945383


2026-02-18 09:08:55 UTC - cron_service - WARNING - [api_endpoints.py:health_check_endpoint:230] -
Cron status check failed
Context:
  error: HTTPConnectionPool(host='backend', port=8000): Read timed out. (read timeout=3)
  timestamp: 2026-02-18T07:08:55.950519


2026-02-18 09:09:29 UTC - cron_service - WARNING - [api_endpoints.py:health_check_endpoint:221] -
Backend health check failed
Context:
  error: HTTPConnectionPool(host='backend', port=8000): Read timed out. (read timeout=3)
  timestamp: 2026-02-18T07:09:29.029511


2026-02-18 09:09:32 UTC - cron_service - WARNING - [api_endpoints.py:health_check_endpoint:230] -
Cron status check failed
Context:
  error: HTTPConnectionPool(host='backend', port=8000): Read timed out. (read timeout=3)
  timestamp: 2026-02-18T07:09:32.038136


2026-02-18 09:10:05 UTC - cron_service - WARNING - [api_endpoints.py:health_check_endpoint:221] -
Backend health check failed
Context:
  error: HTTPConnectionPool(host='backend', port=8000): Read timed out. (read timeout=3)
  timestamp: 2026-02-18T07:10:05.105652


2026-02-18 09:10:08 UTC - cron_service - WARNING - [api_endpoints.py:health_check_endpoint:230] -
Cron status check failed
Context:
  error: HTTPConnectionPool(host='backend', port=8000): Read timed out. (read timeout=3)
  timestamp: 2026-02-18T07:10:08.113579


2026-02-18 09:10:41 UTC - cron_service - WARNING - [api_endpoints.py:health_check_endpoint:221] -
Backend health check failed
Context:
  error: HTTPConnectionPool(host='backend', port=8000): Read timed out. (read timeout=3)
  timestamp: 2026-02-18T07:10:41.194287


2026-02-18 09:10:44 UTC - cron_service - WARNING - [api_endpoints.py:health_check_endpoint:230] -
Cron status check failed
Context:
  error: HTTPConnectionPool(host='backend', port=8000): Read timed out. (read timeout=3)
  timestamp: 2026-02-18T07:10:44.199054


2026-02-18 09:11:17 UTC - cron_service - WARNING - [api_endpoints.py:health_check_endpoint:221] -
Backend health check failed
Context:
  error: HTTPConnectionPool(host='backend', port=8000): Read timed out. (read timeout=3)
  timestamp: 2026-02-18T07:11:17.283693


2026-02-18 09:11:20 UTC - cron_service - WARNING - [api_endpoints.py:health_check_endpoint:230] -
Cron status check failed
Context:
  error: HTTPConnectionPool(host='backend', port=8000): Read timed out. (read timeout=3)
  timestamp: 2026-02-18T07:11:20.291660


2026-02-18 09:11:53 UTC - cron_service - WARNING - [api_endpoints.py:health_check_endpoint:221] -
Backend health check failed
Context:
  error: HTTPConnectionPool(host='backend', port=8000): Read timed out. (read timeout=3)
  timestamp: 2026-02-18T07:11:53.364585


2026-02-18 09:11:56 UTC - cron_service - WARNING - [api_endpoints.py:health_check_endpoint:230] -
Cron status check failed
Context:
  error: HTTPConnectionPool(host='backend', port=8000): Read timed out. (read timeout=3)
  timestamp: 2026-02-18T07:11:56.370489


2026-02-18 09:12:29 UTC - cron_service - WARNING - [api_endpoints.py:health_check_endpoint:221] -
Backend health check failed
Context:
  error: HTTPConnectionPool(host='backend', port=8000): Read timed out. (read timeout=3)
  timestamp: 2026-02-18T07:12:29.459320


2026-02-18 09:12:32 UTC - cron_service - WARNING - [api_endpoints.py:health_check_endpoint:230] -
Cron status check failed
Context:
  error: HTTPConnectionPool(host='backend', port=8000): Read timed out. (read timeout=3)
  timestamp: 2026-02-18T07:12:32.464816


2026-02-18 09:13:05 UTC - cron_service - WARNING - [api_endpoints.py:health_check_endpoint:221] -
Backend health check failed
Context:
  error: HTTPConnectionPool(host='backend', port=8000): Read timed out. (read timeout=3)
  timestamp: 2026-02-18T07:13:05.540387


2026-02-18 09:13:08 UTC - cron_service - WARNING - [api_endpoints.py:health_check_endpoint:230] -
Cron status check failed
Context:
  error: HTTPConnectionPool(host='backend', port=8000): Read timed out. (read timeout=3)
  timestamp: 2026-02-18T07:13:08.548688


2026-02-18 09:13:41 UTC - cron_service - WARNING - [api_endpoints.py:health_check_endpoint:221] -
Backend health check failed
Context:
  error: HTTPConnectionPool(host='backend', port=8000): Read timed out. (read timeout=3)
  timestamp: 2026-02-18T07:13:41.618662


2026-02-18 09:13:44 UTC - cron_service - WARNING - [api_endpoints.py:health_check_endpoint:230] -
Cron status check failed
Context:
  error: HTTPConnectionPool(host='backend', port=8000): Read timed out. (read timeout=3)
  timestamp: 2026-02-18T07:13:44.626393


2026-02-18 09:14:17 UTC - cron_service - WARNING - [api_endpoints.py:health_check_endpoint:221] -
Backend health check failed
Context:
  error: HTTPConnectionPool(host='backend', port=8000): Read timed out. (read timeout=3)
  timestamp: 2026-02-18T07:14:17.709153


2026-02-18 09:14:20 UTC - cron_service - WARNING - [api_endpoints.py:health_check_endpoint:230] -
Cron status check failed
Context:
  error: HTTPConnectionPool(host='backend', port=8000): Read timed out. (read timeout=3)
  timestamp: 2026-02-18T07:14:20.716815


2026-02-18 09:14:53 UTC - cron_service - WARNING - [api_endpoints.py:health_check_endpoint:221] -
Backend health check failed
Context:
  error: HTTPConnectionPool(host='backend', port=8000): Read timed out. (read timeout=3)
  timestamp: 2026-02-18T07:14:53.800643


2026-02-18 09:14:56 UTC - cron_service - WARNING - [api_endpoints.py:health_check_endpoint:230] -
Cron status check failed
Context:
  error: HTTPConnectionPool(host='backend', port=8000): Read timed out. (read timeout=3)
  timestamp: 2026-02-18T07:14:56.809192


2026-02-18 09:15:29 UTC - cron_service - WARNING - [api_endpoints.py:health_check_endpoint:221] -
Backend health check failed
Context:
  error: HTTPConnectionPool(host='backend', port=8000): Read timed out. (read timeout=3)
  timestamp: 2026-02-18T07:15:29.884392


2026-02-18 09:15:32 UTC - cron_service - WARNING - [api_endpoints.py:health_check_endpoint:230] -
Cron status check failed
Context:
  error: HTTPConnectionPool(host='backend', port=8000): Read timed out. (read timeout=3)
  timestamp: 2026-02-18T07:15:32.892352


2026-02-18 09:16:05 UTC - cron_service - WARNING - [api_endpoints.py:health_check_endpoint:221] -
Backend health check failed
Context:
  error: HTTPConnectionPool(host='backend', port=8000): Read timed out. (read timeout=3)
  timestamp: 2026-02-18T07:16:05.965786


2026-02-18 09:16:08 UTC - cron_service - WARNING - [api_endpoints.py:health_check_endpoint:230] -
Cron status check failed
Context:
  error: HTTPConnectionPool(host='backend', port=8000): Read timed out. (read timeout=3)
  timestamp: 2026-02-18T07:16:08.971795


2026-02-18 09:16:42 UTC - cron_service - WARNING - [api_endpoints.py:health_check_endpoint:221] -
Backend health check failed
Context:
  error: HTTPConnectionPool(host='backend', port=8000): Read timed out. (read timeout=3)
  timestamp: 2026-02-18T07:16:42.044530


2026-02-18 09:16:45 UTC - cron_service - WARNING - [api_endpoints.py:health_check_endpoint:230] -
Cron status check failed
Context:
  error: HTTPConnectionPool(host='backend', port=8000): Read timed out. (read timeout=3)
  timestamp: 2026-02-18T07:16:45.050056


2026-02-18 09:17:18 UTC - cron_service - WARNING - [api_endpoints.py:health_check_endpoint:221] -
Backend health check failed
Context:
  error: HTTPConnectionPool(host='backend', port=8000): Read timed out. (read timeout=3)
  timestamp: 2026-02-18T07:17:18.121534


2026-02-18 09:17:21 UTC - cron_service - WARNING - [api_endpoints.py:health_check_endpoint:230] -
Cron status check failed
Context:
  error: HTTPConnectionPool(host='backend', port=8000): Read timed out. (read timeout=3)
  timestamp: 2026-02-18T07:17:21.129413


2026-02-18 09:17:54 UTC - cron_service - WARNING - [api_endpoints.py:health_check_endpoint:221] -
Backend health check failed
Context:
  error: HTTPConnectionPool(host='backend', port=8000): Read timed out. (read timeout=3)
  timestamp: 2026-02-18T07:17:54.214562


2026-02-18 09:17:57 UTC - cron_service - WARNING - [api_endpoints.py:health_check_endpoint:230] -
Cron status check failed
Context:
  error: HTTPConnectionPool(host='backend', port=8000): Read timed out. (read timeout=3)
  timestamp: 2026-02-18T07:17:57.221220


2026-02-18 09:18:30 UTC - cron_service - WARNING - [api_endpoints.py:health_check_endpoint:221] -
Backend health check failed
Context:
  error: HTTPConnectionPool(host='backend', port=8000): Read timed out. (read timeout=3)
  timestamp: 2026-02-18T07:18:30.305725


2026-02-18 09:18:33 UTC - cron_service - WARNING - [api_endpoints.py:health_check_endpoint:230] -
Cron status check failed
Context:
  error: HTTPConnectionPool(host='backend', port=8000): Read timed out. (read timeout=3)
  timestamp: 2026-02-18T07:18:33.315607


2026-02-18 09:19:06 UTC - cron_service - WARNING - [api_endpoints.py:health_check_endpoint:221] -
Backend health check failed
Context:
  error: HTTPConnectionPool(host='backend', port=8000): Read timed out. (read timeout=3)
  timestamp: 2026-02-18T07:19:06.414127


2026-02-18 09:19:09 UTC - cron_service - WARNING - [api_endpoints.py:health_check_endpoint:230] -
Cron status check failed
Context:
  error: HTTPConnectionPool(host='backend', port=8000): Read timed out. (read timeout=3)
  timestamp: 2026-02-18T07:19:09.420364


2026-02-18 09:19:42 UTC - cron_service - WARNING - [api_endpoints.py:health_check_endpoint:221] -
Backend health check failed
Context:
  error: HTTPConnectionPool(host='backend', port=8000): Read timed out. (read timeout=3)
  timestamp: 2026-02-18T07:19:42.500218


2026-02-18 09:19:45 UTC - cron_service - WARNING - [api_endpoints.py:health_check_endpoint:230] -
Cron status check failed
Context:
  error: HTTPConnectionPool(host='backend', port=8000): Read timed out. (read timeout=3)
  timestamp: 2026-02-18T07:19:45.508496


2026-02-18 09:20:18 UTC - cron_service - WARNING - [api_endpoints.py:health_check_endpoint:221] -
Backend health check failed
Context:
  error: HTTPConnectionPool(host='backend', port=8000): Read timed out. (read timeout=3)
  timestamp: 2026-02-18T07:20:18.584227


2026-02-18 09:20:21 UTC - cron_service - WARNING - [api_endpoints.py:health_check_endpoint:230] -
Cron status check failed
Context:
  error: HTTPConnectionPool(host='backend', port=8000): Read timed out. (read timeout=3)
  timestamp: 2026-02-18T07:20:21.591955


2026-02-18 09:20:54 UTC - cron_service - WARNING - [api_endpoints.py:health_check_endpoint:221] -
Backend health check failed
Context:
  error: HTTPConnectionPool(host='backend', port=8000): Read timed out. (read timeout=3)
  timestamp: 2026-02-18T07:20:54.668285


2026-02-18 09:20:57 UTC - cron_service - WARNING - [api_endpoints.py:health_check_endpoint:230] -
Cron status check failed
Context:
  error: HTTPConnectionPool(host='backend', port=8000): Read timed out. (read timeout=3)
  timestamp: 2026-02-18T07:20:57.673576


2026-02-18 09:21:30 UTC - cron_service - WARNING - [api_endpoints.py:health_check_endpoint:221] -
Backend health check failed
Context:
  error: HTTPConnectionPool(host='backend', port=8000): Read timed out. (read timeout=3)
  timestamp: 2026-02-18T07:21:30.765550


2026-02-18 09:21:33 UTC - cron_service - WARNING - [api_endpoints.py:health_check_endpoint:230] -
Cron status check failed
Context:
  error: HTTPConnectionPool(host='backend', port=8000): Read timed out. (read timeout=3)
  timestamp: 2026-02-18T07:21:33.774135


2026-02-18 09:22:06 UTC - cron_service - WARNING - [api_endpoints.py:health_check_endpoint:221] -
Backend health check failed
Context:
  error: HTTPConnectionPool(host='backend', port=8000): Read timed out. (read timeout=3)
  timestamp: 2026-02-18T07:22:06.857434


2026-02-18 09:22:09 UTC - cron_service - WARNING - [api_endpoints.py:health_check_endpoint:230] -
Cron status check failed
Context:
  error: HTTPConnectionPool(host='backend', port=8000): Read timed out. (read timeout=3)
  timestamp: 2026-02-18T07:22:09.864819


2026-02-18 09:22:42 UTC - cron_service - WARNING - [api_endpoints.py:health_check_endpoint:221] -
Backend health check failed
Context:
  error: HTTPConnectionPool(host='backend', port=8000): Read timed out. (read timeout=3)
  timestamp: 2026-02-18T07:22:42.943792


2026-02-18 09:22:45 UTC - cron_service - WARNING - [api_endpoints.py:health_check_endpoint:230] -
Cron status check failed
Context:
  error: HTTPConnectionPool(host='backend', port=8000): Read timed out. (read timeout=3)
  timestamp: 2026-02-18T07:22:45.948985


2026-02-18 09:23:19 UTC - cron_service - WARNING - [api_endpoints.py:health_check_endpoint:221] -
Backend health check failed
Context:
  error: HTTPConnectionPool(host='backend', port=8000): Read timed out. (read timeout=3)
  timestamp: 2026-02-18T07:23:19.025473


2026-02-18 09:23:22 UTC - cron_service - WARNING - [api_endpoints.py:health_check_endpoint:230] -
Cron status check failed
Context:
  error: HTTPConnectionPool(host='backend', port=8000): Read timed out. (read timeout=3)
  timestamp: 2026-02-18T07:23:22.034191


2026-02-18 09:23:55 UTC - cron_service - WARNING - [api_endpoints.py:health_check_endpoint:221] -
Backend health check failed
Context:
  error: HTTPConnectionPool(host='backend', port=8000): Read timed out. (read timeout=3)
  timestamp: 2026-02-18T07:23:55.124211


2026-02-18 09:23:58 UTC - cron_service - WARNING - [api_endpoints.py:health_check_endpoint:230] -
Cron status check failed
Context:
  error: HTTPConnectionPool(host='backend', port=8000): Read timed out. (read timeout=3)
  timestamp: 2026-02-18T07:23:58.132784


2026-02-18 09:24:31 UTC - cron_service - WARNING - [api_endpoints.py:health_check_endpoint:221] -
Backend health check failed
Context:
  error: HTTPConnectionPool(host='backend', port=8000): Read timed out. (read timeout=3)
  timestamp: 2026-02-18T07:24:31.243460


2026-02-18 09:24:34 UTC - cron_service - WARNING - [api_endpoints.py:health_check_endpoint:230] -
Cron status check failed
Context:
  error: HTTPConnectionPool(host='backend', port=8000): Read timed out. (read timeout=3)
  timestamp: 2026-02-18T07:24:34.250096


2026-02-18 09:25:07 UTC - cron_service - WARNING - [api_endpoints.py:health_check_endpoint:221] -
Backend health check failed
Context:
  error: HTTPConnectionPool(host='backend', port=8000): Read timed out. (read timeout=3)
  timestamp: 2026-02-18T07:25:07.330691


2026-02-18 09:25:10 UTC - cron_service - WARNING - [api_endpoints.py:health_check_endpoint:230] -
Cron status check failed
Context:
  error: HTTPConnectionPool(host='backend', port=8000): Read timed out. (read timeout=3)
  timestamp: 2026-02-18T07:25:10.338896


2026-02-18 09:25:43 UTC - cron_service - WARNING - [api_endpoints.py:health_check_endpoint:221] -
Backend health check failed
Context:
  error: HTTPConnectionPool(host='backend', port=8000): Read timed out. (read timeout=3)
  timestamp: 2026-02-18T07:25:43.432538


2026-02-18 09:25:46 UTC - cron_service - WARNING - [api_endpoints.py:health_check_endpoint:230] -
Cron status check failed
Context:
  error: HTTPConnectionPool(host='backend', port=8000): Read timed out. (read timeout=3)
  timestamp: 2026-02-18T07:25:46.440051


2026-02-18 09:26:19 UTC - cron_service - WARNING - [api_endpoints.py:health_check_endpoint:221] -
Backend health check failed
Context:
  error: HTTPConnectionPool(host='backend', port=8000): Read timed out. (read timeout=3)
  timestamp: 2026-02-18T07:26:19.525474


2026-02-18 09:26:22 UTC - cron_service - WARNING - [api_endpoints.py:health_check_endpoint:230] -
Cron status check failed
Context:
  error: HTTPConnectionPool(host='backend', port=8000): Read timed out. (read timeout=3)
  timestamp: 2026-02-18T07:26:22.533882


2026-02-18 09:26:55 UTC - cron_service - WARNING - [api_endpoints.py:health_check_endpoint:221] -
Backend health check failed
Context:
  error: HTTPConnectionPool(host='backend', port=8000): Read timed out. (read timeout=3)
  timestamp: 2026-02-18T07:26:55.628223


2026-02-18 09:26:58 UTC - cron_service - WARNING - [api_endpoints.py:health_check_endpoint:230] -
Cron status check failed
Context:
  error: HTTPConnectionPool(host='backend', port=8000): Read timed out. (read timeout=3)
  timestamp: 2026-02-18T07:26:58.633458


2026-02-18 09:27:31 UTC - cron_service - WARNING - [api_endpoints.py:health_check_endpoint:221] -
Backend health check failed
Context:
  error: HTTPConnectionPool(host='backend', port=8000): Read timed out. (read timeout=3)
  timestamp: 2026-02-18T07:27:31.714551


2026-02-18 09:27:34 UTC - cron_service - WARNING - [api_endpoints.py:health_check_endpoint:230] -
Cron status check failed
Context:
  error: HTTPConnectionPool(host='backend', port=8000): Read timed out. (read timeout=3)
  timestamp: 2026-02-18T07:27:34.720456


2026-02-18 09:28:07 UTC - cron_service - WARNING - [api_endpoints.py:health_check_endpoint:221] -
Backend health check failed
Context:
  error: HTTPConnectionPool(host='backend', port=8000): Read timed out. (read timeout=3)
  timestamp: 2026-02-18T07:28:07.798880


2026-02-18 09:28:10 UTC - cron_service - WARNING - [api_endpoints.py:health_check_endpoint:230] -
Cron status check failed
Context:
  error: HTTPConnectionPool(host='backend', port=8000): Read timed out. (read timeout=3)
  timestamp: 2026-02-18T07:28:10.804400


2026-02-18 09:28:43 UTC - cron_service - WARNING - [api_endpoints.py:health_check_endpoint:221] -
Backend health check failed
Context:
  error: HTTPConnectionPool(host='backend', port=8000): Read timed out. (read timeout=3)
  timestamp: 2026-02-18T07:28:43.883275


2026-02-18 09:28:46 UTC - cron_service - WARNING - [api_endpoints.py:health_check_endpoint:230] -
Cron status check failed
Context:
  error: HTTPConnectionPool(host='backend', port=8000): Read timed out. (read timeout=3)
  timestamp: 2026-02-18T07:28:46.891010


2026-02-18 09:29:19 UTC - cron_service - WARNING - [api_endpoints.py:health_check_endpoint:221] -
Backend health check failed
Context:
  error: HTTPConnectionPool(host='backend', port=8000): Read timed out. (read timeout=3)
  timestamp: 2026-02-18T07:29:19.973228


2026-02-18 09:29:22 UTC - cron_service - WARNING - [api_endpoints.py:health_check_endpoint:230] -
Cron status check failed
Context:
  error: HTTPConnectionPool(host='backend', port=8000): Read timed out. (read timeout=3)
  timestamp: 2026-02-18T07:29:22.979745


2026-02-18 09:29:56 UTC - cron_service - WARNING - [api_endpoints.py:health_check_endpoint:221] -
Backend health check failed
Context:
  error: HTTPConnectionPool(host='backend', port=8000): Read timed out. (read timeout=3)
  timestamp: 2026-02-18T07:29:56.063066


2026-02-18 09:29:59 UTC - cron_service - WARNING - [api_endpoints.py:health_check_endpoint:230] -
Cron status check failed
Context:
  error: HTTPConnectionPool(host='backend', port=8000): Read timed out. (read timeout=3)
  timestamp: 2026-02-18T07:29:59.070051


2026-02-18 09:30:32 UTC - cron_service - WARNING - [api_endpoints.py:health_check_endpoint:221] -
Backend health check failed
Context:
  error: HTTPConnectionPool(host='backend', port=8000): Read timed out. (read timeout=3)
  timestamp: 2026-02-18T07:30:32.149790


2026-02-18 09:30:35 UTC - cron_service - WARNING - [api_endpoints.py:health_check_endpoint:230] -
Cron status check failed
Context:
  error: HTTPConnectionPool(host='backend', port=8000): Read timed out. (read timeout=3)
  timestamp: 2026-02-18T07:30:35.157647


2026-02-18 09:31:08 UTC - cron_service - WARNING - [api_endpoints.py:health_check_endpoint:221] -
Backend health check failed
Context:
  error: HTTPConnectionPool(host='backend', port=8000): Read timed out. (read timeout=3)
  timestamp: 2026-02-18T07:31:08.244089


2026-02-18 09:31:11 UTC - cron_service - WARNING - [api_endpoints.py:health_check_endpoint:230] -
Cron status check failed
Context:
  error: HTTPConnectionPool(host='backend', port=8000): Read timed out. (read timeout=3)
  timestamp: 2026-02-18T07:31:11.252730


2026-02-18 09:31:44 UTC - cron_service - WARNING - [api_endpoints.py:health_check_endpoint:221] -
Backend health check failed
Context:
  error: HTTPConnectionPool(host='backend', port=8000): Read timed out. (read timeout=3)
  timestamp: 2026-02-18T07:31:44.329548


2026-02-18 09:31:47 UTC - cron_service - WARNING - [api_endpoints.py:health_check_endpoint:230] -
Cron status check failed
Context:
  error: HTTPConnectionPool(host='backend', port=8000): Read timed out. (read timeout=3)
  timestamp: 2026-02-18T07:31:47.334901


2026-02-18 09:32:20 UTC - cron_service - WARNING - [api_endpoints.py:health_check_endpoint:221] -
Backend health check failed
Context:
  error: HTTPConnectionPool(host='backend', port=8000): Read timed out. (read timeout=3)
  timestamp: 2026-02-18T07:32:20.429892


2026-02-18 09:32:23 UTC - cron_service - WARNING - [api_endpoints.py:health_check_endpoint:230] -
Cron status check failed
Context:
  error: HTTPConnectionPool(host='backend', port=8000): Read timed out. (read timeout=3)
  timestamp: 2026-02-18T07:32:23.436483


2026-02-18 09:32:56 UTC - cron_service - WARNING - [api_endpoints.py:health_check_endpoint:221] -
Backend health check failed
Context:
  error: HTTPConnectionPool(host='backend', port=8000): Read timed out. (read timeout=3)
  timestamp: 2026-02-18T07:32:56.519967


2026-02-18 09:32:59 UTC - cron_service - WARNING - [api_endpoints.py:health_check_endpoint:230] -
Cron status check failed
Context:
  error: HTTPConnectionPool(host='backend', port=8000): Read timed out. (read timeout=3)
  timestamp: 2026-02-18T07:32:59.528545


2026-02-18 09:33:32 UTC - cron_service - WARNING - [api_endpoints.py:health_check_endpoint:221] -
Backend health check failed
Context:
  error: HTTPConnectionPool(host='backend', port=8000): Read timed out. (read timeout=3)
  timestamp: 2026-02-18T07:33:32.614314


2026-02-18 09:33:35 UTC - cron_service - WARNING - [api_endpoints.py:health_check_endpoint:230] -
Cron status check failed
Context:
  error: HTTPConnectionPool(host='backend', port=8000): Read timed out. (read timeout=3)
  timestamp: 2026-02-18T07:33:35.622917


2026-02-18 09:34:08 UTC - cron_service - WARNING - [api_endpoints.py:health_check_endpoint:221] -
Backend health check failed
Context:
  error: HTTPConnectionPool(host='backend', port=8000): Read timed out. (read timeout=3)
  timestamp: 2026-02-18T07:34:08.709383


2026-02-18 09:34:11 UTC - cron_service - WARNING - [api_endpoints.py:health_check_endpoint:230] -
Cron status check failed
Context:
  error: HTTPConnectionPool(host='backend', port=8000): Read timed out. (read timeout=3)
  timestamp: 2026-02-18T07:34:11.719573


2026-02-18 09:34:44 UTC - cron_service - WARNING - [api_endpoints.py:health_check_endpoint:221] -
Backend health check failed
Context:
  error: HTTPConnectionPool(host='backend', port=8000): Read timed out. (read timeout=3)
  timestamp: 2026-02-18T07:34:44.805893


2026-02-18 09:34:47 UTC - cron_service - WARNING - [api_endpoints.py:health_check_endpoint:230] -
Cron status check failed
Context:
  error: HTTPConnectionPool(host='backend', port=8000): Read timed out. (read timeout=3)
  timestamp: 2026-02-18T07:34:47.813098


2026-02-18 09:35:20 UTC - cron_service - WARNING - [api_endpoints.py:health_check_endpoint:221] -
Backend health check failed
Context:
  error: HTTPConnectionPool(host='backend', port=8000): Read timed out. (read timeout=3)
  timestamp: 2026-02-18T07:35:20.904576


2026-02-18 09:35:23 UTC - cron_service - WARNING - [api_endpoints.py:health_check_endpoint:230] -
Cron status check failed
Context:
  error: HTTPConnectionPool(host='backend', port=8000): Read timed out. (read timeout=3)
  timestamp: 2026-02-18T07:35:23.912766


2026-02-18 09:35:57 UTC - cron_service - WARNING - [api_endpoints.py:health_check_endpoint:221] -
Backend health check failed
Context:
  error: HTTPConnectionPool(host='backend', port=8000): Read timed out. (read timeout=3)
  timestamp: 2026-02-18T07:35:57.004762


2026-02-18 09:36:00 UTC - cron_service - WARNING - [api_endpoints.py:health_check_endpoint:230] -
Cron status check failed
Context:
  error: HTTPConnectionPool(host='backend', port=8000): Read timed out. (read timeout=3)
  timestamp: 2026-02-18T07:36:00.011705


2026-02-18 09:36:33 UTC - cron_service - WARNING - [api_endpoints.py:health_check_endpoint:221] -
Backend health check failed
Context:
  error: HTTPConnectionPool(host='backend', port=8000): Read timed out. (read timeout=3)
  timestamp: 2026-02-18T07:36:33.096703


2026-02-18 09:36:36 UTC - cron_service - WARNING - [api_endpoints.py:health_check_endpoint:230] -
Cron status check failed
Context:
  error: HTTPConnectionPool(host='backend', port=8000): Read timed out. (read timeout=3)
  timestamp: 2026-02-18T07:36:36.106578


2026-02-18 09:37:09 UTC - cron_service - WARNING - [api_endpoints.py:health_check_endpoint:221] -
Backend health check failed
Context:
  error: HTTPConnectionPool(host='backend', port=8000): Read timed out. (read timeout=3)
  timestamp: 2026-02-18T07:37:09.194588


2026-02-18 09:37:12 UTC - cron_service - WARNING - [api_endpoints.py:health_check_endpoint:230] -
Cron status check failed
Context:
  error: HTTPConnectionPool(host='backend', port=8000): Read timed out. (read timeout=3)
  timestamp: 2026-02-18T07:37:12.200551


2026-02-18 09:37:45 UTC - cron_service - WARNING - [api_endpoints.py:health_check_endpoint:221] -
Backend health check failed
Context:
  error: HTTPConnectionPool(host='backend', port=8000): Read timed out. (read timeout=3)
  timestamp: 2026-02-18T07:37:45.289335


2026-02-18 09:37:48 UTC - cron_service - WARNING - [api_endpoints.py:health_check_endpoint:230] -
Cron status check failed
Context:
  error: HTTPConnectionPool(host='backend', port=8000): Read timed out. (read timeout=3)
  timestamp: 2026-02-18T07:37:48.298021


2026-02-18 09:38:21 UTC - cron_service - WARNING - [api_endpoints.py:health_check_endpoint:221] -
Backend health check failed
Context:
  error: HTTPConnectionPool(host='backend', port=8000): Read timed out. (read timeout=3)
  timestamp: 2026-02-18T07:38:21.383870


2026-02-18 09:38:24 UTC - cron_service - WARNING - [api_endpoints.py:health_check_endpoint:230] -
Cron status check failed
Context:
  error: HTTPConnectionPool(host='backend', port=8000): Read timed out. (read timeout=3)
  timestamp: 2026-02-18T07:38:24.390413


2026-02-18 09:38:57 UTC - cron_service - WARNING - [api_endpoints.py:health_check_endpoint:221] -
Backend health check failed
Context:
  error: HTTPConnectionPool(host='backend', port=8000): Read timed out. (read timeout=3)
  timestamp: 2026-02-18T07:38:57.478674


2026-02-18 09:39:00 UTC - cron_service - WARNING - [api_endpoints.py:health_check_endpoint:230] -
Cron status check failed
Context:
  error: HTTPConnectionPool(host='backend', port=8000): Read timed out. (read timeout=3)
  timestamp: 2026-02-18T07:39:00.484833


2026-02-18 09:39:33 UTC - cron_service - WARNING - [api_endpoints.py:health_check_endpoint:221] -
Backend health check failed
Context:
  error: HTTPConnectionPool(host='backend', port=8000): Read timed out. (read timeout=3)
  timestamp: 2026-02-18T07:39:33.584488


2026-02-18 09:39:36 UTC - cron_service - WARNING - [api_endpoints.py:health_check_endpoint:230] -
Cron status check failed
Context:
  error: HTTPConnectionPool(host='backend', port=8000): Read timed out. (read timeout=3)
  timestamp: 2026-02-18T07:39:36.592591


2026-02-18 09:40:09 UTC - cron_service - WARNING - [api_endpoints.py:health_check_endpoint:221] -
Backend health check failed
Context:
  error: HTTPConnectionPool(host='backend', port=8000): Read timed out. (read timeout=3)
  timestamp: 2026-02-18T07:40:09.674419


2026-02-18 09:40:12 UTC - cron_service - WARNING - [api_endpoints.py:health_check_endpoint:230] -
Cron status check failed
Context:
  error: HTTPConnectionPool(host='backend', port=8000): Read timed out. (read timeout=3)
  timestamp: 2026-02-18T07:40:12.680511


2026-02-18 09:40:45 UTC - cron_service - WARNING - [api_endpoints.py:health_check_endpoint:221] -
Backend health check failed
Context:
  error: HTTPConnectionPool(host='backend', port=8000): Read timed out. (read timeout=3)
  timestamp: 2026-02-18T07:40:45.784563


2026-02-18 09:40:48 UTC - cron_service - WARNING - [api_endpoints.py:health_check_endpoint:230] -
Cron status check failed
Context:
  error: HTTPConnectionPool(host='backend', port=8000): Read timed out. (read timeout=3)
  timestamp: 2026-02-18T07:40:48.792621


2026-02-18 09:41:21 UTC - cron_service - WARNING - [api_endpoints.py:health_check_endpoint:221] -
Backend health check failed
Context:
  error: HTTPConnectionPool(host='backend', port=8000): Read timed out. (read timeout=3)
  timestamp: 2026-02-18T07:41:21.895508


2026-02-18 09:41:24 UTC - cron_service - WARNING - [api_endpoints.py:health_check_endpoint:230] -
Cron status check failed
Context:
  error: HTTPConnectionPool(host='backend', port=8000): Read timed out. (read timeout=3)
  timestamp: 2026-02-18T07:41:24.903981


2026-02-18 09:41:57 UTC - cron_service - WARNING - [api_endpoints.py:health_check_endpoint:221] -
Backend health check failed
Context:
  error: HTTPConnectionPool(host='backend', port=8000): Read timed out. (read timeout=3)
  timestamp: 2026-02-18T07:41:57.994112


2026-02-18 09:42:01 UTC - cron_service - WARNING - [api_endpoints.py:health_check_endpoint:230] -
Cron status check failed
Context:
  error: HTTPConnectionPool(host='backend', port=8000): Read timed out. (read timeout=3)
  timestamp: 2026-02-18T07:42:01.002064


2026-02-18 09:42:34 UTC - cron_service - WARNING - [api_endpoints.py:health_check_endpoint:221] -
Backend health check failed
Context:
  error: HTTPConnectionPool(host='backend', port=8000): Read timed out. (read timeout=3)
  timestamp: 2026-02-18T07:42:34.110063


2026-02-18 09:42:37 UTC - cron_service - WARNING - [api_endpoints.py:health_check_endpoint:230] -
Cron status check failed
Context:
  error: HTTPConnectionPool(host='backend', port=8000): Read timed out. (read timeout=3)
  timestamp: 2026-02-18T07:42:37.118704


2026-02-18 09:43:10 UTC - cron_service - WARNING - [api_endpoints.py:health_check_endpoint:221] -
Backend health check failed
Context:
  error: HTTPConnectionPool(host='backend', port=8000): Read timed out. (read timeout=3)
  timestamp: 2026-02-18T07:43:10.216318


2026-02-18 09:43:13 UTC - cron_service - WARNING - [api_endpoints.py:health_check_endpoint:230] -
Cron status check failed
Context:
  error: HTTPConnectionPool(host='backend', port=8000): Read timed out. (read timeout=3)
  timestamp: 2026-02-18T07:43:13.224336


2026-02-18 09:43:46 UTC - cron_service - WARNING - [api_endpoints.py:health_check_endpoint:221] -
Backend health check failed
Context:
  error: HTTPConnectionPool(host='backend', port=8000): Read timed out. (read timeout=3)
  timestamp: 2026-02-18T07:43:46.358361


2026-02-18 09:43:49 UTC - cron_service - WARNING - [api_endpoints.py:health_check_endpoint:230] -
Cron status check failed
Context:
  error: HTTPConnectionPool(host='backend', port=8000): Read timed out. (read timeout=3)
  timestamp: 2026-02-18T07:43:49.367050


2026-02-18 09:44:22 UTC - cron_service - WARNING - [api_endpoints.py:health_check_endpoint:221] -
Backend health check failed
Context:
  error: HTTPConnectionPool(host='backend', port=8000): Read timed out. (read timeout=3)
  timestamp: 2026-02-18T07:44:22.465326


2026-02-18 09:44:25 UTC - cron_service - WARNING - [api_endpoints.py:health_check_endpoint:230] -
Cron status check failed
Context:
  error: HTTPConnectionPool(host='backend', port=8000): Read timed out. (read timeout=3)
  timestamp: 2026-02-18T07:44:25.473638


2026-02-18 09:44:58 UTC - cron_service - WARNING - [api_endpoints.py:health_check_endpoint:221] -
Backend health check failed
Context:
  error: HTTPConnectionPool(host='backend', port=8000): Read timed out. (read timeout=3)
  timestamp: 2026-02-18T07:44:58.613128


2026-02-18 09:45:01 UTC - cron_service - WARNING - [api_endpoints.py:health_check_endpoint:230] -
Cron status check failed
Context:
  error: HTTPConnectionPool(host='backend', port=8000): Read timed out. (read timeout=3)
  timestamp: 2026-02-18T07:45:01.620248


2026-02-18 09:45:34 UTC - cron_service - WARNING - [api_endpoints.py:health_check_endpoint:221] -
Backend health check failed
Context:
  error: HTTPConnectionPool(host='backend', port=8000): Read timed out. (read timeout=3)
  timestamp: 2026-02-18T07:45:34.780829


2026-02-18 09:45:37 UTC - cron_service - WARNING - [api_endpoints.py:health_check_endpoint:230] -
Cron status check failed
Context:
  error: HTTPConnectionPool(host='backend', port=8000): Read timed out. (read timeout=3)
  timestamp: 2026-02-18T07:45:37.788135


2026-02-18 09:46:10 UTC - cron_service - WARNING - [api_endpoints.py:health_check_endpoint:221] -
Backend health check failed
Context:
  error: HTTPConnectionPool(host='backend', port=8000): Read timed out. (read timeout=3)
  timestamp: 2026-02-18T07:46:10.909741


2026-02-18 09:46:13 UTC - cron_service - WARNING - [api_endpoints.py:health_check_endpoint:230] -
Cron status check failed
Context:
  error: HTTPConnectionPool(host='backend', port=8000): Read timed out. (read timeout=3)
  timestamp: 2026-02-18T07:46:13.918357


2026-02-18 09:46:47 UTC - cron_service - WARNING - [api_endpoints.py:health_check_endpoint:221] -
Backend health check failed
Context:
  error: HTTPConnectionPool(host='backend', port=8000): Read timed out. (read timeout=3)
  timestamp: 2026-02-18T07:46:47.054626


2026-02-18 09:46:50 UTC - cron_service - WARNING - [api_endpoints.py:health_check_endpoint:230] -
Cron status check failed
Context:
  error: HTTPConnectionPool(host='backend', port=8000): Read timed out. (read timeout=3)
  timestamp: 2026-02-18T07:46:50.063588


2026-02-18 09:47:23 UTC - cron_service - WARNING - [api_endpoints.py:health_check_endpoint:221] -
Backend health check failed
Context:
  error: HTTPConnectionPool(host='backend', port=8000): Read timed out. (read timeout=3)
  timestamp: 2026-02-18T07:47:23.166185


2026-02-18 09:47:26 UTC - cron_service - WARNING - [api_endpoints.py:health_check_endpoint:230] -
Cron status check failed
Context:
  error: HTTPConnectionPool(host='backend', port=8000): Read timed out. (read timeout=3)
  timestamp: 2026-02-18T07:47:26.173232


2026-02-18 09:47:59 UTC - cron_service - WARNING - [api_endpoints.py:health_check_endpoint:221] -
Backend health check failed
Context:
  error: HTTPConnectionPool(host='backend', port=8000): Read timed out. (read timeout=3)
  timestamp: 2026-02-18T07:47:59.389558


2026-02-18 09:48:02 UTC - cron_service - WARNING - [api_endpoints.py:health_check_endpoint:230] -
Cron status check failed
Context:
  error: HTTPConnectionPool(host='backend', port=8000): Read timed out. (read timeout=3)
  timestamp: 2026-02-18T07:48:02.400012


2026-02-18 09:48:35 UTC - cron_service - WARNING - [api_endpoints.py:health_check_endpoint:221] -
Backend health check failed
Context:
  error: HTTPConnectionPool(host='backend', port=8000): Read timed out. (read timeout=3)
  timestamp: 2026-02-18T07:48:35.598599


2026-02-18 09:48:38 UTC - cron_service - WARNING - [api_endpoints.py:health_check_endpoint:230] -
Cron status check failed
Context:
  error: HTTPConnectionPool(host='backend', port=8000): Read timed out. (read timeout=3)
  timestamp: 2026-02-18T07:48:38.610855


2026-02-18 09:49:11 UTC - cron_service - WARNING - [api_endpoints.py:health_check_endpoint:221] -
Backend health check failed
Context:
  error: HTTPConnectionPool(host='backend', port=8000): Read timed out. (read timeout=3)
  timestamp: 2026-02-18T07:49:11.837366


2026-02-18 09:49:14 UTC - cron_service - WARNING - [api_endpoints.py:health_check_endpoint:230] -
Cron status check failed
Context:
  error: HTTPConnectionPool(host='backend', port=8000): Read timed out. (read timeout=3)
  timestamp: 2026-02-18T07:49:14.854455


2026-02-18 09:49:48 UTC - cron_service - WARNING - [api_endpoints.py:health_check_endpoint:221] -
Backend health check failed
Context:
  error: HTTPConnectionPool(host='backend', port=8000): Read timed out. (read timeout=3)
  timestamp: 2026-02-18T07:49:48.155408


2026-02-18 09:49:51 UTC - cron_service - WARNING - [api_endpoints.py:health_check_endpoint:230] -
Cron status check failed
Context:
  error: HTTPConnectionPool(host='backend', port=8000): Read timed out. (read timeout=3)
  timestamp: 2026-02-18T07:49:51.169006


2026-02-18 09:50:24 UTC - cron_service - WARNING - [api_endpoints.py:health_check_endpoint:221] -
Backend health check failed
Context:
  error: HTTPConnectionPool(host='backend', port=8000): Read timed out. (read timeout=3)
  timestamp: 2026-02-18T07:50:24.348769


2026-02-18 09:50:27 UTC - cron_service - WARNING - [api_endpoints.py:health_check_endpoint:230] -
Cron status check failed
Context:
  error: HTTPConnectionPool(host='backend', port=8000): Read timed out. (read timeout=3)
  timestamp: 2026-02-18T07:50:27.358740


2026-02-18 09:51:00 UTC - cron_service - WARNING - [api_endpoints.py:health_check_endpoint:221] -
Backend health check failed
Context:
  error: HTTPConnectionPool(host='backend', port=8000): Read timed out. (read timeout=3)
  timestamp: 2026-02-18T07:51:00.614268


2026-02-18 09:51:03 UTC - cron_service - WARNING - [api_endpoints.py:health_check_endpoint:230] -
Cron status check failed
Context:
  error: HTTPConnectionPool(host='backend', port=8000): Read timed out. (read timeout=3)
  timestamp: 2026-02-18T07:51:03.629533


2026-02-18 09:51:36 UTC - cron_service - WARNING - [api_endpoints.py:health_check_endpoint:221] -
Backend health check failed
Context:
  error: HTTPConnectionPool(host='backend', port=8000): Read timed out. (read timeout=3)
  timestamp: 2026-02-18T07:51:36.980181


2026-02-18 09:51:39 UTC - cron_service - WARNING - [api_endpoints.py:health_check_endpoint:230] -
Cron status check failed
Context:
  error: HTTPConnectionPool(host='backend', port=8000): Read timed out. (read timeout=3)
  timestamp: 2026-02-18T07:51:39.989452


2026-02-18 09:52:13 UTC - cron_service - WARNING - [api_endpoints.py:health_check_endpoint:221] -
Backend health check failed
Context:
  error: HTTPConnectionPool(host='backend', port=8000): Read timed out. (read timeout=3)
  timestamp: 2026-02-18T07:52:13.236528


2026-02-18 09:52:16 UTC - cron_service - WARNING - [api_endpoints.py:health_check_endpoint:230] -
Cron status check failed
Context:
  error: HTTPConnectionPool(host='backend', port=8000): Read timed out. (read timeout=3)
  timestamp: 2026-02-18T07:52:16.249001


2026-02-18 09:52:49 UTC - cron_service - WARNING - [api_endpoints.py:health_check_endpoint:221] -
Backend health check failed
Context:
  error: HTTPConnectionPool(host='backend', port=8000): Read timed out. (read timeout=3)
  timestamp: 2026-02-18T07:52:49.604738


2026-02-18 09:52:52 UTC - cron_service - WARNING - [api_endpoints.py:health_check_endpoint:230] -
Cron status check failed
Context:
  error: HTTPConnectionPool(host='backend', port=8000): Read timed out. (read timeout=3)
  timestamp: 2026-02-18T07:52:52.616845


2026-02-18 09:53:25 UTC - cron_service - WARNING - [api_endpoints.py:health_check_endpoint:221] -
Backend health check failed
Context:
  error: HTTPConnectionPool(host='backend', port=8000): Read timed out. (read timeout=3)
  timestamp: 2026-02-18T07:53:25.946747


2026-02-18 09:53:28 UTC - cron_service - WARNING - [api_endpoints.py:health_check_endpoint:230] -
Cron status check failed
Context:
  error: HTTPConnectionPool(host='backend', port=8000): Read timed out. (read timeout=3)
  timestamp: 2026-02-18T07:53:28.989467


2026-02-18 09:54:02 UTC - cron_service - WARNING - [api_endpoints.py:health_check_endpoint:221] -
Backend health check failed
Context:
  error: HTTPConnectionPool(host='backend', port=8000): Read timed out. (read timeout=3)
  timestamp: 2026-02-18T07:54:02.352974


2026-02-18 09:54:05 UTC - cron_service - WARNING - [api_endpoints.py:health_check_endpoint:230] -
Cron status check failed
Context:
  error: HTTPConnectionPool(host='backend', port=8000): Read timed out. (read timeout=3)
  timestamp: 2026-02-18T07:54:05.377219


2026-02-18 09:54:38 UTC - cron_service - WARNING - [api_endpoints.py:health_check_endpoint:221] -
Backend health check failed
Context:
  error: HTTPConnectionPool(host='backend', port=8000): Read timed out. (read timeout=3)
  timestamp: 2026-02-18T07:54:38.699463


2026-02-18 09:54:41 UTC - cron_service - WARNING - [api_endpoints.py:health_check_endpoint:230] -
Cron status check failed
Context:
  error: HTTPConnectionPool(host='backend', port=8000): Read timed out. (read timeout=3)
  timestamp: 2026-02-18T07:54:41.712153


2026-02-18 09:55:15 UTC - cron_service - WARNING - [api_endpoints.py:health_check_endpoint:221] -
Backend health check failed
Context:
  error: HTTPConnectionPool(host='backend', port=8000): Read timed out. (read timeout=3)
  timestamp: 2026-02-18T07:55:14.995248


2026-02-18 09:55:18 UTC - cron_service - WARNING - [api_endpoints.py:health_check_endpoint:230] -
Cron status check failed
Context:
  error: HTTPConnectionPool(host='backend', port=8000): Read timed out. (read timeout=3)
  timestamp: 2026-02-18T07:55:18.013397


2026-02-18 09:55:51 UTC - cron_service - WARNING - [api_endpoints.py:health_check_endpoint:221] -
Backend health check failed
Context:
  error: HTTPConnectionPool(host='backend', port=8000): Read timed out. (read timeout=3)
  timestamp: 2026-02-18T07:55:51.447879


2026-02-18 09:55:54 UTC - cron_service - WARNING - [api_endpoints.py:health_check_endpoint:230] -
Cron status check failed
Context:
  error: HTTPConnectionPool(host='backend', port=8000): Read timed out. (read timeout=3)
  timestamp: 2026-02-18T07:55:54.459653


2026-02-18 09:56:27 UTC - cron_service - WARNING - [api_endpoints.py:health_check_endpoint:221] -
Backend health check failed
Context:
  error: HTTPConnectionPool(host='backend', port=8000): Read timed out. (read timeout=3)
  timestamp: 2026-02-18T07:56:27.808696


2026-02-18 09:56:30 UTC - cron_service - WARNING - [api_endpoints.py:health_check_endpoint:230] -
Cron status check failed
Context:
  error: HTTPConnectionPool(host='backend', port=8000): Read timed out. (read timeout=3)
  timestamp: 2026-02-18T07:56:30.823827


2026-02-18 09:57:04 UTC - cron_service - WARNING - [api_endpoints.py:health_check_endpoint:221] -
Backend health check failed
Context:
  error: HTTPConnectionPool(host='backend', port=8000): Read timed out. (read timeout=3)
  timestamp: 2026-02-18T07:57:04.166926


2026-02-18 09:57:07 UTC - cron_service - WARNING - [api_endpoints.py:health_check_endpoint:230] -
Cron status check failed
Context:
  error: HTTPConnectionPool(host='backend', port=8000): Read timed out. (read timeout=3)
  timestamp: 2026-02-18T07:57:07.181828


2026-02-18 09:57:40 UTC - cron_service - WARNING - [api_endpoints.py:health_check_endpoint:221] -
Backend health check failed
Context:
  error: HTTPConnectionPool(host='backend', port=8000): Read timed out. (read timeout=3)
  timestamp: 2026-02-18T07:57:40.525248


2026-02-18 09:57:43 UTC - cron_service - WARNING - [api_endpoints.py:health_check_endpoint:230] -
Cron status check failed
Context:
  error: HTTPConnectionPool(host='backend', port=8000): Read timed out. (read timeout=3)
  timestamp: 2026-02-18T07:57:43.543402


2026-02-18 09:58:16 UTC - cron_service - WARNING - [api_endpoints.py:health_check_endpoint:221] -
Backend health check failed
Context:
  error: HTTPConnectionPool(host='backend', port=8000): Read timed out. (read timeout=3)
  timestamp: 2026-02-18T07:58:16.916841


2026-02-18 09:58:19 UTC - cron_service - WARNING - [api_endpoints.py:health_check_endpoint:230] -
Cron status check failed
Context:
  error: HTTPConnectionPool(host='backend', port=8000): Read timed out. (read timeout=3)
  timestamp: 2026-02-18T07:58:19.929653


2026-02-18 09:58:53 UTC - cron_service - WARNING - [api_endpoints.py:health_check_endpoint:221] -
Backend health check failed
Context:
  error: HTTPConnectionPool(host='backend', port=8000): Read timed out. (read timeout=3)
  timestamp: 2026-02-18T07:58:53.333110


2026-02-18 09:58:56 UTC - cron_service - WARNING - [api_endpoints.py:health_check_endpoint:230] -
Cron status check failed
Context:
  error: HTTPConnectionPool(host='backend', port=8000): Read timed out. (read timeout=3)
  timestamp: 2026-02-18T07:58:56.382433


2026-02-18 09:59:29 UTC - cron_service - WARNING - [api_endpoints.py:health_check_endpoint:221] -
Backend health check failed
Context:
  error: HTTPConnectionPool(host='backend', port=8000): Read timed out. (read timeout=3)
  timestamp: 2026-02-18T07:59:29.877388


2026-02-18 09:59:32 UTC - cron_service - WARNING - [api_endpoints.py:health_check_endpoint:230] -
Cron status check failed
Context:
  error: HTTPConnectionPool(host='backend', port=8000): Read timed out. (read timeout=3)
  timestamp: 2026-02-18T07:59:32.938419


2026-02-18 10:00:06 UTC - cron_service - WARNING - [api_endpoints.py:health_check_endpoint:221] -
Backend health check failed
Context:
  error: HTTPConnectionPool(host='backend', port=8000): Read timed out. (read timeout=3)
  timestamp: 2026-02-18T08:00:06.324899


2026-02-18 10:00:09 UTC - cron_service - WARNING - [api_endpoints.py:health_check_endpoint:230] -
Cron status check failed
Context:
  error: HTTPConnectionPool(host='backend', port=8000): Read timed out. (read timeout=3)
  timestamp: 2026-02-18T08:00:09.344558


2026-02-18 10:00:42 UTC - cron_service - WARNING - [api_endpoints.py:health_check_endpoint:221] -
Backend health check failed
Context:
  error: HTTPConnectionPool(host='backend', port=8000): Read timed out. (read timeout=3)
  timestamp: 2026-02-18T08:00:42.681272


2026-02-18 10:00:45 UTC - cron_service - WARNING - [api_endpoints.py:health_check_endpoint:230] -
Cron status check failed
Context:
  error: HTTPConnectionPool(host='backend', port=8000): Read timed out. (read timeout=3)
  timestamp: 2026-02-18T08:00:45.712918


2026-02-18 10:01:19 UTC - cron_service - WARNING - [api_endpoints.py:health_check_endpoint:221] -
Backend health check failed
Context:
  error: HTTPConnectionPool(host='backend', port=8000): Read timed out. (read timeout=3)
  timestamp: 2026-02-18T08:01:19.108708


2026-02-18 10:01:22 UTC - cron_service - WARNING - [api_endpoints.py:health_check_endpoint:230] -
Cron status check failed
Context:
  error: HTTPConnectionPool(host='backend', port=8000): Read timed out. (read timeout=3)
  timestamp: 2026-02-18T08:01:22.120070


2026-02-18 10:01:55 UTC - cron_service - WARNING - [api_endpoints.py:health_check_endpoint:221] -
Backend health check failed
Context:
  error: HTTPConnectionPool(host='backend', port=8000): Read timed out. (read timeout=3)
  timestamp: 2026-02-18T08:01:55.529906


2026-02-18 10:01:58 UTC - cron_service - WARNING - [api_endpoints.py:health_check_endpoint:230] -
Cron status check failed
Context:
  error: HTTPConnectionPool(host='backend', port=8000): Read timed out. (read timeout=3)
  timestamp: 2026-02-18T08:01:58.546276


2026-02-18 10:02:32 UTC - cron_service - WARNING - [api_endpoints.py:health_check_endpoint:221] -
Backend health check failed
Context:
  error: HTTPConnectionPool(host='backend', port=8000): Read timed out. (read timeout=3)
  timestamp: 2026-02-18T08:02:32.077220


2026-02-18 10:02:35 UTC - cron_service - WARNING - [api_endpoints.py:health_check_endpoint:230] -
Cron status check failed
Context:
  error: HTTPConnectionPool(host='backend', port=8000): Read timed out. (read timeout=3)
  timestamp: 2026-02-18T08:02:35.097099


2026-02-18 10:03:08 UTC - cron_service - WARNING - [api_endpoints.py:health_check_endpoint:221] -
Backend health check failed
Context:
  error: HTTPConnectionPool(host='backend', port=8000): Read timed out. (read timeout=3)
  timestamp: 2026-02-18T08:03:08.506491


2026-02-18 10:03:11 UTC - cron_service - WARNING - [api_endpoints.py:health_check_endpoint:230] -
Cron status check failed
Context:
  error: HTTPConnectionPool(host='backend', port=8000): Read timed out. (read timeout=3)
  timestamp: 2026-02-18T08:03:11.537595


2026-02-18 10:03:44 UTC - cron_service - WARNING - [api_endpoints.py:health_check_endpoint:221] -
Backend health check failed
Context:
  error: HTTPConnectionPool(host='backend', port=8000): Read timed out. (read timeout=3)
  timestamp: 2026-02-18T08:03:44.877326


2026-02-18 10:03:47 UTC - cron_service - WARNING - [api_endpoints.py:health_check_endpoint:230] -
Cron status check failed
Context:
  error: HTTPConnectionPool(host='backend', port=8000): Read timed out. (read timeout=3)
  timestamp: 2026-02-18T08:03:47.893490


2026-02-18 10:04:21 UTC - cron_service - WARNING - [api_endpoints.py:health_check_endpoint:221] -
Backend health check failed
Context:
  error: HTTPConnectionPool(host='backend', port=8000): Read timed out. (read timeout=3)
  timestamp: 2026-02-18T08:04:21.293916


2026-02-18 10:04:24 UTC - cron_service - WARNING - [api_endpoints.py:health_check_endpoint:230] -
Cron status check failed
Context:
  error: HTTPConnectionPool(host='backend', port=8000): Read timed out. (read timeout=3)
  timestamp: 2026-02-18T08:04:24.323609


2026-02-18 10:04:57 UTC - cron_service - WARNING - [api_endpoints.py:health_check_endpoint:221] -
Backend health check failed
Context:
  error: HTTPConnectionPool(host='backend', port=8000): Read timed out. (read timeout=3)
  timestamp: 2026-02-18T08:04:57.791206


2026-02-18 10:05:00 UTC - cron_service - WARNING - [api_endpoints.py:health_check_endpoint:230] -
Cron status check failed
Context:
  error: HTTPConnectionPool(host='backend', port=8000): Read timed out. (read timeout=3)
  timestamp: 2026-02-18T08:05:00.807375


2026-02-18 10:05:34 UTC - cron_service - WARNING - [api_endpoints.py:health_check_endpoint:221] -
Backend health check failed
Context:
  error: HTTPConnectionPool(host='backend', port=8000): Read timed out. (read timeout=3)
  timestamp: 2026-02-18T08:05:34.277235


2026-02-18 10:05:37 UTC - cron_service - WARNING - [api_endpoints.py:health_check_endpoint:230] -
Cron status check failed
Context:
  error: HTTPConnectionPool(host='backend', port=8000): Read timed out. (read timeout=3)
  timestamp: 2026-02-18T08:05:37.291232


2026-02-18 10:06:10 UTC - cron_service - WARNING - [api_endpoints.py:health_check_endpoint:221] -
Backend health check failed
Context:
  error: HTTPConnectionPool(host='backend', port=8000): Read timed out. (read timeout=3)
  timestamp: 2026-02-18T08:06:10.730403


2026-02-18 10:06:13 UTC - cron_service - WARNING - [api_endpoints.py:health_check_endpoint:230] -
Cron status check failed
Context:
  error: HTTPConnectionPool(host='backend', port=8000): Read timed out. (read timeout=3)
  timestamp: 2026-02-18T08:06:13.770659


2026-02-18 10:06:47 UTC - cron_service - WARNING - [api_endpoints.py:health_check_endpoint:221] -
Backend health check failed
Context:
  error: HTTPConnectionPool(host='backend', port=8000): Read timed out. (read timeout=3)
  timestamp: 2026-02-18T08:06:47.191492


2026-02-18 10:06:50 UTC - cron_service - WARNING - [api_endpoints.py:health_check_endpoint:230] -
Cron status check failed
Context:
  error: HTTPConnectionPool(host='backend', port=8000): Read timed out. (read timeout=3)
  timestamp: 2026-02-18T08:06:50.237947


2026-02-18 10:07:23 UTC - cron_service - WARNING - [api_endpoints.py:health_check_endpoint:221] -
Backend health check failed
Context:
  error: HTTPConnectionPool(host='backend', port=8000): Read timed out. (read timeout=3)
  timestamp: 2026-02-18T08:07:23.731283


2026-02-18 10:07:26 UTC - cron_service - WARNING - [api_endpoints.py:health_check_endpoint:230] -
Cron status check failed
Context:
  error: HTTPConnectionPool(host='backend', port=8000): Read timed out. (read timeout=3)
  timestamp: 2026-02-18T08:07:26.746217


2026-02-18 10:08:00 UTC - cron_service - WARNING - [api_endpoints.py:health_check_endpoint:221] -
Backend health check failed
Context:
  error: HTTPConnectionPool(host='backend', port=8000): Read timed out. (read timeout=3)
  timestamp: 2026-02-18T08:08:00.256651


2026-02-18 10:08:03 UTC - cron_service - WARNING - [api_endpoints.py:health_check_endpoint:230] -
Cron status check failed
Context:
  error: HTTPConnectionPool(host='backend', port=8000): Read timed out. (read timeout=3)
  timestamp: 2026-02-18T08:08:03.274675


2026-02-18 10:08:36 UTC - cron_service - WARNING - [api_endpoints.py:health_check_endpoint:221] -
Backend health check failed
Context:
  error: HTTPConnectionPool(host='backend', port=8000): Read timed out. (read timeout=3)
  timestamp: 2026-02-18T08:08:36.796475


2026-02-18 10:08:39 UTC - cron_service - WARNING - [api_endpoints.py:health_check_endpoint:230] -
Cron status check failed
Context:
  error: HTTPConnectionPool(host='backend', port=8000): Read timed out. (read timeout=3)
  timestamp: 2026-02-18T08:08:39.853565


2026-02-18 10:09:13 UTC - cron_service - WARNING - [api_endpoints.py:health_check_endpoint:221] -
Backend health check failed
Context:
  error: HTTPConnectionPool(host='backend', port=8000): Read timed out. (read timeout=3)
  timestamp: 2026-02-18T08:09:13.459010


2026-02-18 10:09:16 UTC - cron_service - WARNING - [api_endpoints.py:health_check_endpoint:230] -
Cron status check failed
Context:
  error: HTTPConnectionPool(host='backend', port=8000): Read timed out. (read timeout=3)
  timestamp: 2026-02-18T08:09:16.555781


2026-02-18 10:09:50 UTC - cron_service - WARNING - [api_endpoints.py:health_check_endpoint:221] -
Backend health check failed
Context:
  error: HTTPConnectionPool(host='backend', port=8000): Read timed out. (read timeout=3)
  timestamp: 2026-02-18T08:09:50.085963


2026-02-18 10:09:53 UTC - cron_service - WARNING - [api_endpoints.py:health_check_endpoint:230] -
Cron status check failed
Context:
  error: HTTPConnectionPool(host='backend', port=8000): Read timed out. (read timeout=3)
  timestamp: 2026-02-18T08:09:53.119385


2026-02-18 10:10:26 UTC - cron_service - WARNING - [api_endpoints.py:health_check_endpoint:221] -
Backend health check failed
Context:
  error: HTTPConnectionPool(host='backend', port=8000): Read timed out. (read timeout=3)
  timestamp: 2026-02-18T08:10:26.624968


2026-02-18 10:10:29 UTC - cron_service - WARNING - [api_endpoints.py:health_check_endpoint:230] -
Cron status check failed
Context:
  error: HTTPConnectionPool(host='backend', port=8000): Read timed out. (read timeout=3)
  timestamp: 2026-02-18T08:10:29.711212


2026-02-18 10:11:03 UTC - cron_service - WARNING - [api_endpoints.py:health_check_endpoint:221] -
Backend health check failed
Context:
  error: HTTPConnectionPool(host='backend', port=8000): Read timed out. (read timeout=3)
  timestamp: 2026-02-18T08:11:03.243412


2026-02-18 10:11:06 UTC - cron_service - WARNING - [api_endpoints.py:health_check_endpoint:230] -
Cron status check failed
Context:
  error: HTTPConnectionPool(host='backend', port=8000): Read timed out. (read timeout=3)
  timestamp: 2026-02-18T08:11:06.285358


2026-02-18 10:11:39 UTC - cron_service - WARNING - [api_endpoints.py:health_check_endpoint:221] -
Backend health check failed
Context:
  error: HTTPConnectionPool(host='backend', port=8000): Read timed out. (read timeout=3)
  timestamp: 2026-02-18T08:11:39.856776


2026-02-18 10:11:42 UTC - cron_service - WARNING - [api_endpoints.py:health_check_endpoint:230] -
Cron status check failed
Context:
  error: HTTPConnectionPool(host='backend', port=8000): Read timed out. (read timeout=3)
  timestamp: 2026-02-18T08:11:42.943641


2026-02-18 10:12:16 UTC - cron_service - WARNING - [api_endpoints.py:health_check_endpoint:221] -
Backend health check failed
Context:
  error: HTTPConnectionPool(host='backend', port=8000): Read timed out. (read timeout=3)
  timestamp: 2026-02-18T08:12:16.552207


2026-02-18 10:12:19 UTC - cron_service - WARNING - [api_endpoints.py:health_check_endpoint:230] -
Cron status check failed
Context:
  error: HTTPConnectionPool(host='backend', port=8000): Read timed out. (read timeout=3)
  timestamp: 2026-02-18T08:12:19.626062


2026-02-18 10:12:53 UTC - cron_service - WARNING - [api_endpoints.py:health_check_endpoint:221] -
Backend health check failed
Context:
  error: HTTPConnectionPool(host='backend', port=8000): Read timed out. (read timeout=3)
  timestamp: 2026-02-18T08:12:53.188458


2026-02-18 10:12:56 UTC - cron_service - WARNING - [api_endpoints.py:health_check_endpoint:230] -
Cron status check failed
Context:
  error: HTTPConnectionPool(host='backend', port=8000): Read timed out. (read timeout=3)
  timestamp: 2026-02-18T08:12:56.261686


2026-02-18 10:13:29 UTC - cron_service - WARNING - [api_endpoints.py:health_check_endpoint:221] -
Backend health check failed
Context:
  error: HTTPConnectionPool(host='backend', port=8000): Read timed out. (read timeout=3)
  timestamp: 2026-02-18T08:13:29.943935


2026-02-18 10:13:33 UTC - cron_service - WARNING - [api_endpoints.py:health_check_endpoint:230] -
Cron status check failed
Context:
  error: HTTPConnectionPool(host='backend', port=8000): Read timed out. (read timeout=3)
  timestamp: 2026-02-18T08:13:33.051144


2026-02-18 10:14:06 UTC - cron_service - WARNING - [api_endpoints.py:health_check_endpoint:221] -
Backend health check failed
Context:
  error: HTTPConnectionPool(host='backend', port=8000): Read timed out. (read timeout=3)
  timestamp: 2026-02-18T08:14:06.739614


2026-02-18 10:14:09 UTC - cron_service - WARNING - [api_endpoints.py:health_check_endpoint:230] -
Cron status check failed
Context:
  error: HTTPConnectionPool(host='backend', port=8000): Read timed out. (read timeout=3)
  timestamp: 2026-02-18T08:14:09.823980


2026-02-18 10:14:43 UTC - cron_service - WARNING - [api_endpoints.py:health_check_endpoint:221] -
Backend health check failed
Context:
  error: HTTPConnectionPool(host='backend', port=8000): Read timed out. (read timeout=3)
  timestamp: 2026-02-18T08:14:43.288916


2026-02-18 10:14:46 UTC - cron_service - WARNING - [api_endpoints.py:health_check_endpoint:230] -
Cron status check failed
Context:
  error: HTTPConnectionPool(host='backend', port=8000): Read timed out. (read timeout=3)
  timestamp: 2026-02-18T08:14:46.345020


2026-02-18 10:15:20 UTC - cron_service - WARNING - [api_endpoints.py:health_check_endpoint:221] -
Backend health check failed
Context:
  error: HTTPConnectionPool(host='backend', port=8000): Read timed out. (read timeout=3)
  timestamp: 2026-02-18T08:15:20.026088


2026-02-18 10:15:23 UTC - cron_service - WARNING - [api_endpoints.py:health_check_endpoint:230] -
Cron status check failed
Context:
  error: HTTPConnectionPool(host='backend', port=8000): Read timed out. (read timeout=3)
  timestamp: 2026-02-18T08:15:23.123995


2026-02-18 10:15:56 UTC - cron_service - WARNING - [api_endpoints.py:health_check_endpoint:221] -
Backend health check failed
Context:
  error: HTTPConnectionPool(host='backend', port=8000): Read timed out. (read timeout=3)
  timestamp: 2026-02-18T08:15:56.909826


2026-02-18 10:16:00 UTC - cron_service - WARNING - [api_endpoints.py:health_check_endpoint:230] -
Cron status check failed
Context:
  error: HTTPConnectionPool(host='backend', port=8000): Read timed out. (read timeout=3)
  timestamp: 2026-02-18T08:16:00.022082


2026-02-18 10:16:33 UTC - cron_service - WARNING - [api_endpoints.py:health_check_endpoint:221] -
Backend health check failed
Context:
  error: HTTPConnectionPool(host='backend', port=8000): Read timed out. (read timeout=3)
  timestamp: 2026-02-18T08:16:33.968834


2026-02-18 10:16:37 UTC - cron_service - WARNING - [api_endpoints.py:health_check_endpoint:230] -
Cron status check failed
Context:
  error: HTTPConnectionPool(host='backend', port=8000): Read timed out. (read timeout=3)
  timestamp: 2026-02-18T08:16:37.072390


2026-02-18 10:17:10 UTC - cron_service - WARNING - [api_endpoints.py:health_check_endpoint:221] -
Backend health check failed
Context:
  error: HTTPConnectionPool(host='backend', port=8000): Read timed out. (read timeout=3)
  timestamp: 2026-02-18T08:17:10.945637


2026-02-18 10:17:14 UTC - cron_service - WARNING - [api_endpoints.py:health_check_endpoint:230] -
Cron status check failed
Context:
  error: HTTPConnectionPool(host='backend', port=8000): Read timed out. (read timeout=3)
  timestamp: 2026-02-18T08:17:14.308562


2026-02-18 10:17:48 UTC - cron_service - WARNING - [api_endpoints.py:health_check_endpoint:221] -
Backend health check failed
Context:
  error: HTTPConnectionPool(host='backend', port=8000): Read timed out. (read timeout=3)
  timestamp: 2026-02-18T08:17:48.191045


2026-02-18 10:17:51 UTC - cron_service - WARNING - [api_endpoints.py:health_check_endpoint:230] -
Cron status check failed
Context:
  error: HTTPConnectionPool(host='backend', port=8000): Read timed out. (read timeout=3)
  timestamp: 2026-02-18T08:17:51.290864


2026-02-18 10:18:25 UTC - cron_service - WARNING - [api_endpoints.py:health_check_endpoint:221] -
Backend health check failed
Context:
  error: HTTPConnectionPool(host='backend', port=8000): Read timed out. (read timeout=3)
  timestamp: 2026-02-18T08:18:25.042321


2026-02-18 10:18:28 UTC - cron_service - WARNING - [api_endpoints.py:health_check_endpoint:230] -
Cron status check failed
Context:
  error: HTTPConnectionPool(host='backend', port=8000): Read timed out. (read timeout=3)
  timestamp: 2026-02-18T08:18:28.119397


2026-02-18 10:19:01 UTC - cron_service - WARNING - [api_endpoints.py:health_check_endpoint:221] -
Backend health check failed
Context:
  error: HTTPConnectionPool(host='backend', port=8000): Read timed out. (read timeout=3)
  timestamp: 2026-02-18T08:19:01.925367


2026-02-18 10:19:05 UTC - cron_service - WARNING - [api_endpoints.py:health_check_endpoint:230] -
Cron status check failed
Context:
  error: HTTPConnectionPool(host='backend', port=8000): Read timed out. (read timeout=3)
  timestamp: 2026-02-18T08:19:05.013810


2026-02-18 10:19:38 UTC - cron_service - WARNING - [api_endpoints.py:health_check_endpoint:221] -
Backend health check failed
Context:
  error: HTTPConnectionPool(host='backend', port=8000): Read timed out. (read timeout=3)
  timestamp: 2026-02-18T08:19:38.841551


2026-02-18 10:19:42 UTC - cron_service - WARNING - [api_endpoints.py:health_check_endpoint:230] -
Cron status check failed
Context:
  error: HTTPConnectionPool(host='backend', port=8000): Read timed out. (read timeout=3)
  timestamp: 2026-02-18T08:19:42.051438


2026-02-18 10:20:17 UTC - cron_service - WARNING - [api_endpoints.py:health_check_endpoint:221] -
Backend health check failed
Context:
  error: HTTPConnectionPool(host='backend', port=8000): Read timed out. (read timeout=3)
  timestamp: 2026-02-18T08:20:17.170624


2026-02-18 10:20:20 UTC - cron_service - WARNING - [api_endpoints.py:health_check_endpoint:230] -
Cron status check failed
Context:
  error: HTTPConnectionPool(host='backend', port=8000): Read timed out. (read timeout=3)
  timestamp: 2026-02-18T08:20:20.286202


2026-02-18 10:20:54 UTC - cron_service - WARNING - [api_endpoints.py:health_check_endpoint:221] -
Backend health check failed
Context:
  error: HTTPConnectionPool(host='backend', port=8000): Read timed out. (read timeout=3)
  timestamp: 2026-02-18T08:20:54.766857


2026-02-18 10:20:57 UTC - cron_service - WARNING - [api_endpoints.py:health_check_endpoint:230] -
Cron status check failed
Context:
  error: HTTPConnectionPool(host='backend', port=8000): Read timed out. (read timeout=3)
  timestamp: 2026-02-18T08:20:57.865355


2026-02-18 10:21:32 UTC - cron_service - WARNING - [api_endpoints.py:health_check_endpoint:221] -
Backend health check failed
Context:
  error: HTTPConnectionPool(host='backend', port=8000): Read timed out. (read timeout=3)
  timestamp: 2026-02-18T08:21:32.233622


2026-02-18 10:21:35 UTC - cron_service - WARNING - [api_endpoints.py:health_check_endpoint:230] -
Cron status check failed
Context:
  error: HTTPConnectionPool(host='backend', port=8000): Read timed out. (read timeout=3)
  timestamp: 2026-02-18T08:21:35.340699


2026-02-18 10:22:10 UTC - cron_service - WARNING - [api_endpoints.py:health_check_endpoint:221] -
Backend health check failed
Context:
  error: HTTPConnectionPool(host='backend', port=8000): Read timed out. (read timeout=3)
  timestamp: 2026-02-18T08:22:10.091856


2026-02-18 10:22:13 UTC - cron_service - WARNING - [api_endpoints.py:health_check_endpoint:230] -
Cron status check failed
Context:
  error: HTTPConnectionPool(host='backend', port=8000): Read timed out. (read timeout=3)
  timestamp: 2026-02-18T08:22:13.217622


2026-02-18 10:22:47 UTC - cron_service - WARNING - [api_endpoints.py:health_check_endpoint:221] -
Backend health check failed
Context:
  error: HTTPConnectionPool(host='backend', port=8000): Read timed out. (read timeout=3)
  timestamp: 2026-02-18T08:22:47.823958


2026-02-18 10:22:50 UTC - cron_service - WARNING - [api_endpoints.py:health_check_endpoint:230] -
Cron status check failed
Context:
  error: HTTPConnectionPool(host='backend', port=8000): Read timed out. (read timeout=3)
  timestamp: 2026-02-18T08:22:50.947929


2026-02-18 10:23:26 UTC - cron_service - WARNING - [api_endpoints.py:health_check_endpoint:221] -
Backend health check failed
Context:
  error: HTTPConnectionPool(host='backend', port=8000): Read timed out. (read timeout=3)
  timestamp: 2026-02-18T08:23:26.693198


2026-02-18 10:23:29 UTC - cron_service - WARNING - [api_endpoints.py:health_check_endpoint:230] -
Cron status check failed
Context:
  error: HTTPConnectionPool(host='backend', port=8000): Read timed out. (read timeout=3)
  timestamp: 2026-02-18T08:23:29.798346


2026-02-18 10:24:04 UTC - cron_service - WARNING - [api_endpoints.py:health_check_endpoint:221] -
Backend health check failed
Context:
  error: HTTPConnectionPool(host='backend', port=8000): Read timed out. (read timeout=3)
  timestamp: 2026-02-18T08:24:04.292847


2026-02-18 10:24:07 UTC - cron_service - WARNING - [api_endpoints.py:health_check_endpoint:230] -
Cron status check failed
Context:
  error: HTTPConnectionPool(host='backend', port=8000): Read timed out. (read timeout=3)
  timestamp: 2026-02-18T08:24:07.425888


2026-02-18 10:24:42 UTC - cron_service - WARNING - [api_endpoints.py:health_check_endpoint:221] -
Backend health check failed
Context:
  error: HTTPConnectionPool(host='backend', port=8000): Read timed out. (read timeout=3)
  timestamp: 2026-02-18T08:24:42.055620


2026-02-18 10:24:45 UTC - cron_service - WARNING - [api_endpoints.py:health_check_endpoint:230] -
Cron status check failed
Context:
  error: HTTPConnectionPool(host='backend', port=8000): Read timed out. (read timeout=3)
  timestamp: 2026-02-18T08:24:45.171140


2026-02-18 10:25:21 UTC - cron_service - WARNING - [api_endpoints.py:health_check_endpoint:221] -
Backend health check failed
Context:
  error: HTTPConnectionPool(host='backend', port=8000): Read timed out. (read timeout=3)
  timestamp: 2026-02-18T08:25:21.126581


2026-02-18 10:25:24 UTC - cron_service - WARNING - [api_endpoints.py:health_check_endpoint:230] -
Cron status check failed
Context:
  error: HTTPConnectionPool(host='backend', port=8000): Read timed out. (read timeout=3)
  timestamp: 2026-02-18T08:25:24.355330


2026-02-18 10:25:59 UTC - cron_service - WARNING - [api_endpoints.py:health_check_endpoint:221] -
Backend health check failed
Context:
  error: HTTPConnectionPool(host='backend', port=8000): Read timed out. (read timeout=3)
  timestamp: 2026-02-18T08:25:59.207426


2026-02-18 10:26:02 UTC - cron_service - WARNING - [api_endpoints.py:health_check_endpoint:230] -
Cron status check failed
Context:
  error: HTTPConnectionPool(host='backend', port=8000): Read timed out. (read timeout=3)
  timestamp: 2026-02-18T08:26:02.339266


2026-02-18 10:26:38 UTC - cron_service - WARNING - [api_endpoints.py:health_check_endpoint:221] -
Backend health check failed
Context:
  error: HTTPConnectionPool(host='backend', port=8000): Read timed out. (read timeout=3)
  timestamp: 2026-02-18T08:26:38.745414


2026-02-18 10:26:41 UTC - cron_service - WARNING - [api_endpoints.py:health_check_endpoint:230] -
Cron status check failed
Context:
  error: HTTPConnectionPool(host='backend', port=8000): Read timed out. (read timeout=3)
  timestamp: 2026-02-18T08:26:41.890447


2026-02-18 10:27:18 UTC - cron_service - WARNING - [api_endpoints.py:health_check_endpoint:221] -
Backend health check failed
Context:
  error: HTTPConnectionPool(host='backend', port=8000): Read timed out. (read timeout=3)
  timestamp: 2026-02-18T08:27:18.081479


2026-02-18 10:27:21 UTC - cron_service - WARNING - [api_endpoints.py:health_check_endpoint:230] -
Cron status check failed
Context:
  error: HTTPConnectionPool(host='backend', port=8000): Read timed out. (read timeout=3)
  timestamp: 2026-02-18T08:27:21.337036


2026-02-18 10:28:00 UTC - cron_service - WARNING - [api_endpoints.py:health_check_endpoint:221] -
Backend health check failed
Context:
  error: HTTPConnectionPool(host='backend', port=8000): Read timed out. (read timeout=3)
  timestamp: 2026-02-18T08:28:00.270367


2026-02-18 10:28:03 UTC - cron_service - WARNING - [api_endpoints.py:health_check_endpoint:230] -
Cron status check failed
Context:
  error: HTTPConnectionPool(host='backend', port=8000): Read timed out. (read timeout=3)
  timestamp: 2026-02-18T08:28:03.500329


2026-02-18 10:28:40 UTC - cron_service - WARNING - [api_endpoints.py:health_check_endpoint:221] -
Backend health check failed
Context:
  error: HTTPConnectionPool(host='backend', port=8000): Read timed out. (read timeout=3)
  timestamp: 2026-02-18T08:28:40.032549


2026-02-18 10:28:43 UTC - cron_service - WARNING - [api_endpoints.py:health_check_endpoint:230] -
Cron status check failed
Context:
  error: HTTPConnectionPool(host='backend', port=8000): Read timed out. (read timeout=3)
  timestamp: 2026-02-18T08:28:43.477254


2026-02-18 10:29:22 UTC - cron_service - WARNING - [api_endpoints.py:health_check_endpoint:221] -
Backend health check failed
Context:
  error: HTTPConnectionPool(host='backend', port=8000): Read timed out. (read timeout=3)
  timestamp: 2026-02-18T08:29:22.040188


2026-02-18 10:29:25 UTC - cron_service - WARNING - [api_endpoints.py:health_check_endpoint:230] -
Cron status check failed
Context:
  error: HTTPConnectionPool(host='backend', port=8000): Read timed out. (read timeout=3)
  timestamp: 2026-02-18T08:29:25.566953


2026-02-18 10:30:13 UTC - cron_service - WARNING - [api_endpoints.py:health_check_endpoint:221] -
Backend health check failed
Context:
  error: HTTPConnectionPool(host='backend', port=8000): Read timed out. (read timeout=3)
  timestamp: 2026-02-18T08:30:13.191219


2026-02-18 10:30:16 UTC - cron_service - WARNING - [api_endpoints.py:health_check_endpoint:230] -
Cron status check failed
Context:
  error: HTTPConnectionPool(host='backend', port=8000): Read timed out. (read timeout=3)
  timestamp: 2026-02-18T08:30:16.316803


2026-02-18 10:31:01 UTC - cron_service - WARNING - [api_endpoints.py:health_check_endpoint:221] -
Backend health check failed
Context:
  error: HTTPConnectionPool(host='backend', port=8000): Read timed out. (read timeout=3)
  timestamp: 2026-02-18T08:31:01.596223


2026-02-18 10:31:05 UTC - cron_service - WARNING - [api_endpoints.py:health_check_endpoint:230] -
Cron status check failed
Context:
  error: HTTPConnectionPool(host='backend', port=8000): Read timed out. (read timeout=3)
  timestamp: 2026-02-18T08:31:04.927601


2026-02-18 10:39:35 UTC - cron_service - WARNING - [api_endpoints.py:health_check_endpoint:221] -
Backend health check failed
Context:
  error: HTTPConnectionPool(host='backend', port=8000): Read timed out. (read timeout=3)
  timestamp: 2026-02-18T08:39:34.995856


2026-02-18 10:39:39 UTC - cron_service - WARNING - [api_endpoints.py:health_check_endpoint:230] -
Cron status check failed
Context:
  error: HTTPConnectionPool(host='backend', port=8000): Read timed out. (read timeout=3)
  timestamp: 2026-02-18T08:39:39.368639


2026-02-18 10:42:28 UTC - cron_service - WARNING - [api_endpoints.py:health_check_endpoint:221] -
Backend health check failed
Context:
  error: HTTPConnectionPool(host='backend', port=8000): Read timed out. (read timeout=3)
  timestamp: 2026-02-18T08:42:28.307701


2026-02-18 10:42:32 UTC - cron_service - WARNING - [api_endpoints.py:health_check_endpoint:230] -
Cron status check failed
Context:
  error: HTTPConnectionPool(host='backend', port=8000): Read timed out. (read timeout=3)
  timestamp: 2026-02-18T08:42:31.931396


2026-02-18 10:46:03 UTC - cron_service - WARNING - [api_endpoints.py:health_check_endpoint:221] -
Backend health check failed
Context:
  error: HTTPConnectionPool(host='backend', port=8000): Read timed out. (read timeout=3)
  timestamp: 2026-02-18T08:46:03.135219


2026-02-18 10:46:06 UTC - cron_service - WARNING - [api_endpoints.py:health_check_endpoint:230] -
Cron status check failed
Context:
  error: HTTPConnectionPool(host='backend', port=8000): Read timed out. (read timeout=3)
  timestamp: 2026-02-18T08:46:06.355635


2026-02-18 10:48:04 UTC - cron_service - WARNING - [api_endpoints.py:health_check_endpoint:221] -
Backend health check failed
Context:
  error: HTTPConnectionPool(host='backend', port=8000): Read timed out. (read timeout=3)
  timestamp: 2026-02-18T08:48:04.033701


2026-02-18 10:48:09 UTC - cron_service - WARNING - [api_endpoints.py:health_check_endpoint:230] -
Cron status check failed
Context:
  error: HTTPConnectionPool(host='backend', port=8000): Read timed out. (read timeout=3)
  timestamp: 2026-02-18T08:48:08.320845


2026-02-18 10:49:14 UTC - cron_service - WARNING - [api_endpoints.py:health_check_endpoint:221] -
Backend health check failed
Context:
  error: HTTPConnectionPool(host='backend', port=8000): Read timed out. (read timeout=3)
  timestamp: 2026-02-18T08:49:13.906838


2026-02-18 10:49:18 UTC - cron_service - WARNING - [api_endpoints.py:health_check_endpoint:230] -
Cron status check failed
Context:
  error: HTTPConnectionPool(host='backend', port=8000): Read timed out. (read timeout=3)
  timestamp: 2026-02-18T08:49:18.844795


2026-02-18 10:50:38 UTC - cron_service - WARNING - [api_endpoints.py:health_check_endpoint:221] -
Backend health check failed
Context:
  error: HTTPConnectionPool(host='backend', port=8000): Read timed out. (read timeout=3)
  timestamp: 2026-02-18T08:50:37.687686


2026-02-18 10:50:44 UTC - cron_service - WARNING - [api_endpoints.py:health_check_endpoint:230] -
Cron status check failed
Context:
  error: HTTPConnectionPool(host='backend', port=8000): Read timed out. (read timeout=3)
  timestamp: 2026-02-18T08:50:43.945663


2026-02-18 10:51:50 UTC - cron_service - WARNING - [api_endpoints.py:health_check_endpoint:221] -
Backend health check failed
Context:
  error: HTTPConnectionPool(host='backend', port=8000): Read timed out. (read timeout=3)
  timestamp: 2026-02-18T08:51:50.436833


2026-02-18 10:51:54 UTC - cron_service - WARNING - [api_endpoints.py:health_check_endpoint:230] -
Cron status check failed
Context:
  error: HTTPConnectionPool(host='backend', port=8000): Read timed out. (read timeout=3)
  timestamp: 2026-02-18T08:51:54.661351


2026-02-18 10:55:24 UTC - cron_service - WARNING - [api_endpoints.py:health_check_endpoint:221] -
Backend health check failed
Context:
  error: HTTPConnectionPool(host='backend', port=8000): Read timed out. (read timeout=3)
  timestamp: 2026-02-18T08:55:24.061665


2026-02-18 10:55:28 UTC - cron_service - WARNING - [api_endpoints.py:health_check_endpoint:230] -
Cron status check failed
Context:
  error: HTTPConnectionPool(host='backend', port=8000): Read timed out. (read timeout=3)
  timestamp: 2026-02-18T08:55:28.347951


2026-02-18 10:56:23 UTC - cron_service - WARNING - [api_endpoints.py:health_check_endpoint:221] -
Backend health check failed
Context:
  error: HTTPConnectionPool(host='backend', port=8000): Read timed out. (read timeout=3)
  timestamp: 2026-02-18T08:56:23.729728


2026-02-18 10:56:28 UTC - cron_service - WARNING - [api_endpoints.py:health_check_endpoint:230] -
Cron status check failed
Context:
  error: HTTPConnectionPool(host='backend', port=8000): Read timed out. (read timeout=3)
  timestamp: 2026-02-18T08:56:27.796110


2026-02-18 10:57:34 UTC - cron_service - WARNING - [api_endpoints.py:health_check_endpoint:221] -
Backend health check failed
Context:
  error: HTTPConnectionPool(host='backend', port=8000): Read timed out. (read timeout=3)
  timestamp: 2026-02-18T08:57:33.882590


2026-02-18 10:57:39 UTC - cron_service - WARNING - [api_endpoints.py:health_check_endpoint:230] -
Cron status check failed
Context:
  error: HTTPConnectionPool(host='backend', port=8000): Read timed out. (read timeout=3)
  timestamp: 2026-02-18T08:57:39.872463


2026-02-18 10:58:29 UTC - cron_service - WARNING - [api_endpoints.py:health_check_endpoint:221] -
Backend health check failed
Context:
  error: HTTPConnectionPool(host='backend', port=8000): Read timed out. (read timeout=3)
  timestamp: 2026-02-18T08:58:28.657295


2026-02-18 10:58:33 UTC - cron_service - WARNING - [api_endpoints.py:health_check_endpoint:230] -
Cron status check failed
Context:
  error: HTTPConnectionPool(host='backend', port=8000): Read timed out. (read timeout=3)
  timestamp: 2026-02-18T08:58:32.918364


2026-02-18 10:59:20 UTC - cron_service - WARNING - [api_endpoints.py:health_check_endpoint:221] -
Backend health check failed
Context:
  error: HTTPConnectionPool(host='backend', port=8000): Read timed out. (read timeout=3)
  timestamp: 2026-02-18T08:59:19.944564


2026-02-18 10:59:24 UTC - cron_service - WARNING - [api_endpoints.py:health_check_endpoint:230] -
Cron status check failed
Context:
  error: HTTPConnectionPool(host='backend', port=8000): Read timed out. (read timeout=3)
  timestamp: 2026-02-18T08:59:23.918768


2026-02-18 11:00:29 UTC - cron_service - WARNING - [api_endpoints.py:health_check_endpoint:221] -
Backend health check failed
Context:
  error: HTTPConnectionPool(host='backend', port=8000): Read timed out. (read timeout=3)
  timestamp: 2026-02-18T09:00:28.678903


2026-02-18 11:00:32 UTC - cron_service - WARNING - [api_endpoints.py:health_check_endpoint:230] -
Cron status check failed
Context:
  error: HTTPConnectionPool(host='backend', port=8000): Read timed out. (read timeout=3)
  timestamp: 2026-02-18T09:00:32.595632


2026-02-18 11:01:29 UTC - cron_service - WARNING - [api_endpoints.py:health_check_endpoint:221] -
Backend health check failed
Context:
  error: HTTPConnectionPool(host='backend', port=8000): Read timed out. (read timeout=3)
  timestamp: 2026-02-18T09:01:29.014324


2026-02-18 11:01:32 UTC - cron_service - WARNING - [api_endpoints.py:health_check_endpoint:230] -
Cron status check failed
Context:
  error: HTTPConnectionPool(host='backend', port=8000): Read timed out. (read timeout=3)
  timestamp: 2026-02-18T09:01:32.651348


2026-02-18 11:02:56 UTC - cron_service - WARNING - [api_endpoints.py:health_check_endpoint:221] -
Backend health check failed
Context:
  error: HTTPConnectionPool(host='backend', port=8000): Read timed out. (read timeout=3)
  timestamp: 2026-02-18T09:02:56.448249


2026-02-18 11:03:02 UTC - cron_service - WARNING - [api_endpoints.py:health_check_endpoint:230] -
Cron status check failed
Context:
  error: HTTPConnectionPool(host='backend', port=8000): Read timed out. (read timeout=3)
  timestamp: 2026-02-18T09:03:02.489522


2026-02-18 11:03:49 UTC - cron_service - WARNING - [api_endpoints.py:health_check_endpoint:221] -
Backend health check failed
Context:
  error: HTTPConnectionPool(host='backend', port=8000): Read timed out. (read timeout=3)
  timestamp: 2026-02-18T09:03:49.631735


2026-02-18 11:03:53 UTC - cron_service - WARNING - [api_endpoints.py:health_check_endpoint:230] -
Cron status check failed
Context:
  error: HTTPConnectionPool(host='backend', port=8000): Read timed out. (read timeout=3)
  timestamp: 2026-02-18T09:03:52.968014


2026-02-18 11:18:08 UTC - cron_service - INFO - [unknown:unknown:0] -
Logging service initialized - log rotation: 9.5MB max, backup count: 100, cleanup scheduled via cron service at 02:00 AM daily (14 days retention)


2026-02-18 11:18:18 UTC - cron_service - INFO - [main.py:<module>:181] -
Arrr! Starting cron service...


2026-02-18 11:18:20 UTC - cron_service - INFO - [scheduler.py:setup_jobs:32] -
Arrr! TEST: Weekly combinations OPTIMIZED job scheduled to run at 09:20 UTC (in 2 minutes)!
Context:
  test_time_utc: 09:20
  current_time_utc: 2026-02-18T09:18:18.481427+00:00
  scheduled_in_minutes: 2
  endpoint: /cron/generate-weekly-combinations-optimized
  timestamp: 2026-02-18T09:18:18.877989


2026-02-18 11:18:21 UTC - cron_service - INFO - [scheduler.py:setup_jobs:78] -
Arrr! All jobs scheduled successfully!
Context:
  current_time_utc: 2026-02-18T09:18:20.953962+00:00
  scheduled_jobs: 5
  timestamp: 2026-02-18T09:18:20.986291


2026-02-18 11:18:21 UTC - cron_service - INFO - [scheduler.py:setup_jobs:101] -
Arrr! Job scheduled: generate-weekly-combinations-optimized
Context:
  job_name: generate-weekly-combinations-optimized
  next_run_utc: 2026-02-18T09:20:00+00:00
  days_until_run: 0
  hours_until_run: 0
  timestamp: 2026-02-18T09:18:21.327161


2026-02-18 11:18:21 UTC - cron_service - INFO - [scheduler.py:setup_jobs:101] -
Arrr! Job scheduled: fetch-latest-draw
Context:
  job_name: fetch-latest-draw
  next_run_utc: 2026-02-19T03:00:00+00:00
  days_until_run: 0
  hours_until_run: 17
  timestamp: 2026-02-18T09:18:21.330549


2026-02-18 11:18:21 UTC - cron_service - INFO - [scheduler.py:setup_jobs:101] -
Arrr! Job scheduled: best-model-tables-and-email
Context:
  job_name: best-model-tables-and-email
  next_run_utc: 2026-02-22T14:00:00+00:00
  days_until_run: 4
  hours_until_run: 100
  timestamp: 2026-02-18T09:18:21.332638


2026-02-18 11:18:22 UTC - cron_service - INFO - [scheduler.py:setup_jobs:101] -
Arrr! Job scheduled: cleanup-system
Context:
  job_name: cleanup-system
  next_run_utc: 2026-02-19T02:00:00+00:00
  days_until_run: 0
  hours_until_run: 16
  timestamp: 2026-02-18T09:18:21.762039


2026-02-18 11:18:23 UTC - cron_service - INFO - [scheduler.py:setup_jobs:101] -
Arrr! Job scheduled: backup-database
Context:
  job_name: backup-database
  next_run_utc: 2026-02-22T02:00:00+00:00
  days_until_run: 3
  hours_until_run: 88
  timestamp: 2026-02-18T09:18:23.238659


2026-02-18 11:18:27 UTC - cron_service - INFO - [scheduler.py:run_scheduler:280] -
Arrr! Scheduler thread started!
Context:
  current_time_utc: 2026-02-18T09:18:24.940616+00:00
  scheduled_jobs_count: 5
  timestamp: 2026-02-18T09:18:25.870494


2026-02-18 11:21:27 UTC - cron_service - INFO - [scheduler.py:_run_job_with_error_handling:115] -
Arrr! Starting scheduled job: generate-weekly-combinations-optimized
Context:
  job_name: generate-weekly-combinations-optimized
  triggered_at_utc: 2026-02-18T09:20:36.563397+00:00
  timestamp: 2026-02-18T09:21:09.620503


2026-02-18 11:22:46 UTC - cron_service - INFO - [api_endpoints.py:call_backend_endpoint:28] -
Arrr! Attempting to call backend endpoint: http://backend:8000/cron/generate-weekly-combinations-optimized (attempt 1/3)


2026-02-18 11:24:51 UTC - cron_service - WARNING - [api_endpoints.py:call_backend_endpoint:38] -
Arrr! Backend health check failed (attempt 1/3), retrying...
Context:
  error: HTTPConnectionPool(host='backend', port=8000): Max retries exceeded with url: /health (Caused by NameResolutionError("<urllib3.connection.HTTPConnection object at 0x7fbc9d1e11d0>: Failed to resolve 'backend' ([Errno -3] Temporary failure in name resolution)"))
  url: http://backend:8000/health
  retry_in_seconds: 5
  timestamp: 2026-02-18T09:24:43.331782


2026-02-18 11:25:52 UTC - cron_service - INFO - [api_endpoints.py:call_backend_endpoint:28] -
Arrr! Attempting to call backend endpoint: http://backend:8000/cron/generate-weekly-combinations-optimized (attempt 2/3)


2026-02-18 11:27:36 UTC - cron_service - WARNING - [api_endpoints.py:call_backend_endpoint:38] -
Arrr! Backend health check failed (attempt 2/3), retrying...
Context:
  error: HTTPConnectionPool(host='backend', port=8000): Max retries exceeded with url: /health (Caused by NameResolutionError("<urllib3.connection.HTTPConnection object at 0x7fbc9d1e1b90>: Failed to resolve 'backend' ([Errno -3] Temporary failure in name resolution)"))
  url: http://backend:8000/health
  retry_in_seconds: 5
  timestamp: 2026-02-18T09:27:31.031859


2026-02-18 11:28:27 UTC - cron_service - INFO - [api_endpoints.py:call_backend_endpoint:28] -
Arrr! Attempting to call backend endpoint: http://backend:8000/cron/generate-weekly-combinations-optimized (attempt 3/3)


2026-02-18 11:29:20 UTC - cron_service - ERROR - [api_endpoints.py:call_backend_endpoint:49] -
Arrr! Backend health check failed after all retries!
Context:
  error: HTTPConnectionPool(host='backend', port=8000): Max retries exceeded with url: /health (Caused by NameResolutionError("<urllib3.connection.HTTPConnection object at 0x7fbc9d1e3d50>: Failed to resolve 'backend' ([Errno -3] Temporary failure in name resolution)"))
  url: http://backend:8000/health
  total_attempts: 3
  timestamp: 2026-02-18T09:29:20.293042


2026-02-18 11:29:20 UTC - cron_service - ERROR - [api_endpoints.py:call_backend_endpoint:131] -
Arrr! Connection error calling endpoint after all retries!
Context:
  error: HTTPConnectionPool(host='backend', port=8000): Max retries exceeded with url: /health (Caused by NameResolutionError("<urllib3.connection.HTTPConnection object at 0x7fbc9d1e3d50>: Failed to resolve 'backend' ([Errno -3] Temporary failure in name resolution)"))
  endpoint: /cron/generate-weekly-combinations-optimized
  backend_url: http://backend:8000
  total_attempts: 3
  timestamp: 2026-02-18T09:29:20.616766


2026-02-18 11:29:21 UTC - cron_service - ERROR - [error_handler.py:handle_job_error:28] -
Arrr! Cron job 'generate-weekly-combinations-optimized' failed!
Context:
  job_name: generate-weekly-combinations-optimized
  error: HTTPConnectionPool(host='backend', port=8000): Max retries exceeded with url: /health (Caused by NameResolutionError("<urllib3.connection.HTTPConnection object at 0x7fbc9d1e3d50>: Failed to resolve 'backend' ([Errno -3] Temporary failure in name resolution)"))
  error_type: ConnectionError
  traceback: Traceback (most recent call last):
  File "/usr/local/lib/python3.11/site-packages/urllib3/connection.py", line 198, in _new_conn
    sock = connection.create_connection(
           ^^^^^^^^^^^^^^^^^^^^^^^^^^^^^
  File "/usr/local/lib/python3.11/site-packages/urllib3/util/connection.py", line 60, in create_connection
    for res in socket.getaddrinfo(host, port, family, socket.SOCK_STREAM):
               ^^^^^^^^^^^^^^^^^^^^^^^^^^^^^^^^^^^^^^^^^^^^^^^^^^^^^^^^^^
  File "/usr/local/lib/python3.11/socket.py", line 974, in getaddrinfo
    for res in _socket.getaddrinfo(host, port, family, type, proto, flags):
               ^^^^^^^^^^^^^^^^^^^^^^^^^^^^^^^^^^^^^^^^^^^^^^^^^^^^^^^^^^^
socket.gaierror: [Errno -3] Temporary failure in name resolution

The above exception was the direct cause of the following exception:

Traceback (most recent call last):
  File "/usr/local/lib/python3.11/site-packages/urllib3/connectionpool.py", line 787, in urlopen
    response = self._make_request(
               ^^^^^^^^^^^^^^^^^^^
  File "/usr/local/lib/python3.11/site-packages/urllib3/connectionpool.py", line 493, in _make_request
    conn.request(
  File "/usr/local/lib/python3.11/site-packages/urllib3/connection.py", line 494, in request
    self.endheaders()
  File "/usr/local/lib/python3.11/http/client.py", line 1298, in endheaders
    self._send_output(message_body, encode_chunked=encode_chunked)
  File "/usr/local/lib/python3.11/http/client.py", line 1058, in _send_output
    self.send(msg)
  File "/usr/local/lib/python3.11/http/client.py", line 996, in send
    self.connect()
  File "/usr/local/lib/python3.11/site-packages/urllib3/connection.py", line 325, in connect
    self.sock = self._new_conn()
                ^^^^^^^^^^^^^^^^
  File "/usr/local/lib/python3.11/site-packages/urllib3/connection.py", line 205, in _new_conn
    raise NameResolutionError(self.host, self, e) from e
urllib3.exceptions.NameResolutionError: <urllib3.connection.HTTPConnection object at 0x7fbc9d1e3d50>: Failed to resolve 'backend' ([Errno -3] Temporary failure in name resolution)

The above exception was the direct cause of the following exception:

Traceback (most recent call last):
  File "/usr/local/lib/python3.11/site-packages/requests/adapters.py", line 486, in send
    resp = conn.urlopen(
           ^^^^^^^^^^^^^
  File "/usr/local/lib/python3.11/site-packages/urllib3/connectionpool.py", line 841, in urlopen
    retries = retries.increment(
              ^^^^^^^^^^^^^^^^^^
  File "/usr/local/lib/python3.11/site-packages/urllib3/util/retry.py", line 519, in increment
    raise MaxRetryError(_pool, url, reason) from reason  # type: ignore[arg-type]
    ^^^^^^^^^^^^^^^^^^^^^^^^^^^^^^^^^^^^^^^^^^^^^^^^^^^
urllib3.exceptions.MaxRetryError: HTTPConnectionPool(host='backend', port=8000): Max retries exceeded with url: /health (Caused by NameResolutionError("<urllib3.connection.HTTPConnection object at 0x7fbc9d1e3d50>: Failed to resolve 'backend' ([Errno -3] Temporary failure in name resolution)"))

During handling of the above exception, another exception occurred:

Traceback (most recent call last):
  File "/app/cron/scheduler.py", line 121, in _run_job_with_error_handling
    job_function()
  File "/app/cron/scheduler.py", line 29, in <lambda>
    lambda: call_backend_endpoint("/cron/generate-weekly-combinations-optimized", last_successful_job),
            ^^^^^^^^^^^^^^^^^^^^^^^^^^^^^^^^^^^^^^^^^^^^^^^^^^^^^^^^^^^^^^^^^^^^^^^^^^^^^^^^^^^^^^^^^^
  File "/app/cron/api_endpoints.py", line 33, in call_backend_endpoint
    health_check = requests.get(f"{backend_url}/health", timeout=30)
                   ^^^^^^^^^^^^^^^^^^^^^^^^^^^^^^^^^^^^^^^^^^^^^^^^^
  File "/usr/local/lib/python3.11/site-packages/requests/api.py", line 73, in get
    return request("get", url, params=params, **kwargs)
           ^^^^^^^^^^^^^^^^^^^^^^^^^^^^^^^^^^^^^^^^^^^^
  File "/usr/local/lib/python3.11/site-packages/requests/api.py", line 59, in request
    return session.request(method=method, url=url, **kwargs)
           ^^^^^^^^^^^^^^^^^^^^^^^^^^^^^^^^^^^^^^^^^^^^^^^^^
  File "/usr/local/lib/python3.11/site-packages/requests/sessions.py", line 589, in request
    resp = self.send(prep, **send_kwargs)
           ^^^^^^^^^^^^^^^^^^^^^^^^^^^^^^
  File "/usr/local/lib/python3.11/site-packages/requests/sessions.py", line 703, in send
    r = adapter.send(request, **kwargs)
        ^^^^^^^^^^^^^^^^^^^^^^^^^^^^^^^
  File "/usr/local/lib/python3.11/site-packages/requests/adapters.py", line 519, in send
    raise ConnectionError(e, request=request)
requests.exceptions.ConnectionError: HTTPConnectionPool(host='backend', port=8000): Max retries exceeded with url: /health (Caused by NameResolutionError("<urllib3.connection.HTTPConnection object at 0x7fbc9d1e3d50>: Failed to resolve 'backend' ([Errno -3] Temporary failure in name resolution)"))

  context:
    last_successful_job: None
    scheduled_time: 2026-02-18T09:29:20.634003
    job_type: scheduled
    failure_count: 1
  timestamp: 2026-02-18T09:29:20.970958


2026-02-18 11:30:06 UTC - cron_service - ERROR - [error_handler.py:_send_error_notification:78] -
Arrr! Failed to send error notification!
Context:
  job_name: generate-weekly-combinations-optimized
  notification_error: HTTPConnectionPool(host='email-service', port=8000): Read timed out. (read timeout=30)
  timestamp: 2026-02-18T09:30:00.586093


2026-02-18 11:30:19 UTC - cron_service - ERROR - [error_handler.py:handle_job_error:45] -
Arrr! Failed to send error notification for job 'generate-weekly-combinations-optimized'!
Context:
  original_error: HTTPConnectionPool(host='backend', port=8000): Max retries exceeded with url: /health (Caused by NameResolutionError("<urllib3.connection.HTTPConnection object at 0x7fbc9d1e3d50>: Failed to resolve 'backend' ([Errno -3] Temporary failure in name resolution)"))
  notification_error: HTTPConnectionPool(host='email-service', port=8000): Read timed out. (read timeout=30)
  timestamp: 2026-02-18T09:30:17.979670


2026-02-18 11:30:20 UTC - cron_service - ERROR - [scheduler.py:run_scheduler:326] -
Arrr! Error in scheduler loop!
Context:
  error: HTTPConnectionPool(host='backend', port=8000): Max retries exceeded with url: /health (Caused by NameResolutionError("<urllib3.connection.HTTPConnection object at 0x7fbc9d1e3d50>: Failed to resolve 'backend' ([Errno -3] Temporary failure in name resolution)"))
  consecutive_errors: 1
  max_consecutive_errors: 5
  timestamp: 2026-02-18T09:30:20.057140


2026-02-18 11:31:34 UTC - cron_service - INFO - [scheduler.py:_run_job_with_error_handling:115] -
Arrr! Starting scheduled job: generate-weekly-combinations-optimized
Context:
  job_name: generate-weekly-combinations-optimized
  triggered_at_utc: 2026-02-18T09:31:25.464163+00:00
  timestamp: 2026-02-18T09:31:29.823473


2026-02-18 11:32:04 UTC - cron_service - INFO - [api_endpoints.py:call_backend_endpoint:28] -
Arrr! Attempting to call backend endpoint: http://backend:8000/cron/generate-weekly-combinations-optimized (attempt 1/3)


2026-02-18 11:34:51 UTC - cron_service - WARNING - [api_endpoints.py:call_backend_endpoint:38] -
Arrr! Backend health check failed (attempt 1/3), retrying...
Context:
  error: HTTPConnectionPool(host='backend', port=8000): Max retries exceeded with url: /health (Caused by NameResolutionError("<urllib3.connection.HTTPConnection object at 0x7fbc9d1c6050>: Failed to resolve 'backend' ([Errno -3] Temporary failure in name resolution)"))
  url: http://backend:8000/health
  retry_in_seconds: 5
  timestamp: 2026-02-18T09:34:15.569523


2026-02-18 11:36:44 UTC - cron_service - INFO - [api_endpoints.py:call_backend_endpoint:28] -
Arrr! Attempting to call backend endpoint: http://backend:8000/cron/generate-weekly-combinations-optimized (attempt 2/3)


2026-02-18 11:37:22 UTC - cron_service - WARNING - [api_endpoints.py:call_backend_endpoint:38] -
Arrr! Backend health check failed (attempt 2/3), retrying...
Context:
  error: HTTPConnectionPool(host='backend', port=8000): Max retries exceeded with url: /health (Caused by NameResolutionError("<urllib3.connection.HTTPConnection object at 0x7fbc9c84b950>: Failed to resolve 'backend' ([Errno -3] Temporary failure in name resolution)"))
  url: http://backend:8000/health
  retry_in_seconds: 5
  timestamp: 2026-02-18T09:37:19.471794


2026-02-18 11:37:33 UTC - cron_service - INFO - [api_endpoints.py:call_backend_endpoint:28] -
Arrr! Attempting to call backend endpoint: http://backend:8000/cron/generate-weekly-combinations-optimized (attempt 3/3)


2026-02-18 11:37:56 UTC - cron_service - ERROR - [api_endpoints.py:call_backend_endpoint:49] -
Arrr! Backend health check failed after all retries!
Context:
  error: HTTPConnectionPool(host='backend', port=8000): Max retries exceeded with url: /health (Caused by NameResolutionError("<urllib3.connection.HTTPConnection object at 0x7fbc9c856490>: Failed to resolve 'backend' ([Errno -3] Temporary failure in name resolution)"))
  url: http://backend:8000/health
  total_attempts: 3
  timestamp: 2026-02-18T09:37:55.329808


2026-02-18 11:37:58 UTC - cron_service - ERROR - [api_endpoints.py:call_backend_endpoint:131] -
Arrr! Connection error calling endpoint after all retries!
Context:
  error: HTTPConnectionPool(host='backend', port=8000): Max retries exceeded with url: /health (Caused by NameResolutionError("<urllib3.connection.HTTPConnection object at 0x7fbc9c856490>: Failed to resolve 'backend' ([Errno -3] Temporary failure in name resolution)"))
  endpoint: /cron/generate-weekly-combinations-optimized
  backend_url: http://backend:8000
  total_attempts: 3
  timestamp: 2026-02-18T09:37:57.066127


2026-02-18 11:38:01 UTC - cron_service - ERROR - [error_handler.py:handle_job_error:28] -
Arrr! Cron job 'generate-weekly-combinations-optimized' failed!
Context:
  job_name: generate-weekly-combinations-optimized
  error: HTTPConnectionPool(host='backend', port=8000): Max retries exceeded with url: /health (Caused by NameResolutionError("<urllib3.connection.HTTPConnection object at 0x7fbc9c856490>: Failed to resolve 'backend' ([Errno -3] Temporary failure in name resolution)"))
  error_type: ConnectionError
  traceback: Traceback (most recent call last):
  File "/usr/local/lib/python3.11/site-packages/urllib3/connection.py", line 198, in _new_conn
    sock = connection.create_connection(
           ^^^^^^^^^^^^^^^^^^^^^^^^^^^^^
  File "/usr/local/lib/python3.11/site-packages/urllib3/util/connection.py", line 60, in create_connection
    for res in socket.getaddrinfo(host, port, family, socket.SOCK_STREAM):
               ^^^^^^^^^^^^^^^^^^^^^^^^^^^^^^^^^^^^^^^^^^^^^^^^^^^^^^^^^^
  File "/usr/local/lib/python3.11/socket.py", line 974, in getaddrinfo
    for res in _socket.getaddrinfo(host, port, family, type, proto, flags):
               ^^^^^^^^^^^^^^^^^^^^^^^^^^^^^^^^^^^^^^^^^^^^^^^^^^^^^^^^^^^
socket.gaierror: [Errno -3] Temporary failure in name resolution

The above exception was the direct cause of the following exception:

Traceback (most recent call last):
  File "/usr/local/lib/python3.11/site-packages/urllib3/connectionpool.py", line 787, in urlopen
    response = self._make_request(
               ^^^^^^^^^^^^^^^^^^^
  File "/usr/local/lib/python3.11/site-packages/urllib3/connectionpool.py", line 493, in _make_request
    conn.request(
  File "/usr/local/lib/python3.11/site-packages/urllib3/connection.py", line 494, in request
    self.endheaders()
  File "/usr/local/lib/python3.11/http/client.py", line 1298, in endheaders
    self._send_output(message_body, encode_chunked=encode_chunked)
  File "/usr/local/lib/python3.11/http/client.py", line 1058, in _send_output
    self.send(msg)
  File "/usr/local/lib/python3.11/http/client.py", line 996, in send
    self.connect()
  File "/usr/local/lib/python3.11/site-packages/urllib3/connection.py", line 325, in connect
    self.sock = self._new_conn()
                ^^^^^^^^^^^^^^^^
  File "/usr/local/lib/python3.11/site-packages/urllib3/connection.py", line 205, in _new_conn
    raise NameResolutionError(self.host, self, e) from e
urllib3.exceptions.NameResolutionError: <urllib3.connection.HTTPConnection object at 0x7fbc9c856490>: Failed to resolve 'backend' ([Errno -3] Temporary failure in name resolution)

The above exception was the direct cause of the following exception:

Traceback (most recent call last):
  File "/usr/local/lib/python3.11/site-packages/requests/adapters.py", line 486, in send
    resp = conn.urlopen(
           ^^^^^^^^^^^^^
  File "/usr/local/lib/python3.11/site-packages/urllib3/connectionpool.py", line 841, in urlopen
    retries = retries.increment(
              ^^^^^^^^^^^^^^^^^^
  File "/usr/local/lib/python3.11/site-packages/urllib3/util/retry.py", line 519, in increment
    raise MaxRetryError(_pool, url, reason) from reason  # type: ignore[arg-type]
    ^^^^^^^^^^^^^^^^^^^^^^^^^^^^^^^^^^^^^^^^^^^^^^^^^^^
urllib3.exceptions.MaxRetryError: HTTPConnectionPool(host='backend', port=8000): Max retries exceeded with url: /health (Caused by NameResolutionError("<urllib3.connection.HTTPConnection object at 0x7fbc9c856490>: Failed to resolve 'backend' ([Errno -3] Temporary failure in name resolution)"))

During handling of the above exception, another exception occurred:

Traceback (most recent call last):
  File "/app/cron/scheduler.py", line 121, in _run_job_with_error_handling
    job_function()
  File "/app/cron/scheduler.py", line 29, in <lambda>
    lambda: call_backend_endpoint("/cron/generate-weekly-combinations-optimized", last_successful_job),
            ^^^^^^^^^^^^^^^^^^^^^^^^^^^^^^^^^^^^^^^^^^^^^^^^^^^^^^^^^^^^^^^^^^^^^^^^^^^^^^^^^^^^^^^^^^
  File "/app/cron/api_endpoints.py", line 33, in call_backend_endpoint
    health_check = requests.get(f"{backend_url}/health", timeout=30)
                   ^^^^^^^^^^^^^^^^^^^^^^^^^^^^^^^^^^^^^^^^^^^^^^^^^
  File "/usr/local/lib/python3.11/site-packages/requests/api.py", line 73, in get
    return request("get", url, params=params, **kwargs)
           ^^^^^^^^^^^^^^^^^^^^^^^^^^^^^^^^^^^^^^^^^^^^
  File "/usr/local/lib/python3.11/site-packages/requests/api.py", line 59, in request
    return session.request(method=method, url=url, **kwargs)
           ^^^^^^^^^^^^^^^^^^^^^^^^^^^^^^^^^^^^^^^^^^^^^^^^^
  File "/usr/local/lib/python3.11/site-packages/requests/sessions.py", line 589, in request
    resp = self.send(prep, **send_kwargs)
           ^^^^^^^^^^^^^^^^^^^^^^^^^^^^^^
  File "/usr/local/lib/python3.11/site-packages/requests/sessions.py", line 703, in send
    r = adapter.send(request, **kwargs)
        ^^^^^^^^^^^^^^^^^^^^^^^^^^^^^^^
  File "/usr/local/lib/python3.11/site-packages/requests/adapters.py", line 519, in send
    raise ConnectionError(e, request=request)
requests.exceptions.ConnectionError: HTTPConnectionPool(host='backend', port=8000): Max retries exceeded with url: /health (Caused by NameResolutionError("<urllib3.connection.HTTPConnection object at 0x7fbc9c856490>: Failed to resolve 'backend' ([Errno -3] Temporary failure in name resolution)"))

  context:
    last_successful_job: None
    scheduled_time: 2026-02-18T09:37:59.408709
    job_type: scheduled
    failure_count: 2
  timestamp: 2026-02-18T09:38:00.381241


2026-02-18 11:38:25 UTC - cron_service - ERROR - [error_handler.py:_send_error_notification:78] -
Arrr! Failed to send error notification!
Context:
  job_name: generate-weekly-combinations-optimized
  notification_error: HTTPConnectionPool(host='email-service', port=8000): Max retries exceeded with url: /send-error-notification (Caused by NameResolutionError("<urllib3.connection.HTTPConnection object at 0x7fbc9c849690>: Failed to resolve 'email-service' ([Errno -3] Temporary failure in name resolution)"))
  timestamp: 2026-02-18T09:38:22.817887


2026-02-18 11:38:34 UTC - cron_service - ERROR - [error_handler.py:handle_job_error:45] -
Arrr! Failed to send error notification for job 'generate-weekly-combinations-optimized'!
Context:
  original_error: HTTPConnectionPool(host='backend', port=8000): Max retries exceeded with url: /health (Caused by NameResolutionError("<urllib3.connection.HTTPConnection object at 0x7fbc9c856490>: Failed to resolve 'backend' ([Errno -3] Temporary failure in name resolution)"))
  notification_error: HTTPConnectionPool(host='email-service', port=8000): Max retries exceeded with url: /send-error-notification (Caused by NameResolutionError("<urllib3.connection.HTTPConnection object at 0x7fbc9c849690>: Failed to resolve 'email-service' ([Errno -3] Temporary failure in name resolution)"))
  timestamp: 2026-02-18T09:38:29.853275


2026-02-18 11:38:43 UTC - cron_service - ERROR - [scheduler.py:run_scheduler:326] -
Arrr! Error in scheduler loop!
Context:
  error: HTTPConnectionPool(host='backend', port=8000): Max retries exceeded with url: /health (Caused by NameResolutionError("<urllib3.connection.HTTPConnection object at 0x7fbc9c856490>: Failed to resolve 'backend' ([Errno -3] Temporary failure in name resolution)"))
  consecutive_errors: 2
  max_consecutive_errors: 5
  timestamp: 2026-02-18T09:38:40.061342


2026-02-18 11:40:18 UTC - cron_service - INFO - [scheduler.py:_run_job_with_error_handling:115] -
Arrr! Starting scheduled job: generate-weekly-combinations-optimized
Context:
  job_name: generate-weekly-combinations-optimized
  triggered_at_utc: 2026-02-18T09:39:46.867362+00:00
  timestamp: 2026-02-18T09:40:07.355464


2026-02-18 11:40:34 UTC - cron_service - INFO - [api_endpoints.py:call_backend_endpoint:28] -
Arrr! Attempting to call backend endpoint: http://backend:8000/cron/generate-weekly-combinations-optimized (attempt 1/3)


2026-02-18 11:41:32 UTC - cron_service - WARNING - [api_endpoints.py:call_backend_endpoint:38] -
Arrr! Backend health check failed (attempt 1/3), retrying...
Context:
  error: HTTPConnectionPool(host='backend', port=8000): Max retries exceeded with url: /health (Caused by NameResolutionError("<urllib3.connection.HTTPConnection object at 0x7fbc9c85c2d0>: Failed to resolve 'backend' ([Errno -3] Temporary failure in name resolution)"))
  url: http://backend:8000/health
  retry_in_seconds: 5
  timestamp: 2026-02-18T09:41:27.523027


2026-02-18 11:41:52 UTC - cron_service - INFO - [api_endpoints.py:call_backend_endpoint:28] -
Arrr! Attempting to call backend endpoint: http://backend:8000/cron/generate-weekly-combinations-optimized (attempt 2/3)


2026-02-18 11:42:47 UTC - cron_service - WARNING - [api_endpoints.py:call_backend_endpoint:38] -
Arrr! Backend health check failed (attempt 2/3), retrying...
Context:
  error: HTTPConnectionPool(host='backend', port=8000): Max retries exceeded with url: /health (Caused by NameResolutionError("<urllib3.connection.HTTPConnection object at 0x7fbc9d1e0910>: Failed to resolve 'backend' ([Errno -3] Temporary failure in name resolution)"))
  url: http://backend:8000/health
  retry_in_seconds: 5
  timestamp: 2026-02-18T09:42:44.321447


2026-02-18 11:43:25 UTC - cron_service - INFO - [api_endpoints.py:call_backend_endpoint:28] -
Arrr! Attempting to call backend endpoint: http://backend:8000/cron/generate-weekly-combinations-optimized (attempt 3/3)


2026-02-18 11:44:12 UTC - cron_service - ERROR - [api_endpoints.py:call_backend_endpoint:49] -
Arrr! Backend health check failed after all retries!
Context:
  error: HTTPConnectionPool(host='backend', port=8000): Max retries exceeded with url: /health (Caused by NameResolutionError("<urllib3.connection.HTTPConnection object at 0x7fbc9d1abe50>: Failed to resolve 'backend' ([Errno -3] Temporary failure in name resolution)"))
  url: http://backend:8000/health
  total_attempts: 3
  timestamp: 2026-02-18T09:44:03.213240


2026-02-18 11:44:26 UTC - cron_service - ERROR - [api_endpoints.py:call_backend_endpoint:131] -
Arrr! Connection error calling endpoint after all retries!
Context:
  error: HTTPConnectionPool(host='backend', port=8000): Max retries exceeded with url: /health (Caused by NameResolutionError("<urllib3.connection.HTTPConnection object at 0x7fbc9d1abe50>: Failed to resolve 'backend' ([Errno -3] Temporary failure in name resolution)"))
  endpoint: /cron/generate-weekly-combinations-optimized
  backend_url: http://backend:8000
  total_attempts: 3
  timestamp: 2026-02-18T09:44:19.990737


2026-02-18 11:44:52 UTC - cron_service - WARNING - [scheduler.py:_run_job_with_error_handling:154] -
Arrr! Job 'generate-weekly-combinations-optimized' failed again (suppressing notification due to cooldown)
Context:
  job_name: generate-weekly-combinations-optimized
  error: HTTPConnectionPool(host='backend', port=8000): Max retries exceeded with url: /health (Caused by NameResolutionError("<urllib3.connection.HTTPConnection object at 0x7fbc9d1abe50>: Failed to resolve 'backend' ([Errno -3] Temporary failure in name resolution)"))
  failure_count: 2
  cooldown_until: 2026-02-18T10:38:35.496187+00:00
  timestamp: 2026-02-18T09:44:44.095904


2026-02-18 11:45:21 UTC - cron_service - ERROR - [scheduler.py:run_scheduler:326] -
Arrr! Error in scheduler loop!
Context:
  error: HTTPConnectionPool(host='backend', port=8000): Max retries exceeded with url: /health (Caused by NameResolutionError("<urllib3.connection.HTTPConnection object at 0x7fbc9d1abe50>: Failed to resolve 'backend' ([Errno -3] Temporary failure in name resolution)"))
  consecutive_errors: 3
  max_consecutive_errors: 5
  timestamp: 2026-02-18T09:45:09.277546


2026-02-18 11:46:28 UTC - cron_service - INFO - [scheduler.py:_run_job_with_error_handling:115] -
Arrr! Starting scheduled job: generate-weekly-combinations-optimized
Context:
  job_name: generate-weekly-combinations-optimized
  triggered_at_utc: 2026-02-18T09:46:25.641076+00:00
  timestamp: 2026-02-18T09:46:26.871921


2026-02-18 11:46:31 UTC - cron_service - INFO - [api_endpoints.py:call_backend_endpoint:28] -
Arrr! Attempting to call backend endpoint: http://backend:8000/cron/generate-weekly-combinations-optimized (attempt 1/3)


2026-02-18 11:47:15 UTC - cron_service - WARNING - [api_endpoints.py:call_backend_endpoint:38] -
Arrr! Backend health check failed (attempt 1/3), retrying...
Context:
  error: HTTPConnectionPool(host='backend', port=8000): Read timed out. (read timeout=30)
  url: http://backend:8000/health
  retry_in_seconds: 5
  timestamp: 2026-02-18T09:47:14.263784


2026-02-18 11:47:24 UTC - cron_service - INFO - [api_endpoints.py:call_backend_endpoint:28] -
Arrr! Attempting to call backend endpoint: http://backend:8000/cron/generate-weekly-combinations-optimized (attempt 2/3)


2026-02-18 11:47:51 UTC - cron_service - WARNING - [api_endpoints.py:call_backend_endpoint:38] -
Arrr! Backend health check failed (attempt 2/3), retrying...
Context:
  error: HTTPConnectionPool(host='backend', port=8000): Max retries exceeded with url: /health (Caused by NameResolutionError("<urllib3.connection.HTTPConnection object at 0x7fbc9c84af90>: Failed to resolve 'backend' ([Errno -2] Name or service not known)"))
  url: http://backend:8000/health
  retry_in_seconds: 5
  timestamp: 2026-02-18T09:47:50.911661


2026-02-18 11:47:57 UTC - cron_service - INFO - [api_endpoints.py:call_backend_endpoint:28] -
Arrr! Attempting to call backend endpoint: http://backend:8000/cron/generate-weekly-combinations-optimized (attempt 3/3)


2026-02-18 11:48:30 UTC - cron_service - ERROR - [api_endpoints.py:call_backend_endpoint:49] -
Arrr! Backend health check failed after all retries!
Context:
  error: HTTPConnectionPool(host='backend', port=8000): Read timed out. (read timeout=30)
  url: http://backend:8000/health
  total_attempts: 3
  timestamp: 2026-02-18T09:48:28.926212


2026-02-18 11:48:32 UTC - cron_service - ERROR - [api_endpoints.py:call_backend_endpoint:155] -
Arrr! Timeout calling endpoint after all retries!
Context:
  error: HTTPConnectionPool(host='backend', port=8000): Read timed out. (read timeout=30)
  endpoint: /cron/generate-weekly-combinations-optimized
  backend_url: http://backend:8000
  total_attempts: 3
  timestamp: 2026-02-18T09:48:31.161219


2026-02-18 11:48:34 UTC - cron_service - WARNING - [scheduler.py:_run_job_with_error_handling:154] -
Arrr! Job 'generate-weekly-combinations-optimized' failed again (suppressing notification due to cooldown)
Context:
  job_name: generate-weekly-combinations-optimized
  error: HTTPConnectionPool(host='backend', port=8000): Read timed out. (read timeout=30)
  failure_count: 2
  cooldown_until: 2026-02-18T10:38:35.496187+00:00
  timestamp: 2026-02-18T09:48:33.251434


2026-02-18 11:48:36 UTC - cron_service - ERROR - [scheduler.py:run_scheduler:326] -
Arrr! Error in scheduler loop!
Context:
  error: HTTPConnectionPool(host='backend', port=8000): Read timed out. (read timeout=30)
  consecutive_errors: 4
  max_consecutive_errors: 5
  timestamp: 2026-02-18T09:48:35.340459


2026-02-18 11:49:37 UTC - cron_service - INFO - [scheduler.py:_run_job_with_error_handling:115] -
Arrr! Starting scheduled job: generate-weekly-combinations-optimized
Context:
  job_name: generate-weekly-combinations-optimized
  triggered_at_utc: 2026-02-18T09:49:37.350735+00:00
  timestamp: 2026-02-18T09:49:37.692842


2026-02-18 11:49:38 UTC - cron_service - INFO - [api_endpoints.py:call_backend_endpoint:28] -
Arrr! Attempting to call backend endpoint: http://backend:8000/cron/generate-weekly-combinations-optimized (attempt 1/3)


2026-02-18 11:50:09 UTC - cron_service - WARNING - [api_endpoints.py:call_backend_endpoint:38] -
Arrr! Backend health check failed (attempt 1/3), retrying...
Context:
  error: HTTPConnectionPool(host='backend', port=8000): Read timed out. (read timeout=30)
  url: http://backend:8000/health
  retry_in_seconds: 5
  timestamp: 2026-02-18T09:50:08.626239


2026-02-18 11:50:19 UTC - cron_service - INFO - [api_endpoints.py:call_backend_endpoint:28] -
Arrr! Attempting to call backend endpoint: http://backend:8000/cron/generate-weekly-combinations-optimized (attempt 2/3)


2026-02-18 11:50:49 UTC - cron_service - WARNING - [api_endpoints.py:call_backend_endpoint:38] -
Arrr! Backend health check failed (attempt 2/3), retrying...
Context:
  error: HTTPConnectionPool(host='backend', port=8000): Max retries exceeded with url: /health (Caused by NameResolutionError("<urllib3.connection.HTTPConnection object at 0x7fbc9c856a10>: Failed to resolve 'backend' ([Errno -2] Name or service not known)"))
  url: http://backend:8000/health
  retry_in_seconds: 5
  timestamp: 2026-02-18T09:50:48.745595


2026-02-18 11:50:50 UTC - cron_service - WARNING - [api_endpoints.py:health_check_endpoint:221] -
Backend health check failed
Context:
  error: HTTPConnectionPool(host='backend', port=8000): Read timed out. (read timeout=3)
  timestamp: 2026-02-18T09:50:50.515422


2026-02-18 11:50:54 UTC - cron_service - INFO - [api_endpoints.py:call_backend_endpoint:28] -
Arrr! Attempting to call backend endpoint: http://backend:8000/cron/generate-weekly-combinations-optimized (attempt 3/3)


2026-02-18 11:50:55 UTC - cron_service - WARNING - [api_endpoints.py:health_check_endpoint:230] -
Cron status check failed
Context:
  error: HTTPConnectionPool(host='backend', port=8000): Read timed out. (read timeout=3)
  timestamp: 2026-02-18T09:50:55.109555


2026-02-18 11:51:27 UTC - cron_service - ERROR - [api_endpoints.py:call_backend_endpoint:49] -
Arrr! Backend health check failed after all retries!
Context:
  error: HTTPConnectionPool(host='backend', port=8000): Read timed out. (read timeout=30)
  url: http://backend:8000/health
  total_attempts: 3
  timestamp: 2026-02-18T09:51:27.467696


2026-02-18 11:51:27 UTC - cron_service - ERROR - [api_endpoints.py:call_backend_endpoint:155] -
Arrr! Timeout calling endpoint after all retries!
Context:
  error: HTTPConnectionPool(host='backend', port=8000): Read timed out. (read timeout=30)
  endpoint: /cron/generate-weekly-combinations-optimized
  backend_url: http://backend:8000
  total_attempts: 3
  timestamp: 2026-02-18T09:51:27.680050


2026-02-18 11:51:27 UTC - cron_service - WARNING - [scheduler.py:_run_job_with_error_handling:154] -
Arrr! Job 'generate-weekly-combinations-optimized' failed again (suppressing notification due to cooldown)
Context:
  job_name: generate-weekly-combinations-optimized
  error: HTTPConnectionPool(host='backend', port=8000): Read timed out. (read timeout=30)
  failure_count: 2
  cooldown_until: 2026-02-18T10:38:35.496187+00:00
  timestamp: 2026-02-18T09:51:27.719494


2026-02-18 11:51:27 UTC - cron_service - ERROR - [scheduler.py:run_scheduler:326] -
Arrr! Error in scheduler loop!
Context:
  error: HTTPConnectionPool(host='backend', port=8000): Read timed out. (read timeout=30)
  consecutive_errors: 5
  max_consecutive_errors: 5
  timestamp: 2026-02-18T09:51:27.732880


2026-02-18 11:52:27 UTC - cron_service - INFO - [scheduler.py:_run_job_with_error_handling:115] -
Arrr! Starting scheduled job: generate-weekly-combinations-optimized
Context:
  job_name: generate-weekly-combinations-optimized
  triggered_at_utc: 2026-02-18T09:52:27.772159+00:00
  timestamp: 2026-02-18T09:52:27.821854


2026-02-18 11:52:27 UTC - cron_service - INFO - [api_endpoints.py:call_backend_endpoint:28] -
Arrr! Attempting to call backend endpoint: http://backend:8000/cron/generate-weekly-combinations-optimized (attempt 1/3)


2026-02-18 11:53:02 UTC - cron_service - WARNING - [api_endpoints.py:call_backend_endpoint:38] -
Arrr! Backend health check failed (attempt 1/3), retrying...
Context:
  error: HTTPConnectionPool(host='backend', port=8000): Read timed out. (read timeout=30)
  url: http://backend:8000/health
  retry_in_seconds: 5
  timestamp: 2026-02-18T09:53:01.439768


2026-02-18 11:53:08 UTC - cron_service - INFO - [api_endpoints.py:call_backend_endpoint:28] -
Arrr! Attempting to call backend endpoint: http://backend:8000/cron/generate-weekly-combinations-optimized (attempt 2/3)


2026-02-18 11:53:40 UTC - cron_service - WARNING - [api_endpoints.py:call_backend_endpoint:38] -
Arrr! Backend health check failed (attempt 2/3), retrying...
Context:
  error: HTTPConnectionPool(host='backend', port=8000): Read timed out. (read timeout=30)
  url: http://backend:8000/health
  retry_in_seconds: 5
  timestamp: 2026-02-18T09:53:40.632102


2026-02-18 11:53:46 UTC - cron_service - INFO - [api_endpoints.py:call_backend_endpoint:28] -
Arrr! Attempting to call backend endpoint: http://backend:8000/cron/generate-weekly-combinations-optimized (attempt 3/3)


2026-02-18 11:54:18 UTC - cron_service - ERROR - [api_endpoints.py:call_backend_endpoint:49] -
Arrr! Backend health check failed after all retries!
Context:
  error: HTTPConnectionPool(host='backend', port=8000): Read timed out. (read timeout=30)
  url: http://backend:8000/health
  total_attempts: 3
  timestamp: 2026-02-18T09:54:17.370430


2026-02-18 11:54:18 UTC - cron_service - ERROR - [api_endpoints.py:call_backend_endpoint:155] -
Arrr! Timeout calling endpoint after all retries!
Context:
  error: HTTPConnectionPool(host='backend', port=8000): Read timed out. (read timeout=30)
  endpoint: /cron/generate-weekly-combinations-optimized
  backend_url: http://backend:8000
  total_attempts: 3
  timestamp: 2026-02-18T09:54:18.665757


2026-02-18 11:54:18 UTC - cron_service - WARNING - [scheduler.py:_run_job_with_error_handling:154] -
Arrr! Job 'generate-weekly-combinations-optimized' failed again (suppressing notification due to cooldown)
Context:
  job_name: generate-weekly-combinations-optimized
  error: HTTPConnectionPool(host='backend', port=8000): Read timed out. (read timeout=30)
  failure_count: 2
  cooldown_until: 2026-02-18T10:38:35.496187+00:00
  timestamp: 2026-02-18T09:54:18.901843


2026-02-18 11:54:18 UTC - cron_service - ERROR - [scheduler.py:run_scheduler:336] -
Arrr! Too many consecutive errors in scheduler loop! Stopping scheduler to prevent spam!
Context:
  error: HTTPConnectionPool(host='backend', port=8000): Read timed out. (read timeout=30)
  consecutive_errors: 6
  max_consecutive_errors: 5
  severity: critical
  timestamp: 2026-02-18T09:54:18.922215


2026-02-18 11:54:19 UTC - cron_service - ERROR - [error_handler.py:handle_job_error:28] -
Arrr! Cron job 'scheduler-loop' failed!
Context:
  job_name: scheduler-loop
  error: HTTPConnectionPool(host='backend', port=8000): Read timed out. (read timeout=30)
  error_type: ReadTimeout
  traceback: Traceback (most recent call last):
  File "/usr/local/lib/python3.11/site-packages/urllib3/connectionpool.py", line 534, in _make_request
    response = conn.getresponse()
               ^^^^^^^^^^^^^^^^^^
  File "/usr/local/lib/python3.11/site-packages/urllib3/connection.py", line 565, in getresponse
    httplib_response = super().getresponse()
                       ^^^^^^^^^^^^^^^^^^^^^
  File "/usr/local/lib/python3.11/http/client.py", line 1395, in getresponse
    response.begin()
  File "/usr/local/lib/python3.11/http/client.py", line 325, in begin
    version, status, reason = self._read_status()
                              ^^^^^^^^^^^^^^^^^^^
  File "/usr/local/lib/python3.11/http/client.py", line 286, in _read_status
    line = str(self.fp.readline(_MAXLINE + 1), "iso-8859-1")
               ^^^^^^^^^^^^^^^^^^^^^^^^^^^^^^
  File "/usr/local/lib/python3.11/socket.py", line 718, in readinto
    return self._sock.recv_into(b)
           ^^^^^^^^^^^^^^^^^^^^^^^
TimeoutError: timed out

The above exception was the direct cause of the following exception:

Traceback (most recent call last):
  File "/usr/local/lib/python3.11/site-packages/requests/adapters.py", line 486, in send
    resp = conn.urlopen(
           ^^^^^^^^^^^^^
  File "/usr/local/lib/python3.11/site-packages/urllib3/connectionpool.py", line 841, in urlopen
    retries = retries.increment(
              ^^^^^^^^^^^^^^^^^^
  File "/usr/local/lib/python3.11/site-packages/urllib3/util/retry.py", line 474, in increment
    raise reraise(type(error), error, _stacktrace)
          ^^^^^^^^^^^^^^^^^^^^^^^^^^^^^^^^^^^^^^^^
  File "/usr/local/lib/python3.11/site-packages/urllib3/util/util.py", line 39, in reraise
    raise value
  File "/usr/local/lib/python3.11/site-packages/urllib3/connectionpool.py", line 787, in urlopen
    response = self._make_request(
               ^^^^^^^^^^^^^^^^^^^
  File "/usr/local/lib/python3.11/site-packages/urllib3/connectionpool.py", line 536, in _make_request
    self._raise_timeout(err=e, url=url, timeout_value=read_timeout)
  File "/usr/local/lib/python3.11/site-packages/urllib3/connectionpool.py", line 367, in _raise_timeout
    raise ReadTimeoutError(
urllib3.exceptions.ReadTimeoutError: HTTPConnectionPool(host='backend', port=8000): Read timed out. (read timeout=30)

During handling of the above exception, another exception occurred:

Traceback (most recent call last):
  File "/app/cron/scheduler.py", line 291, in run_scheduler
    schedule.run_pending()
  File "/usr/local/lib/python3.11/site-packages/schedule/__init__.py", line 822, in run_pending
    default_scheduler.run_pending()
  File "/usr/local/lib/python3.11/site-packages/schedule/__init__.py", line 100, in run_pending
    self._run_job(job)
  File "/usr/local/lib/python3.11/site-packages/schedule/__init__.py", line 172, in _run_job
    ret = job.run()
          ^^^^^^^^^
  File "/usr/local/lib/python3.11/site-packages/schedule/__init__.py", line 693, in run
    ret = self.job_func()
          ^^^^^^^^^^^^^^^
  File "/app/cron/scheduler.py", line 28, in <lambda>
    lambda: _run_job_with_error_handling("generate-weekly-combinations-optimized",
           ^^^^^^^^^^^^^^^^^^^^^^^^^^^^^^^^^^^^^^^^^^^^^^^^^^^^^^^^^^^^^^^^^^^^^^
  File "/app/cron/scheduler.py", line 121, in _run_job_with_error_handling
    job_function()
  File "/app/cron/scheduler.py", line 29, in <lambda>
    lambda: call_backend_endpoint("/cron/generate-weekly-combinations-optimized", last_successful_job),
            ^^^^^^^^^^^^^^^^^^^^^^^^^^^^^^^^^^^^^^^^^^^^^^^^^^^^^^^^^^^^^^^^^^^^^^^^^^^^^^^^^^^^^^^^^^
  File "/app/cron/api_endpoints.py", line 33, in call_backend_endpoint
    health_check = requests.get(f"{backend_url}/health", timeout=30)
                   ^^^^^^^^^^^^^^^^^^^^^^^^^^^^^^^^^^^^^^^^^^^^^^^^^
  File "/usr/local/lib/python3.11/site-packages/requests/api.py", line 73, in get
    return request("get", url, params=params, **kwargs)
           ^^^^^^^^^^^^^^^^^^^^^^^^^^^^^^^^^^^^^^^^^^^^
  File "/usr/local/lib/python3.11/site-packages/requests/api.py", line 59, in request
    return session.request(method=method, url=url, **kwargs)
           ^^^^^^^^^^^^^^^^^^^^^^^^^^^^^^^^^^^^^^^^^^^^^^^^^
  File "/usr/local/lib/python3.11/site-packages/requests/sessions.py", line 589, in request
    resp = self.send(prep, **send_kwargs)
           ^^^^^^^^^^^^^^^^^^^^^^^^^^^^^^
  File "/usr/local/lib/python3.11/site-packages/requests/sessions.py", line 703, in send
    r = adapter.send(request, **kwargs)
        ^^^^^^^^^^^^^^^^^^^^^^^^^^^^^^^
  File "/usr/local/lib/python3.11/site-packages/requests/adapters.py", line 532, in send
    raise ReadTimeout(e, request=request)
requests.exceptions.ReadTimeout: HTTPConnectionPool(host='backend', port=8000): Read timed out. (read timeout=30)

  context:
    consecutive_errors: 6
    action: scheduler_stopped_to_prevent_spam
  timestamp: 2026-02-18T09:54:19.367095


2026-02-18 11:55:02 UTC - cron_service - ERROR - [error_handler.py:_send_error_notification:78] -
Arrr! Failed to send error notification!
Context:
  job_name: scheduler-loop
  notification_error: HTTPConnectionPool(host='email-service', port=8000): Read timed out. (read timeout=30)
  timestamp: 2026-02-18T09:55:01.940373


2026-02-18 11:55:02 UTC - cron_service - ERROR - [error_handler.py:handle_job_error:45] -
Arrr! Failed to send error notification for job 'scheduler-loop'!
Context:
  original_error: HTTPConnectionPool(host='backend', port=8000): Read timed out. (read timeout=30)
  notification_error: HTTPConnectionPool(host='email-service', port=8000): Read timed out. (read timeout=30)
  timestamp: 2026-02-18T09:55:02.226689


2026-02-18 11:55:06 UTC - cron_service - WARNING - [api_endpoints.py:health_check_endpoint:221] -
Backend health check failed
Context:
  error: HTTPConnectionPool(host='backend', port=8000): Read timed out. (read timeout=3)
  timestamp: 2026-02-18T09:55:06.966549


2026-02-18 11:55:10 UTC - cron_service - WARNING - [api_endpoints.py:health_check_endpoint:230] -
Cron status check failed
Context:
  error: HTTPConnectionPool(host='backend', port=8000): Read timed out. (read timeout=3)
  timestamp: 2026-02-18T09:55:10.172470


2026-02-18 12:02:44 UTC - cron_service - WARNING - [api_endpoints.py:health_check_endpoint:221] -
Backend health check failed
Context:
  error: HTTPConnectionPool(host='backend', port=8000): Read timed out. (read timeout=3)
  timestamp: 2026-02-18T10:02:44.802060


2026-02-18 12:02:49 UTC - cron_service - WARNING - [api_endpoints.py:health_check_endpoint:230] -
Cron status check failed
Context:
  error: HTTPConnectionPool(host='backend', port=8000): Read timed out. (read timeout=3)
  timestamp: 2026-02-18T10:02:49.042553


2026-02-18 12:03:27 UTC - cron_service - WARNING - [api_endpoints.py:health_check_endpoint:221] -
Backend health check failed
Context:
  error: HTTPConnectionPool(host='backend', port=8000): Read timed out. (read timeout=3)
  timestamp: 2026-02-18T10:03:26.962536


2026-02-18 12:03:30 UTC - cron_service - WARNING - [api_endpoints.py:health_check_endpoint:230] -
Cron status check failed
Context:
  error: HTTPConnectionPool(host='backend', port=8000): Read timed out. (read timeout=3)
  timestamp: 2026-02-18T10:03:30.092449


2026-02-18 12:04:17 UTC - cron_service - WARNING - [api_endpoints.py:health_check_endpoint:221] -
Backend health check failed
Context:
  error: HTTPConnectionPool(host='backend', port=8000): Read timed out. (read timeout=3)
  timestamp: 2026-02-18T10:04:17.175470


2026-02-18 12:04:21 UTC - cron_service - WARNING - [api_endpoints.py:health_check_endpoint:230] -
Cron status check failed
Context:
  error: HTTPConnectionPool(host='backend', port=8000): Read timed out. (read timeout=3)
  timestamp: 2026-02-18T10:04:21.236290


2026-02-18 12:05:36 UTC - cron_service - WARNING - [api_endpoints.py:health_check_endpoint:221] -
Backend health check failed
Context:
  error: HTTPConnectionPool(host='backend', port=8000): Read timed out. (read timeout=3)
  timestamp: 2026-02-18T10:05:36.186510


2026-02-18 12:05:40 UTC - cron_service - WARNING - [api_endpoints.py:health_check_endpoint:230] -
Cron status check failed
Context:
  error: HTTPConnectionPool(host='backend', port=8000): Read timed out. (read timeout=3)
  timestamp: 2026-02-18T10:05:39.974469


2026-02-18 12:07:29 UTC - cron_service - WARNING - [api_endpoints.py:health_check_endpoint:221] -
Backend health check failed
Context:
  error: HTTPConnectionPool(host='backend', port=8000): Read timed out. (read timeout=3)
  timestamp: 2026-02-18T10:07:29.253992


2026-02-18 12:07:32 UTC - cron_service - WARNING - [api_endpoints.py:health_check_endpoint:230] -
Cron status check failed
Context:
  error: HTTPConnectionPool(host='backend', port=8000): Read timed out. (read timeout=3)
  timestamp: 2026-02-18T10:07:32.394796


2026-02-18 12:08:21 UTC - cron_service - WARNING - [api_endpoints.py:health_check_endpoint:221] -
Backend health check failed
Context:
  error: HTTPConnectionPool(host='backend', port=8000): Read timed out. (read timeout=3)
  timestamp: 2026-02-18T10:08:20.636600


2026-02-18 12:08:25 UTC - cron_service - WARNING - [api_endpoints.py:health_check_endpoint:230] -
Cron status check failed
Context:
  error: HTTPConnectionPool(host='backend', port=8000): Read timed out. (read timeout=3)
  timestamp: 2026-02-18T10:08:24.891815


2026-02-18 12:09:16 UTC - cron_service - WARNING - [api_endpoints.py:health_check_endpoint:221] -
Backend health check failed
Context:
  error: HTTPConnectionPool(host='backend', port=8000): Read timed out. (read timeout=3)
  timestamp: 2026-02-18T10:09:16.294194


2026-02-18 12:09:20 UTC - cron_service - WARNING - [api_endpoints.py:health_check_endpoint:230] -
Cron status check failed
Context:
  error: HTTPConnectionPool(host='backend', port=8000): Read timed out. (read timeout=3)
  timestamp: 2026-02-18T10:09:20.016467


2026-02-18 12:10:13 UTC - cron_service - WARNING - [api_endpoints.py:health_check_endpoint:221] -
Backend health check failed
Context:
  error: HTTPConnectionPool(host='backend', port=8000): Read timed out. (read timeout=3)
  timestamp: 2026-02-18T10:10:12.958223


2026-02-18 12:10:40 UTC - cron_service - WARNING - [api_endpoints.py:health_check_endpoint:230] -
Cron status check failed
Context:
  error: HTTPConnectionPool(host='backend', port=8000): Read timed out. (read timeout=3)
  timestamp: 2026-02-18T10:10:38.624367


2026-02-18 12:11:26 UTC - cron_service - WARNING - [api_endpoints.py:health_check_endpoint:221] -
Backend health check failed
Context:
  error: HTTPConnectionPool(host='backend', port=8000): Read timed out. (read timeout=3)
  timestamp: 2026-02-18T10:11:26.267328


2026-02-18 12:11:30 UTC - cron_service - WARNING - [api_endpoints.py:health_check_endpoint:230] -
Cron status check failed
Context:
  error: HTTPConnectionPool(host='backend', port=8000): Read timed out. (read timeout=3)
  timestamp: 2026-02-18T10:11:30.300412


2026-02-18 12:12:15 UTC - cron_service - WARNING - [api_endpoints.py:health_check_endpoint:221] -
Backend health check failed
Context:
  error: HTTPConnectionPool(host='backend', port=8000): Read timed out. (read timeout=3)
  timestamp: 2026-02-18T10:12:14.455529


2026-02-18 12:12:18 UTC - cron_service - WARNING - [api_endpoints.py:health_check_endpoint:230] -
Cron status check failed
Context:
  error: HTTPConnectionPool(host='backend', port=8000): Read timed out. (read timeout=3)
  timestamp: 2026-02-18T10:12:18.930714


2026-02-18 12:13:23 UTC - cron_service - WARNING - [api_endpoints.py:health_check_endpoint:221] -
Backend health check failed
Context:
  error: HTTPConnectionPool(host='backend', port=8000): Read timed out. (read timeout=3)
  timestamp: 2026-02-18T10:13:23.900000


2026-02-18 12:13:27 UTC - cron_service - WARNING - [api_endpoints.py:health_check_endpoint:230] -
Cron status check failed
Context:
  error: HTTPConnectionPool(host='backend', port=8000): Read timed out. (read timeout=3)
  timestamp: 2026-02-18T10:13:27.319928


2026-02-18 12:14:11 UTC - cron_service - WARNING - [api_endpoints.py:health_check_endpoint:221] -
Backend health check failed
Context:
  error: HTTPConnectionPool(host='backend', port=8000): Read timed out. (read timeout=3)
  timestamp: 2026-02-18T10:14:11.473046


2026-02-18 12:14:15 UTC - cron_service - WARNING - [api_endpoints.py:health_check_endpoint:230] -
Cron status check failed
Context:
  error: HTTPConnectionPool(host='backend', port=8000): Read timed out. (read timeout=3)
  timestamp: 2026-02-18T10:14:15.026621


2026-02-18 12:15:03 UTC - cron_service - WARNING - [api_endpoints.py:health_check_endpoint:221] -
Backend health check failed
Context:
  error: HTTPConnectionPool(host='backend', port=8000): Read timed out. (read timeout=3)
  timestamp: 2026-02-18T10:15:03.379785


2026-02-18 12:15:31 UTC - cron_service - WARNING - [api_endpoints.py:health_check_endpoint:230] -
Cron status check failed
Context:
  error: HTTPConnectionPool(host='backend', port=8000): Read timed out. (read timeout=3)
  timestamp: 2026-02-18T10:15:31.389036


2026-02-18 12:16:16 UTC - cron_service - WARNING - [api_endpoints.py:health_check_endpoint:221] -
Backend health check failed
Context:
  error: HTTPConnectionPool(host='backend', port=8000): Read timed out. (read timeout=3)
  timestamp: 2026-02-18T10:16:16.950698


2026-02-18 12:16:20 UTC - cron_service - WARNING - [api_endpoints.py:health_check_endpoint:230] -
Cron status check failed
Context:
  error: HTTPConnectionPool(host='backend', port=8000): Read timed out. (read timeout=3)
  timestamp: 2026-02-18T10:16:20.301706


2026-02-18 12:16:59 UTC - cron_service - WARNING - [api_endpoints.py:health_check_endpoint:221] -
Backend health check failed
Context:
  error: HTTPConnectionPool(host='backend', port=8000): Read timed out. (read timeout=3)
  timestamp: 2026-02-18T10:16:59.495682


2026-02-18 12:17:02 UTC - cron_service - WARNING - [api_endpoints.py:health_check_endpoint:230] -
Cron status check failed
Context:
  error: HTTPConnectionPool(host='backend', port=8000): Read timed out. (read timeout=3)
  timestamp: 2026-02-18T10:17:02.645385


2026-02-18 12:17:48 UTC - cron_service - WARNING - [api_endpoints.py:health_check_endpoint:221] -
Backend health check failed
Context:
  error: HTTPConnectionPool(host='backend', port=8000): Read timed out. (read timeout=3)
  timestamp: 2026-02-18T10:17:48.618070


2026-02-18 12:17:52 UTC - cron_service - WARNING - [api_endpoints.py:health_check_endpoint:230] -
Cron status check failed
Context:
  error: HTTPConnectionPool(host='backend', port=8000): Read timed out. (read timeout=3)
  timestamp: 2026-02-18T10:17:52.530695


2026-02-18 12:18:51 UTC - cron_service - WARNING - [api_endpoints.py:health_check_endpoint:221] -
Backend health check failed
Context:
  error: HTTPConnectionPool(host='backend', port=8000): Read timed out. (read timeout=3)
  timestamp: 2026-02-18T10:18:50.992666


2026-02-18 12:18:54 UTC - cron_service - WARNING - [api_endpoints.py:health_check_endpoint:230] -
Cron status check failed
Context:
  error: HTTPConnectionPool(host='backend', port=8000): Read timed out. (read timeout=3)
  timestamp: 2026-02-18T10:18:54.085485


2026-02-18 12:19:38 UTC - cron_service - WARNING - [api_endpoints.py:health_check_endpoint:221] -
Backend health check failed
Context:
  error: HTTPConnectionPool(host='backend', port=8000): Read timed out. (read timeout=3)
  timestamp: 2026-02-18T10:19:38.294538


2026-02-18 12:19:42 UTC - cron_service - WARNING - [api_endpoints.py:health_check_endpoint:230] -
Cron status check failed
Context:
  error: HTTPConnectionPool(host='backend', port=8000): Read timed out. (read timeout=3)
  timestamp: 2026-02-18T10:19:42.202540


2026-02-18 12:20:35 UTC - cron_service - WARNING - [api_endpoints.py:health_check_endpoint:221] -
Backend health check failed
Context:
  error: HTTPConnectionPool(host='backend', port=8000): Read timed out. (read timeout=3)
  timestamp: 2026-02-18T10:20:35.678071


2026-02-18 12:20:39 UTC - cron_service - WARNING - [api_endpoints.py:health_check_endpoint:230] -
Cron status check failed
Context:
  error: HTTPConnectionPool(host='backend', port=8000): Read timed out. (read timeout=3)
  timestamp: 2026-02-18T10:20:39.166093


2026-02-18 12:21:22 UTC - cron_service - WARNING - [api_endpoints.py:health_check_endpoint:221] -
Backend health check failed
Context:
  error: HTTPConnectionPool(host='backend', port=8000): Read timed out. (read timeout=3)
  timestamp: 2026-02-18T10:21:22.052199


2026-02-18 12:21:25 UTC - cron_service - WARNING - [api_endpoints.py:health_check_endpoint:230] -
Cron status check failed
Context:
  error: HTTPConnectionPool(host='backend', port=8000): Read timed out. (read timeout=3)
  timestamp: 2026-02-18T10:21:25.385414


2026-02-18 12:22:13 UTC - cron_service - WARNING - [api_endpoints.py:health_check_endpoint:221] -
Backend health check failed
Context:
  error: HTTPConnectionPool(host='backend', port=8000): Read timed out. (read timeout=3)
  timestamp: 2026-02-18T10:22:13.292658


2026-02-18 12:22:16 UTC - cron_service - WARNING - [api_endpoints.py:health_check_endpoint:230] -
Cron status check failed
Context:
  error: HTTPConnectionPool(host='backend', port=8000): Read timed out. (read timeout=3)
  timestamp: 2026-02-18T10:22:16.384650


2026-02-18 12:23:00 UTC - cron_service - WARNING - [api_endpoints.py:health_check_endpoint:221] -
Backend health check failed
Context:
  error: HTTPConnectionPool(host='backend', port=8000): Read timed out. (read timeout=3)
  timestamp: 2026-02-18T10:23:00.240410


2026-02-18 12:23:04 UTC - cron_service - WARNING - [api_endpoints.py:health_check_endpoint:230] -
Cron status check failed
Context:
  error: HTTPConnectionPool(host='backend', port=8000): Read timed out. (read timeout=3)
  timestamp: 2026-02-18T10:23:04.292229


2026-02-18 12:23:43 UTC - cron_service - WARNING - [api_endpoints.py:health_check_endpoint:221] -
Backend health check failed
Context:
  error: HTTPConnectionPool(host='backend', port=8000): Read timed out. (read timeout=3)
  timestamp: 2026-02-18T10:23:43.098311


2026-02-18 12:23:46 UTC - cron_service - WARNING - [api_endpoints.py:health_check_endpoint:230] -
Cron status check failed
Context:
  error: HTTPConnectionPool(host='backend', port=8000): Read timed out. (read timeout=3)
  timestamp: 2026-02-18T10:23:46.220367


2026-02-18 12:24:55 UTC - cron_service - WARNING - [api_endpoints.py:health_check_endpoint:221] -
Backend health check failed
Context:
  error: HTTPConnectionPool(host='backend', port=8000): Read timed out. (read timeout=3)
  timestamp: 2026-02-18T10:24:54.781114


2026-02-18 12:24:58 UTC - cron_service - WARNING - [api_endpoints.py:health_check_endpoint:230] -
Cron status check failed
Context:
  error: HTTPConnectionPool(host='backend', port=8000): Read timed out. (read timeout=3)
  timestamp: 2026-02-18T10:24:58.202610


2026-02-18 12:25:49 UTC - cron_service - WARNING - [api_endpoints.py:health_check_endpoint:221] -
Backend health check failed
Context:
  error: HTTPConnectionPool(host='backend', port=8000): Read timed out. (read timeout=3)
  timestamp: 2026-02-18T10:25:49.070304


2026-02-18 12:25:52 UTC - cron_service - WARNING - [api_endpoints.py:health_check_endpoint:230] -
Cron status check failed
Context:
  error: HTTPConnectionPool(host='backend', port=8000): Read timed out. (read timeout=3)
  timestamp: 2026-02-18T10:25:52.168424


2026-02-18 12:26:51 UTC - cron_service - WARNING - [api_endpoints.py:health_check_endpoint:221] -
Backend health check failed
Context:
  error: HTTPConnectionPool(host='backend', port=8000): Read timed out. (read timeout=3)
  timestamp: 2026-02-18T10:26:51.687747


2026-02-18 12:26:54 UTC - cron_service - WARNING - [api_endpoints.py:health_check_endpoint:230] -
Cron status check failed
Context:
  error: HTTPConnectionPool(host='backend', port=8000): Read timed out. (read timeout=3)
  timestamp: 2026-02-18T10:26:54.771583


2026-02-18 12:27:43 UTC - cron_service - WARNING - [api_endpoints.py:health_check_endpoint:221] -
Backend health check failed
Context:
  error: HTTPConnectionPool(host='backend', port=8000): Read timed out. (read timeout=3)
  timestamp: 2026-02-18T10:27:43.390668


2026-02-18 12:27:46 UTC - cron_service - WARNING - [api_endpoints.py:health_check_endpoint:230] -
Cron status check failed
Context:
  error: HTTPConnectionPool(host='backend', port=8000): Read timed out. (read timeout=3)
  timestamp: 2026-02-18T10:27:46.522141


2026-02-18 12:29:01 UTC - cron_service - WARNING - [api_endpoints.py:health_check_endpoint:221] -
Backend health check failed
Context:
  error: HTTPConnectionPool(host='backend', port=8000): Read timed out. (read timeout=3)
  timestamp: 2026-02-18T10:29:00.879105


2026-02-18 12:29:05 UTC - cron_service - WARNING - [api_endpoints.py:health_check_endpoint:230] -
Cron status check failed
Context:
  error: HTTPConnectionPool(host='backend', port=8000): Read timed out. (read timeout=3)
  timestamp: 2026-02-18T10:29:05.133328


2026-02-18 12:29:45 UTC - cron_service - WARNING - [api_endpoints.py:health_check_endpoint:221] -
Backend health check failed
Context:
  error: HTTPConnectionPool(host='backend', port=8000): Read timed out. (read timeout=3)
  timestamp: 2026-02-18T10:29:45.458474


2026-02-18 12:29:48 UTC - cron_service - WARNING - [api_endpoints.py:health_check_endpoint:230] -
Cron status check failed
Context:
  error: HTTPConnectionPool(host='backend', port=8000): Read timed out. (read timeout=3)
  timestamp: 2026-02-18T10:29:48.777076


2026-02-18 12:30:23 UTC - cron_service - WARNING - [api_endpoints.py:health_check_endpoint:221] -
Backend health check failed
Context:
  error: HTTPConnectionPool(host='backend', port=8000): Read timed out. (read timeout=3)
  timestamp: 2026-02-18T10:30:23.406277


2026-02-18 12:30:26 UTC - cron_service - WARNING - [api_endpoints.py:health_check_endpoint:230] -
Cron status check failed
Context:
  error: HTTPConnectionPool(host='backend', port=8000): Read timed out. (read timeout=3)
  timestamp: 2026-02-18T10:30:26.498876


2026-02-18 12:31:03 UTC - cron_service - WARNING - [api_endpoints.py:health_check_endpoint:221] -
Backend health check failed
Context:
  error: HTTPConnectionPool(host='backend', port=8000): Read timed out. (read timeout=3)
  timestamp: 2026-02-18T10:31:03.197254


2026-02-18 12:31:06 UTC - cron_service - WARNING - [api_endpoints.py:health_check_endpoint:230] -
Cron status check failed
Context:
  error: HTTPConnectionPool(host='backend', port=8000): Read timed out. (read timeout=3)
  timestamp: 2026-02-18T10:31:06.425811


2026-02-18 12:32:00 UTC - cron_service - WARNING - [api_endpoints.py:health_check_endpoint:221] -
Backend health check failed
Context:
  error: HTTPConnectionPool(host='backend', port=8000): Read timed out. (read timeout=3)
  timestamp: 2026-02-18T10:32:00.696828


2026-02-18 12:32:03 UTC - cron_service - WARNING - [api_endpoints.py:health_check_endpoint:230] -
Cron status check failed
Context:
  error: HTTPConnectionPool(host='backend', port=8000): Read timed out. (read timeout=3)
  timestamp: 2026-02-18T10:32:03.785723


2026-02-18 12:33:06 UTC - cron_service - WARNING - [api_endpoints.py:health_check_endpoint:221] -
Backend health check failed
Context:
  error: HTTPConnectionPool(host='backend', port=8000): Read timed out. (read timeout=3)
  timestamp: 2026-02-18T10:33:03.765366


2026-02-18 12:33:09 UTC - cron_service - WARNING - [api_endpoints.py:health_check_endpoint:230] -
Cron status check failed
Context:
  error: HTTPConnectionPool(host='backend', port=8000): Read timed out. (read timeout=3)
  timestamp: 2026-02-18T10:33:09.299530


2026-02-18 12:33:54 UTC - cron_service - WARNING - [api_endpoints.py:health_check_endpoint:221] -
Backend health check failed
Context:
  error: HTTPConnectionPool(host='backend', port=8000): Read timed out. (read timeout=3)
  timestamp: 2026-02-18T10:33:53.935208


2026-02-18 12:33:57 UTC - cron_service - WARNING - [api_endpoints.py:health_check_endpoint:230] -
Cron status check failed
Context:
  error: HTTPConnectionPool(host='backend', port=8000): Read timed out. (read timeout=3)
  timestamp: 2026-02-18T10:33:57.184999


2026-02-18 12:34:44 UTC - cron_service - WARNING - [api_endpoints.py:health_check_endpoint:221] -
Backend health check failed
Context:
  error: HTTPConnectionPool(host='backend', port=8000): Read timed out. (read timeout=3)
  timestamp: 2026-02-18T10:34:44.612942


2026-02-18 12:34:50 UTC - cron_service - WARNING - [api_endpoints.py:health_check_endpoint:230] -
Cron status check failed
Context:
  error: HTTPConnectionPool(host='backend', port=8000): Read timed out. (read timeout=3)
  timestamp: 2026-02-18T10:34:49.155900


2026-02-18 12:35:48 UTC - cron_service - WARNING - [api_endpoints.py:health_check_endpoint:221] -
Backend health check failed
Context:
  error: HTTPConnectionPool(host='backend', port=8000): Read timed out. (read timeout=3)
  timestamp: 2026-02-18T10:35:48.881165


2026-02-18 12:35:52 UTC - cron_service - WARNING - [api_endpoints.py:health_check_endpoint:230] -
Cron status check failed
Context:
  error: HTTPConnectionPool(host='backend', port=8000): Read timed out. (read timeout=3)
  timestamp: 2026-02-18T10:35:52.321934


2026-02-18 12:36:46 UTC - cron_service - WARNING - [api_endpoints.py:health_check_endpoint:221] -
Backend health check failed
Context:
  error: HTTPConnectionPool(host='backend', port=8000): Read timed out. (read timeout=3)
  timestamp: 2026-02-18T10:36:46.274487


2026-02-18 12:36:49 UTC - cron_service - WARNING - [api_endpoints.py:health_check_endpoint:230] -
Cron status check failed
Context:
  error: HTTPConnectionPool(host='backend', port=8000): Read timed out. (read timeout=3)
  timestamp: 2026-02-18T10:36:49.371310


2026-02-18 12:37:30 UTC - cron_service - WARNING - [api_endpoints.py:health_check_endpoint:221] -
Backend health check failed
Context:
  error: HTTPConnectionPool(host='backend', port=8000): Read timed out. (read timeout=3)
  timestamp: 2026-02-18T10:37:30.238098


2026-02-18 12:37:33 UTC - cron_service - WARNING - [api_endpoints.py:health_check_endpoint:230] -
Cron status check failed
Context:
  error: HTTPConnectionPool(host='backend', port=8000): Read timed out. (read timeout=3)
  timestamp: 2026-02-18T10:37:33.328231


2026-02-18 12:38:10 UTC - cron_service - WARNING - [api_endpoints.py:health_check_endpoint:221] -
Backend health check failed
Context:
  error: HTTPConnectionPool(host='backend', port=8000): Read timed out. (read timeout=3)
  timestamp: 2026-02-18T10:38:10.176431


2026-02-18 12:38:13 UTC - cron_service - WARNING - [api_endpoints.py:health_check_endpoint:230] -
Cron status check failed
Context:
  error: HTTPConnectionPool(host='backend', port=8000): Read timed out. (read timeout=3)
  timestamp: 2026-02-18T10:38:13.257252


2026-02-18 12:39:09 UTC - cron_service - WARNING - [api_endpoints.py:health_check_endpoint:221] -
Backend health check failed
Context:
  error: HTTPConnectionPool(host='backend', port=8000): Read timed out. (read timeout=3)
  timestamp: 2026-02-18T10:39:09.225062


2026-02-18 12:39:12 UTC - cron_service - WARNING - [api_endpoints.py:health_check_endpoint:230] -
Cron status check failed
Context:
  error: HTTPConnectionPool(host='backend', port=8000): Read timed out. (read timeout=3)
  timestamp: 2026-02-18T10:39:12.321013


2026-02-18 12:39:51 UTC - cron_service - WARNING - [api_endpoints.py:health_check_endpoint:221] -
Backend health check failed
Context:
  error: HTTPConnectionPool(host='backend', port=8000): Read timed out. (read timeout=3)
  timestamp: 2026-02-18T10:39:51.080886


2026-02-18 12:39:54 UTC - cron_service - WARNING - [api_endpoints.py:health_check_endpoint:230] -
Cron status check failed
Context:
  error: HTTPConnectionPool(host='backend', port=8000): Read timed out. (read timeout=3)
  timestamp: 2026-02-18T10:39:54.176225


2026-02-18 12:40:29 UTC - cron_service - WARNING - [api_endpoints.py:health_check_endpoint:221] -
Backend health check failed
Context:
  error: HTTPConnectionPool(host='backend', port=8000): Read timed out. (read timeout=3)
  timestamp: 2026-02-18T10:40:29.468782


2026-02-18 12:40:32 UTC - cron_service - WARNING - [api_endpoints.py:health_check_endpoint:230] -
Cron status check failed
Context:
  error: HTTPConnectionPool(host='backend', port=8000): Read timed out. (read timeout=3)
  timestamp: 2026-02-18T10:40:32.682554


2026-02-18 12:41:07 UTC - cron_service - WARNING - [api_endpoints.py:health_check_endpoint:221] -
Backend health check failed
Context:
  error: HTTPConnectionPool(host='backend', port=8000): Read timed out. (read timeout=3)
  timestamp: 2026-02-18T10:41:07.277659


2026-02-18 12:41:31 UTC - cron_service - WARNING - [api_endpoints.py:health_check_endpoint:230] -
Cron status check failed
Context:
  error: HTTPConnectionPool(host='backend', port=8000): Read timed out. (read timeout=3)
  timestamp: 2026-02-18T10:41:30.117122


2026-02-18 12:42:15 UTC - cron_service - WARNING - [api_endpoints.py:health_check_endpoint:221] -
Backend health check failed
Context:
  error: HTTPConnectionPool(host='backend', port=8000): Read timed out. (read timeout=3)
  timestamp: 2026-02-18T10:42:15.711156


2026-02-18 12:42:18 UTC - cron_service - WARNING - [api_endpoints.py:health_check_endpoint:230] -
Cron status check failed
Context:
  error: HTTPConnectionPool(host='backend', port=8000): Read timed out. (read timeout=3)
  timestamp: 2026-02-18T10:42:18.824865


2026-02-18 12:43:16 UTC - cron_service - WARNING - [api_endpoints.py:health_check_endpoint:221] -
Backend health check failed
Context:
  error: HTTPConnectionPool(host='backend', port=8000): Read timed out. (read timeout=3)
  timestamp: 2026-02-18T10:43:16.918701


2026-02-18 12:43:20 UTC - cron_service - WARNING - [api_endpoints.py:health_check_endpoint:230] -
Cron status check failed
Context:
  error: HTTPConnectionPool(host='backend', port=8000): Read timed out. (read timeout=3)
  timestamp: 2026-02-18T10:43:20.073316


2026-02-18 12:44:13 UTC - cron_service - WARNING - [api_endpoints.py:health_check_endpoint:221] -
Backend health check failed
Context:
  error: HTTPConnectionPool(host='backend', port=8000): Read timed out. (read timeout=3)
  timestamp: 2026-02-18T10:44:12.996557


2026-02-18 12:44:16 UTC - cron_service - WARNING - [api_endpoints.py:health_check_endpoint:230] -
Cron status check failed
Context:
  error: HTTPConnectionPool(host='backend', port=8000): Read timed out. (read timeout=3)
  timestamp: 2026-02-18T10:44:16.155584


2026-02-18 12:45:03 UTC - cron_service - WARNING - [api_endpoints.py:health_check_endpoint:221] -
Backend health check failed
Context:
  error: HTTPConnectionPool(host='backend', port=8000): Read timed out. (read timeout=3)
  timestamp: 2026-02-18T10:45:03.133316


2026-02-18 12:45:06 UTC - cron_service - WARNING - [api_endpoints.py:health_check_endpoint:230] -
Cron status check failed
Context:
  error: HTTPConnectionPool(host='backend', port=8000): Read timed out. (read timeout=3)
  timestamp: 2026-02-18T10:45:06.238073


2026-02-18 12:46:02 UTC - cron_service - WARNING - [api_endpoints.py:health_check_endpoint:221] -
Backend health check failed
Context:
  error: HTTPConnectionPool(host='backend', port=8000): Read timed out. (read timeout=3)
  timestamp: 2026-02-18T10:46:02.753112


2026-02-18 12:46:05 UTC - cron_service - WARNING - [api_endpoints.py:health_check_endpoint:230] -
Cron status check failed
Context:
  error: HTTPConnectionPool(host='backend', port=8000): Read timed out. (read timeout=3)
  timestamp: 2026-02-18T10:46:05.857805


2026-02-18 12:46:49 UTC - cron_service - WARNING - [api_endpoints.py:health_check_endpoint:221] -
Backend health check failed
Context:
  error: HTTPConnectionPool(host='backend', port=8000): Read timed out. (read timeout=3)
  timestamp: 2026-02-18T10:46:49.706160


2026-02-18 12:46:52 UTC - cron_service - WARNING - [api_endpoints.py:health_check_endpoint:230] -
Cron status check failed
Context:
  error: HTTPConnectionPool(host='backend', port=8000): Read timed out. (read timeout=3)
  timestamp: 2026-02-18T10:46:52.845277


2026-02-18 12:47:36 UTC - cron_service - WARNING - [api_endpoints.py:health_check_endpoint:221] -
Backend health check failed
Context:
  error: HTTPConnectionPool(host='backend', port=8000): Read timed out. (read timeout=3)
  timestamp: 2026-02-18T10:47:36.358760


2026-02-18 12:47:39 UTC - cron_service - WARNING - [api_endpoints.py:health_check_endpoint:230] -
Cron status check failed
Context:
  error: HTTPConnectionPool(host='backend', port=8000): Read timed out. (read timeout=3)
  timestamp: 2026-02-18T10:47:39.560553


2026-02-18 12:49:03 UTC - cron_service - INFO - [unknown:unknown:0] -
Logging service initialized - log rotation: 9.5MB max, backup count: 100, cleanup scheduled via cron service at 02:00 AM daily (14 days retention)


2026-02-18 12:49:03 UTC - cron_service - INFO - [main.py:<module>:181] -
Arrr! Starting cron service...


2026-02-18 12:49:03 UTC - cron_service - INFO - [scheduler.py:setup_jobs:32] -
Arrr! TEST: Weekly combinations OPTIMIZED job scheduled to run at 10:51 UTC (in 2 minutes)!
Context:
  test_time_utc: 10:51
  current_time_utc: 2026-02-18T10:49:03.520180+00:00
  scheduled_in_minutes: 2
  endpoint: /cron/generate-weekly-combinations-optimized
  timestamp: 2026-02-18T10:49:03.522658


2026-02-18 12:49:03 UTC - cron_service - INFO - [scheduler.py:setup_jobs:78] -
Arrr! All jobs scheduled successfully!
Context:
  current_time_utc: 2026-02-18T10:49:03.523892+00:00
  scheduled_jobs: 5
  timestamp: 2026-02-18T10:49:03.524935


2026-02-18 12:49:03 UTC - cron_service - INFO - [scheduler.py:setup_jobs:101] -
Arrr! Job scheduled: generate-weekly-combinations-optimized
Context:
  job_name: generate-weekly-combinations-optimized
  next_run_utc: 2026-02-18T10:51:00+00:00
  days_until_run: 0
  hours_until_run: 0
  timestamp: 2026-02-18T10:49:03.528098


2026-02-18 12:49:03 UTC - cron_service - INFO - [scheduler.py:setup_jobs:101] -
Arrr! Job scheduled: fetch-latest-draw
Context:
  job_name: fetch-latest-draw
  next_run_utc: 2026-02-19T03:00:00+00:00
  days_until_run: 0
  hours_until_run: 16
  timestamp: 2026-02-18T10:49:03.530918


2026-02-18 12:49:03 UTC - cron_service - INFO - [scheduler.py:setup_jobs:101] -
Arrr! Job scheduled: best-model-tables-and-email
Context:
  job_name: best-model-tables-and-email
  next_run_utc: 2026-02-22T14:00:00+00:00
  days_until_run: 4
  hours_until_run: 99
  timestamp: 2026-02-18T10:49:03.534876


2026-02-18 12:49:03 UTC - cron_service - INFO - [scheduler.py:setup_jobs:101] -
Arrr! Job scheduled: cleanup-system
Context:
  job_name: cleanup-system
  next_run_utc: 2026-02-19T02:00:00+00:00
  days_until_run: 0
  hours_until_run: 15
  timestamp: 2026-02-18T10:49:03.538786


2026-02-18 12:49:03 UTC - cron_service - INFO - [scheduler.py:setup_jobs:101] -
Arrr! Job scheduled: backup-database
Context:
  job_name: backup-database
  next_run_utc: 2026-02-22T02:00:00+00:00
  days_until_run: 3
  hours_until_run: 87
  timestamp: 2026-02-18T10:49:03.541729


2026-02-18 12:49:03 UTC - cron_service - INFO - [scheduler.py:run_scheduler:280] -
Arrr! Scheduler thread started!
Context:
  current_time_utc: 2026-02-18T10:49:03.543202+00:00
  scheduled_jobs_count: 5
  timestamp: 2026-02-18T10:49:03.550736


2026-02-18 12:49:13 UTC - cron_service - WARNING - [api_endpoints.py:health_check_endpoint:221] -
Backend health check failed
Context:
  error: HTTPConnectionPool(host='backend', port=8000): Read timed out. (read timeout=3)
  timestamp: 2026-02-18T10:49:13.127485


2026-02-18 12:49:16 UTC - cron_service - WARNING - [api_endpoints.py:health_check_endpoint:230] -
Cron status check failed
Context:
  error: HTTPConnectionPool(host='backend', port=8000): Read timed out. (read timeout=3)
  timestamp: 2026-02-18T10:49:16.258666


2026-02-18 12:49:57 UTC - cron_service - WARNING - [api_endpoints.py:health_check_endpoint:221] -
Backend health check failed
Context:
  error: HTTPConnectionPool(host='backend', port=8000): Read timed out. (read timeout=3)
  timestamp: 2026-02-18T10:49:57.897168


2026-02-18 12:50:01 UTC - cron_service - WARNING - [api_endpoints.py:health_check_endpoint:230] -
Cron status check failed
Context:
  error: HTTPConnectionPool(host='backend', port=8000): Read timed out. (read timeout=3)
  timestamp: 2026-02-18T10:50:01.092492


2026-02-18 12:50:45 UTC - cron_service - WARNING - [api_endpoints.py:health_check_endpoint:221] -
Backend health check failed
Context:
  error: HTTPConnectionPool(host='backend', port=8000): Read timed out. (read timeout=3)
  timestamp: 2026-02-18T10:50:45.847029


2026-02-18 12:50:48 UTC - cron_service - WARNING - [api_endpoints.py:health_check_endpoint:230] -
Cron status check failed
Context:
  error: HTTPConnectionPool(host='backend', port=8000): Read timed out. (read timeout=3)
  timestamp: 2026-02-18T10:50:48.932646


2026-02-18 12:51:24 UTC - cron_service - INFO - [scheduler.py:_run_job_with_error_handling:115] -
Arrr! Starting scheduled job: generate-weekly-combinations-optimized
Context:
  job_name: generate-weekly-combinations-optimized
  triggered_at_utc: 2026-02-18T10:51:24.605094+00:00
  timestamp: 2026-02-18T10:51:24.661379


2026-02-18 12:51:24 UTC - cron_service - INFO - [api_endpoints.py:call_backend_endpoint:28] -
Arrr! Attempting to call backend endpoint: http://backend:8000/cron/generate-weekly-combinations-optimized (attempt 1/3)


2026-02-18 12:51:31 UTC - cron_service - WARNING - [api_endpoints.py:health_check_endpoint:221] -
Backend health check failed
Context:
  error: HTTPConnectionPool(host='backend', port=8000): Read timed out. (read timeout=3)
  timestamp: 2026-02-18T10:51:31.259242


2026-02-18 12:51:34 UTC - cron_service - WARNING - [api_endpoints.py:health_check_endpoint:230] -
Cron status check failed
Context:
  error: HTTPConnectionPool(host='backend', port=8000): Read timed out. (read timeout=3)
  timestamp: 2026-02-18T10:51:34.438972


2026-02-18 12:52:09 UTC - cron_service - WARNING - [api_endpoints.py:call_backend_endpoint:38] -
Arrr! Backend health check failed (attempt 1/3), retrying...
Context:
  error: HTTPConnectionPool(host='backend', port=8000): Read timed out. (read timeout=30)
  url: http://backend:8000/health
  retry_in_seconds: 5
  timestamp: 2026-02-18T10:52:09.330188


2026-02-18 12:52:15 UTC - cron_service - INFO - [api_endpoints.py:call_backend_endpoint:28] -
Arrr! Attempting to call backend endpoint: http://backend:8000/cron/generate-weekly-combinations-optimized (attempt 2/3)


2026-02-18 12:52:16 UTC - cron_service - WARNING - [api_endpoints.py:health_check_endpoint:221] -
Backend health check failed
Context:
  error: HTTPConnectionPool(host='backend', port=8000): Read timed out. (read timeout=3)
  timestamp: 2026-02-18T10:52:16.590054


2026-02-18 12:52:19 UTC - cron_service - WARNING - [api_endpoints.py:health_check_endpoint:230] -
Cron status check failed
Context:
  error: HTTPConnectionPool(host='backend', port=8000): Read timed out. (read timeout=3)
  timestamp: 2026-02-18T10:52:19.728983


2026-02-18 12:52:52 UTC - cron_service - WARNING - [api_endpoints.py:call_backend_endpoint:38] -
Arrr! Backend health check failed (attempt 2/3), retrying...
Context:
  error: HTTPConnectionPool(host='backend', port=8000): Read timed out. (read timeout=30)
  url: http://backend:8000/health
  retry_in_seconds: 5
  timestamp: 2026-02-18T10:52:52.253221


2026-02-18 12:52:57 UTC - cron_service - INFO - [api_endpoints.py:call_backend_endpoint:28] -
Arrr! Attempting to call backend endpoint: http://backend:8000/cron/generate-weekly-combinations-optimized (attempt 3/3)


2026-02-18 12:53:04 UTC - cron_service - WARNING - [api_endpoints.py:health_check_endpoint:221] -
Backend health check failed
Context:
  error: HTTPConnectionPool(host='backend', port=8000): Read timed out. (read timeout=3)
  timestamp: 2026-02-18T10:53:04.929931


2026-02-18 12:53:31 UTC - cron_service - ERROR - [api_endpoints.py:call_backend_endpoint:49] -
Arrr! Backend health check failed after all retries!
Context:
  error: HTTPConnectionPool(host='backend', port=8000): Read timed out. (read timeout=30)
  url: http://backend:8000/health
  total_attempts: 3
  timestamp: 2026-02-18T10:53:30.576214


2026-02-18 12:53:31 UTC - cron_service - ERROR - [api_endpoints.py:call_backend_endpoint:155] -
Arrr! Timeout calling endpoint after all retries!
Context:
  error: HTTPConnectionPool(host='backend', port=8000): Read timed out. (read timeout=30)
  endpoint: /cron/generate-weekly-combinations-optimized
  backend_url: http://backend:8000
  total_attempts: 3
  timestamp: 2026-02-18T10:53:31.969564


2026-02-18 12:53:31 UTC - cron_service - WARNING - [api_endpoints.py:health_check_endpoint:230] -
Cron status check failed
Context:
  error: HTTPConnectionPool(host='backend', port=8000): Read timed out. (read timeout=3)
  timestamp: 2026-02-18T10:53:31.976785


2026-02-18 12:53:32 UTC - cron_service - ERROR - [error_handler.py:handle_job_error:28] -
Arrr! Cron job 'generate-weekly-combinations-optimized' failed!
Context:
  job_name: generate-weekly-combinations-optimized
  error: HTTPConnectionPool(host='backend', port=8000): Read timed out. (read timeout=30)
  error_type: ReadTimeout
  traceback: Traceback (most recent call last):
  File "/usr/local/lib/python3.11/site-packages/urllib3/connectionpool.py", line 534, in _make_request
    response = conn.getresponse()
               ^^^^^^^^^^^^^^^^^^
  File "/usr/local/lib/python3.11/site-packages/urllib3/connection.py", line 565, in getresponse
    httplib_response = super().getresponse()
                       ^^^^^^^^^^^^^^^^^^^^^
  File "/usr/local/lib/python3.11/http/client.py", line 1395, in getresponse
    response.begin()
  File "/usr/local/lib/python3.11/http/client.py", line 325, in begin
    version, status, reason = self._read_status()
                              ^^^^^^^^^^^^^^^^^^^
  File "/usr/local/lib/python3.11/http/client.py", line 286, in _read_status
    line = str(self.fp.readline(_MAXLINE + 1), "iso-8859-1")
               ^^^^^^^^^^^^^^^^^^^^^^^^^^^^^^
  File "/usr/local/lib/python3.11/socket.py", line 718, in readinto
    return self._sock.recv_into(b)
           ^^^^^^^^^^^^^^^^^^^^^^^
TimeoutError: timed out

The above exception was the direct cause of the following exception:

Traceback (most recent call last):
  File "/usr/local/lib/python3.11/site-packages/requests/adapters.py", line 486, in send
    resp = conn.urlopen(
           ^^^^^^^^^^^^^
  File "/usr/local/lib/python3.11/site-packages/urllib3/connectionpool.py", line 841, in urlopen
    retries = retries.increment(
              ^^^^^^^^^^^^^^^^^^
  File "/usr/local/lib/python3.11/site-packages/urllib3/util/retry.py", line 474, in increment
    raise reraise(type(error), error, _stacktrace)
          ^^^^^^^^^^^^^^^^^^^^^^^^^^^^^^^^^^^^^^^^
  File "/usr/local/lib/python3.11/site-packages/urllib3/util/util.py", line 39, in reraise
    raise value
  File "/usr/local/lib/python3.11/site-packages/urllib3/connectionpool.py", line 787, in urlopen
    response = self._make_request(
               ^^^^^^^^^^^^^^^^^^^
  File "/usr/local/lib/python3.11/site-packages/urllib3/connectionpool.py", line 536, in _make_request
    self._raise_timeout(err=e, url=url, timeout_value=read_timeout)
  File "/usr/local/lib/python3.11/site-packages/urllib3/connectionpool.py", line 367, in _raise_timeout
    raise ReadTimeoutError(
urllib3.exceptions.ReadTimeoutError: HTTPConnectionPool(host='backend', port=8000): Read timed out. (read timeout=30)

During handling of the above exception, another exception occurred:

Traceback (most recent call last):
  File "/app/cron/scheduler.py", line 121, in _run_job_with_error_handling
    job_function()
  File "/app/cron/scheduler.py", line 29, in <lambda>
    lambda: call_backend_endpoint("/cron/generate-weekly-combinations-optimized", last_successful_job),
            ^^^^^^^^^^^^^^^^^^^^^^^^^^^^^^^^^^^^^^^^^^^^^^^^^^^^^^^^^^^^^^^^^^^^^^^^^^^^^^^^^^^^^^^^^^
  File "/app/cron/api_endpoints.py", line 33, in call_backend_endpoint
    health_check = requests.get(f"{backend_url}/health", timeout=30)
                   ^^^^^^^^^^^^^^^^^^^^^^^^^^^^^^^^^^^^^^^^^^^^^^^^^
  File "/usr/local/lib/python3.11/site-packages/requests/api.py", line 73, in get
    return request("get", url, params=params, **kwargs)
           ^^^^^^^^^^^^^^^^^^^^^^^^^^^^^^^^^^^^^^^^^^^^
  File "/usr/local/lib/python3.11/site-packages/requests/api.py", line 59, in request
    return session.request(method=method, url=url, **kwargs)
           ^^^^^^^^^^^^^^^^^^^^^^^^^^^^^^^^^^^^^^^^^^^^^^^^^
  File "/usr/local/lib/python3.11/site-packages/requests/sessions.py", line 589, in request
    resp = self.send(prep, **send_kwargs)
           ^^^^^^^^^^^^^^^^^^^^^^^^^^^^^^
  File "/usr/local/lib/python3.11/site-packages/requests/sessions.py", line 703, in send
    r = adapter.send(request, **kwargs)
        ^^^^^^^^^^^^^^^^^^^^^^^^^^^^^^^
  File "/usr/local/lib/python3.11/site-packages/requests/adapters.py", line 532, in send
    raise ReadTimeout(e, request=request)
requests.exceptions.ReadTimeout: HTTPConnectionPool(host='backend', port=8000): Read timed out. (read timeout=30)

  context:
    last_successful_job: None
    scheduled_time: 2026-02-18T10:53:31.980629
    job_type: scheduled
    failure_count: 1
  timestamp: 2026-02-18T10:53:32.176395


2026-02-18 12:54:09 UTC - cron_service - ERROR - [error_handler.py:_send_error_notification:78] -
Arrr! Failed to send error notification!
Context:
  job_name: generate-weekly-combinations-optimized
  notification_error: HTTPConnectionPool(host='email-service', port=8000): Read timed out. (read timeout=30)
  timestamp: 2026-02-18T10:54:09.412640


2026-02-18 12:54:09 UTC - cron_service - ERROR - [error_handler.py:handle_job_error:45] -
Arrr! Failed to send error notification for job 'generate-weekly-combinations-optimized'!
Context:
  original_error: HTTPConnectionPool(host='backend', port=8000): Read timed out. (read timeout=30)
  notification_error: HTTPConnectionPool(host='email-service', port=8000): Read timed out. (read timeout=30)
  timestamp: 2026-02-18T10:54:09.838014


2026-02-18 12:54:09 UTC - cron_service - ERROR - [scheduler.py:run_scheduler:326] -
Arrr! Error in scheduler loop!
Context:
  error: HTTPConnectionPool(host='backend', port=8000): Read timed out. (read timeout=30)
  consecutive_errors: 1
  max_consecutive_errors: 5
  timestamp: 2026-02-18T10:54:09.847309


2026-02-18 12:54:14 UTC - cron_service - WARNING - [api_endpoints.py:health_check_endpoint:221] -
Backend health check failed
Context:
  error: HTTPConnectionPool(host='backend', port=8000): Read timed out. (read timeout=3)
  timestamp: 2026-02-18T10:54:14.829071


2026-02-18 12:54:17 UTC - cron_service - WARNING - [api_endpoints.py:health_check_endpoint:230] -
Cron status check failed
Context:
  error: HTTPConnectionPool(host='backend', port=8000): Read timed out. (read timeout=3)
  timestamp: 2026-02-18T10:54:17.926393


2026-02-18 12:54:54 UTC - cron_service - WARNING - [api_endpoints.py:health_check_endpoint:221] -
Backend health check failed
Context:
  error: HTTPConnectionPool(host='backend', port=8000): Read timed out. (read timeout=3)
  timestamp: 2026-02-18T10:54:54.649236


2026-02-18 12:54:57 UTC - cron_service - WARNING - [api_endpoints.py:health_check_endpoint:230] -
Cron status check failed
Context:
  error: HTTPConnectionPool(host='backend', port=8000): Read timed out. (read timeout=3)
  timestamp: 2026-02-18T10:54:57.898826


2026-02-18 12:55:28 UTC - cron_service - INFO - [scheduler.py:_run_job_with_error_handling:115] -
Arrr! Starting scheduled job: generate-weekly-combinations-optimized
Context:
  job_name: generate-weekly-combinations-optimized
  triggered_at_utc: 2026-02-18T10:55:27.901961+00:00
  timestamp: 2026-02-18T10:55:28.091298


2026-02-18 12:55:28 UTC - cron_service - INFO - [api_endpoints.py:call_backend_endpoint:28] -
Arrr! Attempting to call backend endpoint: http://backend:8000/cron/generate-weekly-combinations-optimized (attempt 1/3)


2026-02-18 12:55:46 UTC - cron_service - INFO - [unknown:unknown:0] -
Logging service initialized - log rotation: 9.5MB max, backup count: 100, cleanup scheduled via cron service at 02:00 AM daily (14 days retention)


2026-02-18 12:55:47 UTC - cron_service - INFO - [main.py:<module>:181] -
Arrr! Starting cron service...


2026-02-18 12:55:47 UTC - cron_service - INFO - [scheduler.py:setup_jobs:32] -
Arrr! TEST: Weekly combinations OPTIMIZED job scheduled to run at 10:57 UTC (in 2 minutes)!
Context:
  test_time_utc: 10:57
  current_time_utc: 2026-02-18T10:55:47.180221+00:00
  scheduled_in_minutes: 2
  endpoint: /cron/generate-weekly-combinations-optimized
  timestamp: 2026-02-18T10:55:47.184218


2026-02-18 12:55:47 UTC - cron_service - INFO - [scheduler.py:setup_jobs:78] -
Arrr! All jobs scheduled successfully!
Context:
  current_time_utc: 2026-02-18T10:55:47.187282+00:00
  scheduled_jobs: 5
  timestamp: 2026-02-18T10:55:47.189967


2026-02-18 12:55:47 UTC - cron_service - INFO - [scheduler.py:setup_jobs:101] -
Arrr! Job scheduled: generate-weekly-combinations-optimized
Context:
  job_name: generate-weekly-combinations-optimized
  next_run_utc: 2026-02-18T10:57:00+00:00
  days_until_run: 0
  hours_until_run: 0
  timestamp: 2026-02-18T10:55:47.201788


2026-02-18 12:55:47 UTC - cron_service - INFO - [scheduler.py:setup_jobs:101] -
Arrr! Job scheduled: fetch-latest-draw
Context:
  job_name: fetch-latest-draw
  next_run_utc: 2026-02-19T03:00:00+00:00
  days_until_run: 0
  hours_until_run: 16
  timestamp: 2026-02-18T10:55:47.217457


2026-02-18 12:55:47 UTC - cron_service - INFO - [scheduler.py:setup_jobs:101] -
Arrr! Job scheduled: best-model-tables-and-email
Context:
  job_name: best-model-tables-and-email
  next_run_utc: 2026-02-22T14:00:00+00:00
  days_until_run: 4
  hours_until_run: 99
  timestamp: 2026-02-18T10:55:47.233279


2026-02-18 12:55:47 UTC - cron_service - INFO - [scheduler.py:setup_jobs:101] -
Arrr! Job scheduled: cleanup-system
Context:
  job_name: cleanup-system
  next_run_utc: 2026-02-19T02:00:00+00:00
  days_until_run: 0
  hours_until_run: 15
  timestamp: 2026-02-18T10:55:47.249914


2026-02-18 12:55:47 UTC - cron_service - INFO - [scheduler.py:setup_jobs:101] -
Arrr! Job scheduled: backup-database
Context:
  job_name: backup-database
  next_run_utc: 2026-02-22T02:00:00+00:00
  days_until_run: 3
  hours_until_run: 87
  timestamp: 2026-02-18T10:55:47.260766


2026-02-18 12:55:47 UTC - cron_service - INFO - [scheduler.py:run_scheduler:280] -
Arrr! Scheduler thread started!
Context:
  current_time_utc: 2026-02-18T10:55:47.279678+00:00
  scheduled_jobs_count: 5
  timestamp: 2026-02-18T10:55:47.294836


2026-02-18 12:56:19 UTC - cron_service - WARNING - [api_endpoints.py:health_check_endpoint:221] -
Backend health check failed
Context:
  error: HTTPConnectionPool(host='backend', port=8000): Read timed out. (read timeout=3)
  timestamp: 2026-02-18T10:56:19.838940


2026-02-18 12:56:23 UTC - cron_service - WARNING - [api_endpoints.py:health_check_endpoint:230] -
Cron status check failed
Context:
  error: HTTPConnectionPool(host='backend', port=8000): Read timed out. (read timeout=3)
  timestamp: 2026-02-18T10:56:23.100492


2026-02-18 12:57:10 UTC - cron_service - WARNING - [api_endpoints.py:health_check_endpoint:221] -
Backend health check failed
Context:
  error: HTTPConnectionPool(host='backend', port=8000): Read timed out. (read timeout=3)
  timestamp: 2026-02-18T10:57:10.451915


2026-02-18 12:57:41 UTC - cron_service - WARNING - [api_endpoints.py:health_check_endpoint:230] -
Cron status check failed
Context:
  error: HTTPConnectionPool(host='backend', port=8000): Read timed out. (read timeout=3)
  timestamp: 2026-02-18T10:57:41.772589


2026-02-18 12:58:15 UTC - cron_service - INFO - [scheduler.py:_run_job_with_error_handling:115] -
Arrr! Starting scheduled job: generate-weekly-combinations-optimized
Context:
  job_name: generate-weekly-combinations-optimized
  triggered_at_utc: 2026-02-18T10:58:14.976006+00:00
  timestamp: 2026-02-18T10:58:15.495162


2026-02-18 12:58:15 UTC - cron_service - INFO - [api_endpoints.py:call_backend_endpoint:28] -
Arrr! Attempting to call backend endpoint: http://backend:8000/cron/generate-weekly-combinations-optimized (attempt 1/3)


2026-02-18 12:58:20 UTC - cron_service - WARNING - [api_endpoints.py:health_check_endpoint:221] -
Backend health check failed
Context:
  error: HTTPConnectionPool(host='backend', port=8000): Read timed out. (read timeout=3)
  timestamp: 2026-02-18T10:58:20.021154


2026-02-18 12:58:23 UTC - cron_service - WARNING - [api_endpoints.py:health_check_endpoint:230] -
Cron status check failed
Context:
  error: HTTPConnectionPool(host='backend', port=8000): Read timed out. (read timeout=3)
  timestamp: 2026-02-18T10:58:23.100933


2026-02-18 12:58:49 UTC - cron_service - WARNING - [api_endpoints.py:call_backend_endpoint:38] -
Arrr! Backend health check failed (attempt 1/3), retrying...
Context:
  error: HTTPConnectionPool(host='backend', port=8000): Read timed out. (read timeout=30)
  url: http://backend:8000/health
  retry_in_seconds: 5
  timestamp: 2026-02-18T10:58:49.729863


2026-02-18 12:58:54 UTC - cron_service - INFO - [api_endpoints.py:call_backend_endpoint:28] -
Arrr! Attempting to call backend endpoint: http://backend:8000/cron/generate-weekly-combinations-optimized (attempt 2/3)


2026-02-18 12:58:58 UTC - cron_service - WARNING - [api_endpoints.py:health_check_endpoint:221] -
Backend health check failed
Context:
  error: HTTPConnectionPool(host='backend', port=8000): Read timed out. (read timeout=3)
  timestamp: 2026-02-18T10:58:58.431124


2026-02-18 12:59:01 UTC - cron_service - WARNING - [api_endpoints.py:health_check_endpoint:230] -
Cron status check failed
Context:
  error: HTTPConnectionPool(host='backend', port=8000): Read timed out. (read timeout=3)
  timestamp: 2026-02-18T10:59:01.570864


2026-02-18 12:59:30 UTC - cron_service - WARNING - [api_endpoints.py:call_backend_endpoint:38] -
Arrr! Backend health check failed (attempt 2/3), retrying...
Context:
  error: HTTPConnectionPool(host='backend', port=8000): Read timed out. (read timeout=30)
  url: http://backend:8000/health
  retry_in_seconds: 5
  timestamp: 2026-02-18T10:59:29.243542


2026-02-18 12:59:35 UTC - cron_service - INFO - [api_endpoints.py:call_backend_endpoint:28] -
Arrr! Attempting to call backend endpoint: http://backend:8000/cron/generate-weekly-combinations-optimized (attempt 3/3)


2026-02-18 13:00:09 UTC - cron_service - ERROR - [api_endpoints.py:call_backend_endpoint:49] -
Arrr! Backend health check failed after all retries!
Context:
  error: HTTPConnectionPool(host='backend', port=8000): Read timed out. (read timeout=30)
  url: http://backend:8000/health
  total_attempts: 3
  timestamp: 2026-02-18T11:00:09.928351


2026-02-18 13:00:09 UTC - cron_service - ERROR - [api_endpoints.py:call_backend_endpoint:155] -
Arrr! Timeout calling endpoint after all retries!
Context:
  error: HTTPConnectionPool(host='backend', port=8000): Read timed out. (read timeout=30)
  endpoint: /cron/generate-weekly-combinations-optimized
  backend_url: http://backend:8000
  total_attempts: 3
  timestamp: 2026-02-18T11:00:09.976141


2026-02-18 13:00:10 UTC - cron_service - ERROR - [error_handler.py:handle_job_error:28] -
Arrr! Cron job 'generate-weekly-combinations-optimized' failed!
Context:
  job_name: generate-weekly-combinations-optimized
  error: HTTPConnectionPool(host='backend', port=8000): Read timed out. (read timeout=30)
  error_type: ReadTimeout
  traceback: Traceback (most recent call last):
  File "/usr/local/lib/python3.11/site-packages/urllib3/connectionpool.py", line 534, in _make_request
    response = conn.getresponse()
               ^^^^^^^^^^^^^^^^^^
  File "/usr/local/lib/python3.11/site-packages/urllib3/connection.py", line 565, in getresponse
    httplib_response = super().getresponse()
                       ^^^^^^^^^^^^^^^^^^^^^
  File "/usr/local/lib/python3.11/http/client.py", line 1395, in getresponse
    response.begin()
  File "/usr/local/lib/python3.11/http/client.py", line 325, in begin
    version, status, reason = self._read_status()
                              ^^^^^^^^^^^^^^^^^^^
  File "/usr/local/lib/python3.11/http/client.py", line 286, in _read_status
    line = str(self.fp.readline(_MAXLINE + 1), "iso-8859-1")
               ^^^^^^^^^^^^^^^^^^^^^^^^^^^^^^
  File "/usr/local/lib/python3.11/socket.py", line 718, in readinto
    return self._sock.recv_into(b)
           ^^^^^^^^^^^^^^^^^^^^^^^
TimeoutError: timed out

The above exception was the direct cause of the following exception:

Traceback (most recent call last):
  File "/usr/local/lib/python3.11/site-packages/requests/adapters.py", line 486, in send
    resp = conn.urlopen(
           ^^^^^^^^^^^^^
  File "/usr/local/lib/python3.11/site-packages/urllib3/connectionpool.py", line 841, in urlopen
    retries = retries.increment(
              ^^^^^^^^^^^^^^^^^^
  File "/usr/local/lib/python3.11/site-packages/urllib3/util/retry.py", line 474, in increment
    raise reraise(type(error), error, _stacktrace)
          ^^^^^^^^^^^^^^^^^^^^^^^^^^^^^^^^^^^^^^^^
  File "/usr/local/lib/python3.11/site-packages/urllib3/util/util.py", line 39, in reraise
    raise value
  File "/usr/local/lib/python3.11/site-packages/urllib3/connectionpool.py", line 787, in urlopen
    response = self._make_request(
               ^^^^^^^^^^^^^^^^^^^
  File "/usr/local/lib/python3.11/site-packages/urllib3/connectionpool.py", line 536, in _make_request
    self._raise_timeout(err=e, url=url, timeout_value=read_timeout)
  File "/usr/local/lib/python3.11/site-packages/urllib3/connectionpool.py", line 367, in _raise_timeout
    raise ReadTimeoutError(
urllib3.exceptions.ReadTimeoutError: HTTPConnectionPool(host='backend', port=8000): Read timed out. (read timeout=30)

During handling of the above exception, another exception occurred:

Traceback (most recent call last):
  File "/app/cron/scheduler.py", line 121, in _run_job_with_error_handling
    job_function()
  File "/app/cron/scheduler.py", line 29, in <lambda>
    lambda: call_backend_endpoint("/cron/generate-weekly-combinations-optimized", last_successful_job),
            ^^^^^^^^^^^^^^^^^^^^^^^^^^^^^^^^^^^^^^^^^^^^^^^^^^^^^^^^^^^^^^^^^^^^^^^^^^^^^^^^^^^^^^^^^^
  File "/app/cron/api_endpoints.py", line 33, in call_backend_endpoint
    health_check = requests.get(f"{backend_url}/health", timeout=30)
                   ^^^^^^^^^^^^^^^^^^^^^^^^^^^^^^^^^^^^^^^^^^^^^^^^^
  File "/usr/local/lib/python3.11/site-packages/requests/api.py", line 73, in get
    return request("get", url, params=params, **kwargs)
           ^^^^^^^^^^^^^^^^^^^^^^^^^^^^^^^^^^^^^^^^^^^^
  File "/usr/local/lib/python3.11/site-packages/requests/api.py", line 59, in request
    return session.request(method=method, url=url, **kwargs)
           ^^^^^^^^^^^^^^^^^^^^^^^^^^^^^^^^^^^^^^^^^^^^^^^^^
  File "/usr/local/lib/python3.11/site-packages/requests/sessions.py", line 589, in request
    resp = self.send(prep, **send_kwargs)
           ^^^^^^^^^^^^^^^^^^^^^^^^^^^^^^
  File "/usr/local/lib/python3.11/site-packages/requests/sessions.py", line 703, in send
    r = adapter.send(request, **kwargs)
        ^^^^^^^^^^^^^^^^^^^^^^^^^^^^^^^
  File "/usr/local/lib/python3.11/site-packages/requests/adapters.py", line 532, in send
    raise ReadTimeout(e, request=request)
requests.exceptions.ReadTimeout: HTTPConnectionPool(host='backend', port=8000): Read timed out. (read timeout=30)

  context:
    last_successful_job: None
    scheduled_time: 2026-02-18T11:00:09.976608
    job_type: scheduled
    failure_count: 1
  timestamp: 2026-02-18T11:00:10.327937


2026-02-18 13:00:18 UTC - cron_service - WARNING - [api_endpoints.py:health_check_endpoint:221] -
Backend health check failed
Context:
  error: HTTPConnectionPool(host='backend', port=8000): Read timed out. (read timeout=3)
  timestamp: 2026-02-18T11:00:18.860286


2026-02-18 13:00:22 UTC - cron_service - WARNING - [api_endpoints.py:health_check_endpoint:230] -
Cron status check failed
Context:
  error: HTTPConnectionPool(host='backend', port=8000): Read timed out. (read timeout=3)
  timestamp: 2026-02-18T11:00:21.981781


2026-02-18 13:00:58 UTC - cron_service - ERROR - [error_handler.py:_send_error_notification:78] -
Arrr! Failed to send error notification!
Context:
  job_name: generate-weekly-combinations-optimized
  notification_error: HTTPConnectionPool(host='email-service', port=8000): Read timed out. (read timeout=30)
  timestamp: 2026-02-18T11:00:57.790834


2026-02-18 13:00:58 UTC - cron_service - ERROR - [error_handler.py:handle_job_error:45] -
Arrr! Failed to send error notification for job 'generate-weekly-combinations-optimized'!
Context:
  original_error: HTTPConnectionPool(host='backend', port=8000): Read timed out. (read timeout=30)
  notification_error: HTTPConnectionPool(host='email-service', port=8000): Read timed out. (read timeout=30)
  timestamp: 2026-02-18T11:00:58.047319


2026-02-18 13:00:58 UTC - cron_service - ERROR - [scheduler.py:run_scheduler:326] -
Arrr! Error in scheduler loop!
Context:
  error: HTTPConnectionPool(host='backend', port=8000): Read timed out. (read timeout=30)
  consecutive_errors: 1
  max_consecutive_errors: 5
  timestamp: 2026-02-18T11:00:58.051044


2026-02-18 13:01:02 UTC - cron_service - WARNING - [api_endpoints.py:health_check_endpoint:221] -
Backend health check failed
Context:
  error: HTTPConnectionPool(host='backend', port=8000): Read timed out. (read timeout=3)
  timestamp: 2026-02-18T11:01:02.308629


2026-02-18 13:01:05 UTC - cron_service - WARNING - [api_endpoints.py:health_check_endpoint:230] -
Cron status check failed
Context:
  error: HTTPConnectionPool(host='backend', port=8000): Read timed out. (read timeout=3)
  timestamp: 2026-02-18T11:01:05.395931


2026-02-18 13:01:45 UTC - cron_service - WARNING - [api_endpoints.py:health_check_endpoint:221] -
Backend health check failed
Context:
  error: HTTPConnectionPool(host='backend', port=8000): Read timed out. (read timeout=3)
  timestamp: 2026-02-18T11:01:45.470105


2026-02-18 13:02:19 UTC - cron_service - WARNING - [api_endpoints.py:health_check_endpoint:230] -
Cron status check failed
Context:
  error: HTTPConnectionPool(host='backend', port=8000): Read timed out. (read timeout=3)
  timestamp: 2026-02-18T11:01:48.853508


2026-02-18 13:02:19 UTC - cron_service - INFO - [scheduler.py:_run_job_with_error_handling:115] -
Arrr! Starting scheduled job: generate-weekly-combinations-optimized
Context:
  job_name: generate-weekly-combinations-optimized
  triggered_at_utc: 2026-02-18T11:02:19.301743+00:00
  timestamp: 2026-02-18T11:02:19.608066


2026-02-18 13:02:20 UTC - cron_service - INFO - [api_endpoints.py:call_backend_endpoint:28] -
Arrr! Attempting to call backend endpoint: http://backend:8000/cron/generate-weekly-combinations-optimized (attempt 1/3)


2026-02-18 13:02:57 UTC - cron_service - WARNING - [api_endpoints.py:call_backend_endpoint:38] -
Arrr! Backend health check failed (attempt 1/3), retrying...
Context:
  error: HTTPConnectionPool(host='backend', port=8000): Read timed out. (read timeout=30)
  url: http://backend:8000/health
  retry_in_seconds: 5
  timestamp: 2026-02-18T11:02:54.276267


2026-02-18 13:03:02 UTC - cron_service - INFO - [api_endpoints.py:call_backend_endpoint:28] -
Arrr! Attempting to call backend endpoint: http://backend:8000/cron/generate-weekly-combinations-optimized (attempt 2/3)


2026-02-18 13:03:04 UTC - cron_service - WARNING - [api_endpoints.py:health_check_endpoint:221] -
Backend health check failed
Context:
  error: HTTPConnectionPool(host='backend', port=8000): Read timed out. (read timeout=3)
  timestamp: 2026-02-18T11:03:04.560144


2026-02-18 13:03:07 UTC - cron_service - WARNING - [api_endpoints.py:health_check_endpoint:230] -
Cron status check failed
Context:
  error: HTTPConnectionPool(host='backend', port=8000): Read timed out. (read timeout=3)
  timestamp: 2026-02-18T11:03:07.674268


2026-02-18 13:03:52 UTC - cron_service - WARNING - [api_endpoints.py:call_backend_endpoint:38] -
Arrr! Backend health check failed (attempt 2/3), retrying...
Context:
  error: HTTPConnectionPool(host='backend', port=8000): Read timed out. (read timeout=30)
  url: http://backend:8000/health
  retry_in_seconds: 5
  timestamp: 2026-02-18T11:03:51.983908


2026-02-18 13:03:57 UTC - cron_service - INFO - [api_endpoints.py:call_backend_endpoint:28] -
Arrr! Attempting to call backend endpoint: http://backend:8000/cron/generate-weekly-combinations-optimized (attempt 3/3)


2026-02-18 13:03:58 UTC - cron_service - WARNING - [api_endpoints.py:health_check_endpoint:221] -
Backend health check failed
Context:
  error: HTTPConnectionPool(host='backend', port=8000): Read timed out. (read timeout=3)
  timestamp: 2026-02-18T11:03:58.000740


2026-02-18 13:04:01 UTC - cron_service - WARNING - [api_endpoints.py:health_check_endpoint:230] -
Cron status check failed
Context:
  error: HTTPConnectionPool(host='backend', port=8000): Read timed out. (read timeout=3)
  timestamp: 2026-02-18T11:04:01.142094


2026-02-18 13:04:34 UTC - cron_service - ERROR - [api_endpoints.py:call_backend_endpoint:49] -
Arrr! Backend health check failed after all retries!
Context:
  error: HTTPConnectionPool(host='backend', port=8000): Read timed out. (read timeout=30)
  url: http://backend:8000/health
  total_attempts: 3
  timestamp: 2026-02-18T11:04:33.699823


2026-02-18 13:04:34 UTC - cron_service - ERROR - [api_endpoints.py:call_backend_endpoint:155] -
Arrr! Timeout calling endpoint after all retries!
Context:
  error: HTTPConnectionPool(host='backend', port=8000): Read timed out. (read timeout=30)
  endpoint: /cron/generate-weekly-combinations-optimized
  backend_url: http://backend:8000
  total_attempts: 3
  timestamp: 2026-02-18T11:04:34.110171


2026-02-18 13:04:34 UTC - cron_service - ERROR - [error_handler.py:handle_job_error:28] -
Arrr! Cron job 'generate-weekly-combinations-optimized' failed!
Context:
  job_name: generate-weekly-combinations-optimized
  error: HTTPConnectionPool(host='backend', port=8000): Read timed out. (read timeout=30)
  error_type: ReadTimeout
  traceback: Traceback (most recent call last):
  File "/usr/local/lib/python3.11/site-packages/urllib3/connectionpool.py", line 534, in _make_request
    response = conn.getresponse()
               ^^^^^^^^^^^^^^^^^^
  File "/usr/local/lib/python3.11/site-packages/urllib3/connection.py", line 565, in getresponse
    httplib_response = super().getresponse()
                       ^^^^^^^^^^^^^^^^^^^^^
  File "/usr/local/lib/python3.11/http/client.py", line 1395, in getresponse
    response.begin()
  File "/usr/local/lib/python3.11/http/client.py", line 325, in begin
    version, status, reason = self._read_status()
                              ^^^^^^^^^^^^^^^^^^^
  File "/usr/local/lib/python3.11/http/client.py", line 286, in _read_status
    line = str(self.fp.readline(_MAXLINE + 1), "iso-8859-1")
               ^^^^^^^^^^^^^^^^^^^^^^^^^^^^^^
  File "/usr/local/lib/python3.11/socket.py", line 718, in readinto
    return self._sock.recv_into(b)
           ^^^^^^^^^^^^^^^^^^^^^^^
TimeoutError: timed out

The above exception was the direct cause of the following exception:

Traceback (most recent call last):
  File "/usr/local/lib/python3.11/site-packages/requests/adapters.py", line 486, in send
    resp = conn.urlopen(
           ^^^^^^^^^^^^^
  File "/usr/local/lib/python3.11/site-packages/urllib3/connectionpool.py", line 841, in urlopen
    retries = retries.increment(
              ^^^^^^^^^^^^^^^^^^
  File "/usr/local/lib/python3.11/site-packages/urllib3/util/retry.py", line 474, in increment
    raise reraise(type(error), error, _stacktrace)
          ^^^^^^^^^^^^^^^^^^^^^^^^^^^^^^^^^^^^^^^^
  File "/usr/local/lib/python3.11/site-packages/urllib3/util/util.py", line 39, in reraise
    raise value
  File "/usr/local/lib/python3.11/site-packages/urllib3/connectionpool.py", line 787, in urlopen
    response = self._make_request(
               ^^^^^^^^^^^^^^^^^^^
  File "/usr/local/lib/python3.11/site-packages/urllib3/connectionpool.py", line 536, in _make_request
    self._raise_timeout(err=e, url=url, timeout_value=read_timeout)
  File "/usr/local/lib/python3.11/site-packages/urllib3/connectionpool.py", line 367, in _raise_timeout
    raise ReadTimeoutError(
urllib3.exceptions.ReadTimeoutError: HTTPConnectionPool(host='backend', port=8000): Read timed out. (read timeout=30)

During handling of the above exception, another exception occurred:

Traceback (most recent call last):
  File "/app/cron/scheduler.py", line 121, in _run_job_with_error_handling
    job_function()
  File "/app/cron/scheduler.py", line 29, in <lambda>
    lambda: call_backend_endpoint("/cron/generate-weekly-combinations-optimized", last_successful_job),
            ^^^^^^^^^^^^^^^^^^^^^^^^^^^^^^^^^^^^^^^^^^^^^^^^^^^^^^^^^^^^^^^^^^^^^^^^^^^^^^^^^^^^^^^^^^
  File "/app/cron/api_endpoints.py", line 33, in call_backend_endpoint
    health_check = requests.get(f"{backend_url}/health", timeout=30)
                   ^^^^^^^^^^^^^^^^^^^^^^^^^^^^^^^^^^^^^^^^^^^^^^^^^
  File "/usr/local/lib/python3.11/site-packages/requests/api.py", line 73, in get
    return request("get", url, params=params, **kwargs)
           ^^^^^^^^^^^^^^^^^^^^^^^^^^^^^^^^^^^^^^^^^^^^
  File "/usr/local/lib/python3.11/site-packages/requests/api.py", line 59, in request
    return session.request(method=method, url=url, **kwargs)
           ^^^^^^^^^^^^^^^^^^^^^^^^^^^^^^^^^^^^^^^^^^^^^^^^^
  File "/usr/local/lib/python3.11/site-packages/requests/sessions.py", line 589, in request
    resp = self.send(prep, **send_kwargs)
           ^^^^^^^^^^^^^^^^^^^^^^^^^^^^^^
  File "/usr/local/lib/python3.11/site-packages/requests/sessions.py", line 703, in send
    r = adapter.send(request, **kwargs)
        ^^^^^^^^^^^^^^^^^^^^^^^^^^^^^^^
  File "/usr/local/lib/python3.11/site-packages/requests/adapters.py", line 532, in send
    raise ReadTimeout(e, request=request)
requests.exceptions.ReadTimeout: HTTPConnectionPool(host='backend', port=8000): Read timed out. (read timeout=30)

  context:
    last_successful_job: None
    scheduled_time: 2026-02-18T11:04:34.185948
    job_type: scheduled
    failure_count: 2
  timestamp: 2026-02-18T11:04:34.228286


2026-02-18 13:04:40 UTC - cron_service - WARNING - [api_endpoints.py:health_check_endpoint:221] -
Backend health check failed
Context:
  error: HTTPConnectionPool(host='backend', port=8000): Read timed out. (read timeout=3)
  timestamp: 2026-02-18T11:04:40.680119


2026-02-18 13:04:43 UTC - cron_service - WARNING - [api_endpoints.py:health_check_endpoint:230] -
Cron status check failed
Context:
  error: HTTPConnectionPool(host='backend', port=8000): Read timed out. (read timeout=3)
  timestamp: 2026-02-18T11:04:43.785414


2026-02-18 13:05:13 UTC - cron_service - ERROR - [error_handler.py:_send_error_notification:78] -
Arrr! Failed to send error notification!
Context:
  job_name: generate-weekly-combinations-optimized
  notification_error: HTTPConnectionPool(host='email-service', port=8000): Read timed out. (read timeout=30)
  timestamp: 2026-02-18T11:05:13.631334


2026-02-18 13:05:13 UTC - cron_service - ERROR - [error_handler.py:handle_job_error:45] -
Arrr! Failed to send error notification for job 'generate-weekly-combinations-optimized'!
Context:
  original_error: HTTPConnectionPool(host='backend', port=8000): Read timed out. (read timeout=30)
  notification_error: HTTPConnectionPool(host='email-service', port=8000): Read timed out. (read timeout=30)
  timestamp: 2026-02-18T11:05:13.951827


2026-02-18 13:05:13 UTC - cron_service - ERROR - [scheduler.py:run_scheduler:326] -
Arrr! Error in scheduler loop!
Context:
  error: HTTPConnectionPool(host='backend', port=8000): Read timed out. (read timeout=30)
  consecutive_errors: 2
  max_consecutive_errors: 5
  timestamp: 2026-02-18T11:05:13.956864


2026-02-18 13:05:18 UTC - cron_service - WARNING - [api_endpoints.py:health_check_endpoint:221] -
Backend health check failed
Context:
  error: HTTPConnectionPool(host='backend', port=8000): Read timed out. (read timeout=3)
  timestamp: 2026-02-18T11:05:18.963416


2026-02-18 13:05:22 UTC - cron_service - WARNING - [api_endpoints.py:health_check_endpoint:230] -
Cron status check failed
Context:
  error: HTTPConnectionPool(host='backend', port=8000): Read timed out. (read timeout=3)
  timestamp: 2026-02-18T11:05:22.087878


2026-02-18 13:06:00 UTC - cron_service - WARNING - [api_endpoints.py:health_check_endpoint:221] -
Backend health check failed
Context:
  error: HTTPConnectionPool(host='backend', port=8000): Read timed out. (read timeout=3)
  timestamp: 2026-02-18T11:06:00.702851


2026-02-18 13:06:03 UTC - cron_service - WARNING - [api_endpoints.py:health_check_endpoint:230] -
Cron status check failed
Context:
  error: HTTPConnectionPool(host='backend', port=8000): Read timed out. (read timeout=3)
  timestamp: 2026-02-18T11:06:03.800824


2026-02-18 13:06:36 UTC - cron_service - INFO - [scheduler.py:_run_job_with_error_handling:115] -
Arrr! Starting scheduled job: generate-weekly-combinations-optimized
Context:
  job_name: generate-weekly-combinations-optimized
  triggered_at_utc: 2026-02-18T11:06:36.399101+00:00
  timestamp: 2026-02-18T11:06:36.520945


2026-02-18 13:06:36 UTC - cron_service - INFO - [api_endpoints.py:call_backend_endpoint:28] -
Arrr! Attempting to call backend endpoint: http://backend:8000/cron/generate-weekly-combinations-optimized (attempt 1/3)


2026-02-18 13:06:40 UTC - cron_service - WARNING - [api_endpoints.py:health_check_endpoint:221] -
Backend health check failed
Context:
  error: HTTPConnectionPool(host='backend', port=8000): Read timed out. (read timeout=3)
  timestamp: 2026-02-18T11:06:40.605783


2026-02-18 13:06:43 UTC - cron_service - WARNING - [api_endpoints.py:health_check_endpoint:230] -
Cron status check failed
Context:
  error: HTTPConnectionPool(host='backend', port=8000): Read timed out. (read timeout=3)
  timestamp: 2026-02-18T11:06:43.707688


2026-02-18 13:07:12 UTC - cron_service - WARNING - [api_endpoints.py:call_backend_endpoint:38] -
Arrr! Backend health check failed (attempt 1/3), retrying...
Context:
  error: HTTPConnectionPool(host='backend', port=8000): Read timed out. (read timeout=30)
  url: http://backend:8000/health
  retry_in_seconds: 5
  timestamp: 2026-02-18T11:07:11.224264


2026-02-18 13:07:17 UTC - cron_service - INFO - [api_endpoints.py:call_backend_endpoint:28] -
Arrr! Attempting to call backend endpoint: http://backend:8000/cron/generate-weekly-combinations-optimized (attempt 2/3)


2026-02-18 13:07:48 UTC - cron_service - WARNING - [api_endpoints.py:call_backend_endpoint:38] -
Arrr! Backend health check failed (attempt 2/3), retrying...
Context:
  error: HTTPConnectionPool(host='backend', port=8000): Read timed out. (read timeout=30)
  url: http://backend:8000/health
  retry_in_seconds: 5
  timestamp: 2026-02-18T11:07:48.037325


2026-02-18 13:07:53 UTC - cron_service - INFO - [api_endpoints.py:call_backend_endpoint:28] -
Arrr! Attempting to call backend endpoint: http://backend:8000/cron/generate-weekly-combinations-optimized (attempt 3/3)


2026-02-18 13:07:54 UTC - cron_service - WARNING - [api_endpoints.py:health_check_endpoint:221] -
Backend health check failed
Context:
  error: HTTPConnectionPool(host='backend', port=8000): Read timed out. (read timeout=3)
  timestamp: 2026-02-18T11:07:54.395211


2026-02-18 13:07:57 UTC - cron_service - WARNING - [api_endpoints.py:health_check_endpoint:230] -
Cron status check failed
Context:
  error: HTTPConnectionPool(host='backend', port=8000): Read timed out. (read timeout=3)
  timestamp: 2026-02-18T11:07:57.495810


2026-02-18 13:08:33 UTC - cron_service - ERROR - [api_endpoints.py:call_backend_endpoint:49] -
Arrr! Backend health check failed after all retries!
Context:
  error: HTTPConnectionPool(host='backend', port=8000): Read timed out. (read timeout=30)
  url: http://backend:8000/health
  total_attempts: 3
  timestamp: 2026-02-18T11:08:33.718657


2026-02-18 13:08:33 UTC - cron_service - ERROR - [api_endpoints.py:call_backend_endpoint:155] -
Arrr! Timeout calling endpoint after all retries!
Context:
  error: HTTPConnectionPool(host='backend', port=8000): Read timed out. (read timeout=30)
  endpoint: /cron/generate-weekly-combinations-optimized
  backend_url: http://backend:8000
  total_attempts: 3
  timestamp: 2026-02-18T11:08:33.867340


2026-02-18 13:08:33 UTC - cron_service - WARNING - [scheduler.py:_run_job_with_error_handling:154] -
Arrr! Job 'generate-weekly-combinations-optimized' failed again (suppressing notification due to cooldown)
Context:
  job_name: generate-weekly-combinations-optimized
  error: HTTPConnectionPool(host='backend', port=8000): Read timed out. (read timeout=30)
  failure_count: 2
  cooldown_until: 2026-02-18T12:05:13.956335+00:00
  timestamp: 2026-02-18T11:08:33.889774


2026-02-18 13:08:33 UTC - cron_service - ERROR - [scheduler.py:run_scheduler:326] -
Arrr! Error in scheduler loop!
Context:
  error: HTTPConnectionPool(host='backend', port=8000): Read timed out. (read timeout=30)
  consecutive_errors: 3
  max_consecutive_errors: 5
  timestamp: 2026-02-18T11:08:33.897821


2026-02-18 13:08:40 UTC - cron_service - WARNING - [api_endpoints.py:health_check_endpoint:221] -
Backend health check failed
Context:
  error: HTTPConnectionPool(host='backend', port=8000): Read timed out. (read timeout=3)
  timestamp: 2026-02-18T11:08:40.576722


2026-02-18 13:08:43 UTC - cron_service - WARNING - [api_endpoints.py:health_check_endpoint:230] -
Cron status check failed
Context:
  error: HTTPConnectionPool(host='backend', port=8000): Read timed out. (read timeout=3)
  timestamp: 2026-02-18T11:08:43.707563


2026-02-18 13:09:27 UTC - cron_service - WARNING - [api_endpoints.py:health_check_endpoint:221] -
Backend health check failed
Context:
  error: HTTPConnectionPool(host='backend', port=8000): Read timed out. (read timeout=3)
  timestamp: 2026-02-18T11:09:27.440338


2026-02-18 13:09:30 UTC - cron_service - WARNING - [api_endpoints.py:health_check_endpoint:230] -
Cron status check failed
Context:
  error: HTTPConnectionPool(host='backend', port=8000): Read timed out. (read timeout=3)
  timestamp: 2026-02-18T11:09:30.539286


2026-02-18 13:09:59 UTC - cron_service - INFO - [scheduler.py:_run_job_with_error_handling:115] -
Arrr! Starting scheduled job: generate-weekly-combinations-optimized
Context:
  job_name: generate-weekly-combinations-optimized
  triggered_at_utc: 2026-02-18T11:09:58.752713+00:00
  timestamp: 2026-02-18T11:09:59.689216


2026-02-18 13:09:59 UTC - cron_service - INFO - [api_endpoints.py:call_backend_endpoint:28] -
Arrr! Attempting to call backend endpoint: http://backend:8000/cron/generate-weekly-combinations-optimized (attempt 1/3)


2026-02-18 13:10:04 UTC - cron_service - WARNING - [api_endpoints.py:health_check_endpoint:221] -
Backend health check failed
Context:
  error: HTTPConnectionPool(host='backend', port=8000): Read timed out. (read timeout=3)
  timestamp: 2026-02-18T11:10:04.939274


2026-02-18 13:10:08 UTC - cron_service - WARNING - [api_endpoints.py:health_check_endpoint:230] -
Cron status check failed
Context:
  error: HTTPConnectionPool(host='backend', port=8000): Read timed out. (read timeout=3)
  timestamp: 2026-02-18T11:10:08.096877


2026-02-18 13:10:38 UTC - cron_service - WARNING - [api_endpoints.py:call_backend_endpoint:38] -
Arrr! Backend health check failed (attempt 1/3), retrying...
Context:
  error: HTTPConnectionPool(host='backend', port=8000): Read timed out. (read timeout=30)
  url: http://backend:8000/health
  retry_in_seconds: 5
  timestamp: 2026-02-18T11:10:38.185185


2026-02-18 13:10:43 UTC - cron_service - INFO - [api_endpoints.py:call_backend_endpoint:28] -
Arrr! Attempting to call backend endpoint: http://backend:8000/cron/generate-weekly-combinations-optimized (attempt 2/3)


2026-02-18 13:10:44 UTC - cron_service - WARNING - [api_endpoints.py:health_check_endpoint:221] -
Backend health check failed
Context:
  error: HTTPConnectionPool(host='backend', port=8000): Read timed out. (read timeout=3)
  timestamp: 2026-02-18T11:10:44.641129


2026-02-18 13:10:48 UTC - cron_service - WARNING - [api_endpoints.py:health_check_endpoint:230] -
Cron status check failed
Context:
  error: HTTPConnectionPool(host='backend', port=8000): Read timed out. (read timeout=3)
  timestamp: 2026-02-18T11:10:47.894186


2026-02-18 13:11:16 UTC - cron_service - WARNING - [api_endpoints.py:call_backend_endpoint:38] -
Arrr! Backend health check failed (attempt 2/3), retrying...
Context:
  error: HTTPConnectionPool(host='backend', port=8000): Read timed out. (read timeout=30)
  url: http://backend:8000/health
  retry_in_seconds: 5
  timestamp: 2026-02-18T11:11:16.417581


2026-02-18 13:11:22 UTC - cron_service - INFO - [api_endpoints.py:call_backend_endpoint:28] -
Arrr! Attempting to call backend endpoint: http://backend:8000/cron/generate-weekly-combinations-optimized (attempt 3/3)


2026-02-18 13:11:22 UTC - cron_service - WARNING - [api_endpoints.py:health_check_endpoint:221] -
Backend health check failed
Context:
  error: HTTPConnectionPool(host='backend', port=8000): Read timed out. (read timeout=3)
  timestamp: 2026-02-18T11:11:22.458700


2026-02-18 13:11:25 UTC - cron_service - WARNING - [api_endpoints.py:health_check_endpoint:230] -
Cron status check failed
Context:
  error: HTTPConnectionPool(host='backend', port=8000): Read timed out. (read timeout=3)
  timestamp: 2026-02-18T11:11:25.488136


2026-02-18 13:11:56 UTC - cron_service - ERROR - [api_endpoints.py:call_backend_endpoint:49] -
Arrr! Backend health check failed after all retries!
Context:
  error: HTTPConnectionPool(host='backend', port=8000): Read timed out. (read timeout=30)
  url: http://backend:8000/health
  total_attempts: 3
  timestamp: 2026-02-18T11:11:56.275195


2026-02-18 13:11:56 UTC - cron_service - ERROR - [api_endpoints.py:call_backend_endpoint:155] -
Arrr! Timeout calling endpoint after all retries!
Context:
  error: HTTPConnectionPool(host='backend', port=8000): Read timed out. (read timeout=30)
  endpoint: /cron/generate-weekly-combinations-optimized
  backend_url: http://backend:8000
  total_attempts: 3
  timestamp: 2026-02-18T11:11:56.694832


2026-02-18 13:11:56 UTC - cron_service - WARNING - [scheduler.py:_run_job_with_error_handling:154] -
Arrr! Job 'generate-weekly-combinations-optimized' failed again (suppressing notification due to cooldown)
Context:
  job_name: generate-weekly-combinations-optimized
  error: HTTPConnectionPool(host='backend', port=8000): Read timed out. (read timeout=30)
  failure_count: 2
  cooldown_until: 2026-02-18T12:05:13.956335+00:00
  timestamp: 2026-02-18T11:11:56.733697


2026-02-18 13:11:56 UTC - cron_service - ERROR - [scheduler.py:run_scheduler:326] -
Arrr! Error in scheduler loop!
Context:
  error: HTTPConnectionPool(host='backend', port=8000): Read timed out. (read timeout=30)
  consecutive_errors: 4
  max_consecutive_errors: 5
  timestamp: 2026-02-18T11:11:56.737393


2026-02-18 13:12:01 UTC - cron_service - WARNING - [api_endpoints.py:health_check_endpoint:221] -
Backend health check failed
Context:
  error: HTTPConnectionPool(host='backend', port=8000): Read timed out. (read timeout=3)
  timestamp: 2026-02-18T11:12:01.598812


2026-02-18 13:12:04 UTC - cron_service - WARNING - [api_endpoints.py:health_check_endpoint:230] -
Cron status check failed
Context:
  error: HTTPConnectionPool(host='backend', port=8000): Read timed out. (read timeout=3)
  timestamp: 2026-02-18T11:12:04.703894


2026-02-18 13:12:38 UTC - cron_service - WARNING - [api_endpoints.py:health_check_endpoint:221] -
Backend health check failed
Context:
  error: HTTPConnectionPool(host='backend', port=8000): Read timed out. (read timeout=3)
  timestamp: 2026-02-18T11:12:38.798380


2026-02-18 13:12:41 UTC - cron_service - WARNING - [api_endpoints.py:health_check_endpoint:230] -
Cron status check failed
Context:
  error: HTTPConnectionPool(host='backend', port=8000): Read timed out. (read timeout=3)
  timestamp: 2026-02-18T11:12:41.908533


2026-02-18 13:13:12 UTC - cron_service - INFO - [scheduler.py:_run_job_with_error_handling:115] -
Arrr! Starting scheduled job: generate-weekly-combinations-optimized
Context:
  job_name: generate-weekly-combinations-optimized
  triggered_at_utc: 2026-02-18T11:13:11.497671+00:00
  timestamp: 2026-02-18T11:13:12.143141


2026-02-18 13:13:12 UTC - cron_service - INFO - [api_endpoints.py:call_backend_endpoint:28] -
Arrr! Attempting to call backend endpoint: http://backend:8000/cron/generate-weekly-combinations-optimized (attempt 1/3)


2026-02-18 13:13:17 UTC - cron_service - WARNING - [api_endpoints.py:health_check_endpoint:221] -
Backend health check failed
Context:
  error: HTTPConnectionPool(host='backend', port=8000): Read timed out. (read timeout=3)
  timestamp: 2026-02-18T11:13:17.049366


2026-02-18 13:13:20 UTC - cron_service - WARNING - [api_endpoints.py:health_check_endpoint:230] -
Cron status check failed
Context:
  error: HTTPConnectionPool(host='backend', port=8000): Read timed out. (read timeout=3)
  timestamp: 2026-02-18T11:13:20.203264


2026-02-18 13:13:56 UTC - cron_service - WARNING - [api_endpoints.py:call_backend_endpoint:38] -
Arrr! Backend health check failed (attempt 1/3), retrying...
Context:
  error: HTTPConnectionPool(host='backend', port=8000): Read timed out. (read timeout=30)
  url: http://backend:8000/health
  retry_in_seconds: 5
  timestamp: 2026-02-18T11:13:56.269937


2026-02-18 13:14:00 UTC - cron_service - WARNING - [api_endpoints.py:health_check_endpoint:221] -
Backend health check failed
Context:
  error: HTTPConnectionPool(host='backend', port=8000): Read timed out. (read timeout=3)
  timestamp: 2026-02-18T11:14:00.357952


2026-02-18 13:14:01 UTC - cron_service - INFO - [api_endpoints.py:call_backend_endpoint:28] -
Arrr! Attempting to call backend endpoint: http://backend:8000/cron/generate-weekly-combinations-optimized (attempt 2/3)


2026-02-18 13:14:03 UTC - cron_service - WARNING - [api_endpoints.py:health_check_endpoint:230] -
Cron status check failed
Context:
  error: HTTPConnectionPool(host='backend', port=8000): Read timed out. (read timeout=3)
  timestamp: 2026-02-18T11:14:03.474839


2026-02-18 13:14:31 UTC - cron_service - WARNING - [api_endpoints.py:call_backend_endpoint:38] -
Arrr! Backend health check failed (attempt 2/3), retrying...
Context:
  error: HTTPConnectionPool(host='backend', port=8000): Read timed out. (read timeout=30)
  url: http://backend:8000/health
  retry_in_seconds: 5
  timestamp: 2026-02-18T11:14:31.433642


2026-02-18 13:14:36 UTC - cron_service - INFO - [api_endpoints.py:call_backend_endpoint:28] -
Arrr! Attempting to call backend endpoint: http://backend:8000/cron/generate-weekly-combinations-optimized (attempt 3/3)


2026-02-18 13:14:38 UTC - cron_service - WARNING - [api_endpoints.py:health_check_endpoint:221] -
Backend health check failed
Context:
  error: HTTPConnectionPool(host='backend', port=8000): Read timed out. (read timeout=3)
  timestamp: 2026-02-18T11:14:38.919138


2026-02-18 13:15:11 UTC - cron_service - ERROR - [api_endpoints.py:call_backend_endpoint:49] -
Arrr! Backend health check failed after all retries!
Context:
  error: HTTPConnectionPool(host='backend', port=8000): Read timed out. (read timeout=30)
  url: http://backend:8000/health
  total_attempts: 3
  timestamp: 2026-02-18T11:15:11.257945


2026-02-18 13:15:11 UTC - cron_service - ERROR - [api_endpoints.py:call_backend_endpoint:155] -
Arrr! Timeout calling endpoint after all retries!
Context:
  error: HTTPConnectionPool(host='backend', port=8000): Read timed out. (read timeout=30)
  endpoint: /cron/generate-weekly-combinations-optimized
  backend_url: http://backend:8000
  total_attempts: 3
  timestamp: 2026-02-18T11:15:11.393439


2026-02-18 13:15:11 UTC - cron_service - WARNING - [scheduler.py:_run_job_with_error_handling:154] -
Arrr! Job 'generate-weekly-combinations-optimized' failed again (suppressing notification due to cooldown)
Context:
  job_name: generate-weekly-combinations-optimized
  error: HTTPConnectionPool(host='backend', port=8000): Read timed out. (read timeout=30)
  failure_count: 2
  cooldown_until: 2026-02-18T12:05:13.956335+00:00
  timestamp: 2026-02-18T11:15:11.401235


2026-02-18 13:15:11 UTC - cron_service - WARNING - [api_endpoints.py:health_check_endpoint:230] -
Cron status check failed
Context:
  error: HTTPConnectionPool(host='backend', port=8000): Read timed out. (read timeout=3)
  timestamp: 2026-02-18T11:15:11.425563


2026-02-18 13:15:11 UTC - cron_service - ERROR - [scheduler.py:run_scheduler:326] -
Arrr! Error in scheduler loop!
Context:
  error: HTTPConnectionPool(host='backend', port=8000): Read timed out. (read timeout=30)
  consecutive_errors: 5
  max_consecutive_errors: 5
  timestamp: 2026-02-18T11:15:11.440463


2026-02-18 13:20:31 UTC - cron_service - INFO - [scheduler.py:_run_job_with_error_handling:115] -
Arrr! Starting scheduled job: generate-weekly-combinations-optimized
Context:
  job_name: generate-weekly-combinations-optimized
  triggered_at_utc: 2026-02-18T11:20:30.651155+00:00
  timestamp: 2026-02-18T11:20:30.815948


2026-02-18 13:20:31 UTC - cron_service - INFO - [api_endpoints.py:call_backend_endpoint:28] -
Arrr! Attempting to call backend endpoint: http://backend:8000/cron/generate-weekly-combinations-optimized (attempt 1/3)


2026-02-18 13:24:47 UTC - cron_service - WARNING - [api_endpoints.py:call_backend_endpoint:38] -
Arrr! Backend health check failed (attempt 1/3), retrying...
Context:
  error: HTTPConnectionPool(host='backend', port=8000): Read timed out. (read timeout=30)
  url: http://backend:8000/health
  retry_in_seconds: 5
  timestamp: 2026-02-18T11:24:05.333261


2026-02-18 13:34:50 UTC - cron_service - INFO - [api_endpoints.py:call_backend_endpoint:28] -
Arrr! Attempting to call backend endpoint: http://backend:8000/cron/generate-weekly-combinations-optimized (attempt 2/3)


2026-02-18 13:35:27 UTC - cron_service - WARNING - [api_endpoints.py:call_backend_endpoint:38] -
Arrr! Backend health check failed (attempt 2/3), retrying...
Context:
  error: HTTPConnectionPool(host='backend', port=8000): Read timed out. (read timeout=30)
  url: http://backend:8000/health
  retry_in_seconds: 5
  timestamp: 2026-02-18T11:35:24.812368


2026-02-18 13:35:35 UTC - cron_service - INFO - [api_endpoints.py:call_backend_endpoint:28] -
Arrr! Attempting to call backend endpoint: http://backend:8000/cron/generate-weekly-combinations-optimized (attempt 3/3)


2026-02-18 13:37:55 UTC - cron_service - ERROR - [api_endpoints.py:call_backend_endpoint:49] -
Arrr! Backend health check failed after all retries!
Context:
  error: HTTPConnectionPool(host='backend', port=8000): Max retries exceeded with url: /health (Caused by NameResolutionError("<urllib3.connection.HTTPConnection object at 0x7fa62fdf18d0>: Failed to resolve 'backend' ([Errno -3] Temporary failure in name resolution)"))
  url: http://backend:8000/health
  total_attempts: 3
  timestamp: 2026-02-18T11:37:43.867273


2026-02-18 13:42:13 UTC - cron_service - ERROR - [api_endpoints.py:call_backend_endpoint:131] -
Arrr! Connection error calling endpoint after all retries!
Context:
  error: HTTPConnectionPool(host='backend', port=8000): Max retries exceeded with url: /health (Caused by NameResolutionError("<urllib3.connection.HTTPConnection object at 0x7fa62fdf18d0>: Failed to resolve 'backend' ([Errno -3] Temporary failure in name resolution)"))
  endpoint: /cron/generate-weekly-combinations-optimized
  backend_url: http://backend:8000
  total_attempts: 3
  timestamp: 2026-02-18T11:41:31.551221


2026-02-18 14:06:46 UTC - cron_service - WARNING - [scheduler.py:_run_job_with_error_handling:154] -
Arrr! Job 'generate-weekly-combinations-optimized' failed again (suppressing notification due to cooldown)
Context:
  job_name: generate-weekly-combinations-optimized
  error: HTTPConnectionPool(host='backend', port=8000): Max retries exceeded with url: /health (Caused by NameResolutionError("<urllib3.connection.HTTPConnection object at 0x7fa62fdf18d0>: Failed to resolve 'backend' ([Errno -3] Temporary failure in name resolution)"))
  failure_count: 2
  cooldown_until: 2026-02-18T12:05:13.956335+00:00
  timestamp: 2026-02-18T12:06:46.201358


2026-02-18 14:06:46 UTC - cron_service - ERROR - [scheduler.py:run_scheduler:336] -
Arrr! Too many consecutive errors in scheduler loop! Stopping scheduler to prevent spam!
Context:
  error: HTTPConnectionPool(host='backend', port=8000): Max retries exceeded with url: /health (Caused by NameResolutionError("<urllib3.connection.HTTPConnection object at 0x7fa62fdf18d0>: Failed to resolve 'backend' ([Errno -3] Temporary failure in name resolution)"))
  consecutive_errors: 6
  max_consecutive_errors: 5
  severity: critical
  timestamp: 2026-02-18T12:06:46.474456


2026-02-18 14:06:46 UTC - cron_service - ERROR - [error_handler.py:handle_job_error:28] -
Arrr! Cron job 'scheduler-loop' failed!
Context:
  job_name: scheduler-loop
  error: HTTPConnectionPool(host='backend', port=8000): Max retries exceeded with url: /health (Caused by NameResolutionError("<urllib3.connection.HTTPConnection object at 0x7fa62fdf18d0>: Failed to resolve 'backend' ([Errno -3] Temporary failure in name resolution)"))
  error_type: ConnectionError
  traceback: Traceback (most recent call last):
  File "/usr/local/lib/python3.11/site-packages/urllib3/connection.py", line 198, in _new_conn
    sock = connection.create_connection(
           ^^^^^^^^^^^^^^^^^^^^^^^^^^^^^
  File "/usr/local/lib/python3.11/site-packages/urllib3/util/connection.py", line 60, in create_connection
    for res in socket.getaddrinfo(host, port, family, socket.SOCK_STREAM):
               ^^^^^^^^^^^^^^^^^^^^^^^^^^^^^^^^^^^^^^^^^^^^^^^^^^^^^^^^^^
  File "/usr/local/lib/python3.11/socket.py", line 974, in getaddrinfo
    for res in _socket.getaddrinfo(host, port, family, type, proto, flags):
               ^^^^^^^^^^^^^^^^^^^^^^^^^^^^^^^^^^^^^^^^^^^^^^^^^^^^^^^^^^^
socket.gaierror: [Errno -3] Temporary failure in name resolution

The above exception was the direct cause of the following exception:

Traceback (most recent call last):
  File "/usr/local/lib/python3.11/site-packages/urllib3/connectionpool.py", line 787, in urlopen
    response = self._make_request(
               ^^^^^^^^^^^^^^^^^^^
  File "/usr/local/lib/python3.11/site-packages/urllib3/connectionpool.py", line 493, in _make_request
    conn.request(
  File "/usr/local/lib/python3.11/site-packages/urllib3/connection.py", line 494, in request
    self.endheaders()
  File "/usr/local/lib/python3.11/http/client.py", line 1298, in endheaders
    self._send_output(message_body, encode_chunked=encode_chunked)
  File "/usr/local/lib/python3.11/http/client.py", line 1058, in _send_output
    self.send(msg)
  File "/usr/local/lib/python3.11/http/client.py", line 996, in send
    self.connect()
  File "/usr/local/lib/python3.11/site-packages/urllib3/connection.py", line 325, in connect
    self.sock = self._new_conn()
                ^^^^^^^^^^^^^^^^
  File "/usr/local/lib/python3.11/site-packages/urllib3/connection.py", line 205, in _new_conn
    raise NameResolutionError(self.host, self, e) from e
urllib3.exceptions.NameResolutionError: <urllib3.connection.HTTPConnection object at 0x7fa62fdf18d0>: Failed to resolve 'backend' ([Errno -3] Temporary failure in name resolution)

The above exception was the direct cause of the following exception:

Traceback (most recent call last):
  File "/usr/local/lib/python3.11/site-packages/requests/adapters.py", line 486, in send
    resp = conn.urlopen(
           ^^^^^^^^^^^^^
  File "/usr/local/lib/python3.11/site-packages/urllib3/connectionpool.py", line 841, in urlopen
    retries = retries.increment(
              ^^^^^^^^^^^^^^^^^^
  File "/usr/local/lib/python3.11/site-packages/urllib3/util/retry.py", line 519, in increment
    raise MaxRetryError(_pool, url, reason) from reason  # type: ignore[arg-type]
    ^^^^^^^^^^^^^^^^^^^^^^^^^^^^^^^^^^^^^^^^^^^^^^^^^^^
urllib3.exceptions.MaxRetryError: HTTPConnectionPool(host='backend', port=8000): Max retries exceeded with url: /health (Caused by NameResolutionError("<urllib3.connection.HTTPConnection object at 0x7fa62fdf18d0>: Failed to resolve 'backend' ([Errno -3] Temporary failure in name resolution)"))

During handling of the above exception, another exception occurred:

Traceback (most recent call last):
  File "/app/cron/scheduler.py", line 291, in run_scheduler
    schedule.run_pending()
  File "/usr/local/lib/python3.11/site-packages/schedule/__init__.py", line 822, in run_pending
    default_scheduler.run_pending()
  File "/usr/local/lib/python3.11/site-packages/schedule/__init__.py", line 100, in run_pending
    self._run_job(job)
  File "/usr/local/lib/python3.11/site-packages/schedule/__init__.py", line 172, in _run_job
    ret = job.run()
          ^^^^^^^^^
  File "/usr/local/lib/python3.11/site-packages/schedule/__init__.py", line 693, in run
    ret = self.job_func()
          ^^^^^^^^^^^^^^^
  File "/app/cron/scheduler.py", line 28, in <lambda>
    lambda: _run_job_with_error_handling("generate-weekly-combinations-optimized",
           ^^^^^^^^^^^^^^^^^^^^^^^^^^^^^^^^^^^^^^^^^^^^^^^^^^^^^^^^^^^^^^^^^^^^^^
  File "/app/cron/scheduler.py", line 121, in _run_job_with_error_handling
    job_function()
  File "/app/cron/scheduler.py", line 29, in <lambda>
    lambda: call_backend_endpoint("/cron/generate-weekly-combinations-optimized", last_successful_job),
            ^^^^^^^^^^^^^^^^^^^^^^^^^^^^^^^^^^^^^^^^^^^^^^^^^^^^^^^^^^^^^^^^^^^^^^^^^^^^^^^^^^^^^^^^^^
  File "/app/cron/api_endpoints.py", line 33, in call_backend_endpoint
    health_check = requests.get(f"{backend_url}/health", timeout=30)
                   ^^^^^^^^^^^^^^^^^^^^^^^^^^^^^^^^^^^^^^^^^^^^^^^^^
  File "/usr/local/lib/python3.11/site-packages/requests/api.py", line 73, in get
    return request("get", url, params=params, **kwargs)
           ^^^^^^^^^^^^^^^^^^^^^^^^^^^^^^^^^^^^^^^^^^^^
  File "/usr/local/lib/python3.11/site-packages/requests/api.py", line 59, in request
    return session.request(method=method, url=url, **kwargs)
           ^^^^^^^^^^^^^^^^^^^^^^^^^^^^^^^^^^^^^^^^^^^^^^^^^
  File "/usr/local/lib/python3.11/site-packages/requests/sessions.py", line 589, in request
    resp = self.send(prep, **send_kwargs)
           ^^^^^^^^^^^^^^^^^^^^^^^^^^^^^^
  File "/usr/local/lib/python3.11/site-packages/requests/sessions.py", line 703, in send
    r = adapter.send(request, **kwargs)
        ^^^^^^^^^^^^^^^^^^^^^^^^^^^^^^^
  File "/usr/local/lib/python3.11/site-packages/requests/adapters.py", line 519, in send
    raise ConnectionError(e, request=request)
requests.exceptions.ConnectionError: HTTPConnectionPool(host='backend', port=8000): Max retries exceeded with url: /health (Caused by NameResolutionError("<urllib3.connection.HTTPConnection object at 0x7fa62fdf18d0>: Failed to resolve 'backend' ([Errno -3] Temporary failure in name resolution)"))

  context:
    consecutive_errors: 6
    action: scheduler_stopped_to_prevent_spam
  timestamp: 2026-02-18T12:06:46.617247


2026-02-18 14:07:19 UTC - cron_service - ERROR - [error_handler.py:_send_error_notification:78] -
Arrr! Failed to send error notification!
Context:
  job_name: scheduler-loop
  notification_error: HTTPConnectionPool(host='email-service', port=8000): Read timed out. (read timeout=30)
  timestamp: 2026-02-18T12:07:18.105635


2026-02-18 14:07:23 UTC - cron_service - ERROR - [error_handler.py:handle_job_error:45] -
Arrr! Failed to send error notification for job 'scheduler-loop'!
Context:
  original_error: HTTPConnectionPool(host='backend', port=8000): Max retries exceeded with url: /health (Caused by NameResolutionError("<urllib3.connection.HTTPConnection object at 0x7fa62fdf18d0>: Failed to resolve 'backend' ([Errno -3] Temporary failure in name resolution)"))
  notification_error: HTTPConnectionPool(host='email-service', port=8000): Read timed out. (read timeout=30)
  timestamp: 2026-02-18T12:07:21.152326


2026-02-19 00:23:39 UTC - cron_service - INFO - [unknown:unknown:0] -
Logging service initialized - log rotation: 9.5MB max, backup count: 100, cleanup scheduled via cron service at 02:00 AM daily (14 days retention)


2026-02-19 00:23:39 UTC - cron_service - INFO - [main.py:<module>:181] -
Arrr! Starting cron service...


2026-02-19 00:23:39 UTC - cron_service - INFO - [scheduler.py:setup_jobs:32] -
Arrr! TEST: Weekly combinations OPTIMIZED job scheduled to run at 22:25 UTC (in 2 minutes)!
Context:
  test_time_utc: 22:25
  current_time_utc: 2026-02-18T22:23:39.997563+00:00
  scheduled_in_minutes: 2
  endpoint: /cron/generate-weekly-combinations-optimized
  timestamp: 2026-02-18T22:23:39.999256


2026-02-19 00:23:40 UTC - cron_service - INFO - [scheduler.py:setup_jobs:78] -
Arrr! All jobs scheduled successfully!
Context:
  current_time_utc: 2026-02-18T22:23:40.000183+00:00
  scheduled_jobs: 5
  timestamp: 2026-02-18T22:23:40.000840


2026-02-19 00:23:40 UTC - cron_service - INFO - [scheduler.py:setup_jobs:101] -
Arrr! Job scheduled: generate-weekly-combinations-optimized
Context:
  job_name: generate-weekly-combinations-optimized
  next_run_utc: 2026-02-18T22:25:00+00:00
  days_until_run: 0
  hours_until_run: 0
  timestamp: 2026-02-18T22:23:40.002180


2026-02-19 00:23:40 UTC - cron_service - INFO - [scheduler.py:setup_jobs:101] -
Arrr! Job scheduled: fetch-latest-draw
Context:
  job_name: fetch-latest-draw
  next_run_utc: 2026-02-19T03:00:00+00:00
  days_until_run: 0
  hours_until_run: 4
  timestamp: 2026-02-18T22:23:40.003427


2026-02-19 00:23:40 UTC - cron_service - INFO - [scheduler.py:setup_jobs:101] -
Arrr! Job scheduled: best-model-tables-and-email
Context:
  job_name: best-model-tables-and-email
  next_run_utc: 2026-02-22T14:00:00+00:00
  days_until_run: 3
  hours_until_run: 87
  timestamp: 2026-02-18T22:23:40.004741


2026-02-19 00:23:40 UTC - cron_service - INFO - [scheduler.py:setup_jobs:101] -
Arrr! Job scheduled: cleanup-system
Context:
  job_name: cleanup-system
  next_run_utc: 2026-02-19T02:00:00+00:00
  days_until_run: 0
  hours_until_run: 3
  timestamp: 2026-02-18T22:23:40.006084


2026-02-19 00:23:40 UTC - cron_service - INFO - [scheduler.py:setup_jobs:101] -
Arrr! Job scheduled: backup-database
Context:
  job_name: backup-database
  next_run_utc: 2026-02-22T02:00:00+00:00
  days_until_run: 3
  hours_until_run: 75
  timestamp: 2026-02-18T22:23:40.007329


2026-02-19 00:23:40 UTC - cron_service - INFO - [scheduler.py:run_scheduler:280] -
Arrr! Scheduler thread started!
Context:
  current_time_utc: 2026-02-18T22:23:40.008207+00:00
  scheduled_jobs_count: 5
  timestamp: 2026-02-18T22:23:40.013075


2026-02-19 00:25:40 UTC - cron_service - INFO - [scheduler.py:_run_job_with_error_handling:115] -
Arrr! Starting scheduled job: generate-weekly-combinations-optimized
Context:
  job_name: generate-weekly-combinations-optimized
  triggered_at_utc: 2026-02-18T22:25:40.015792+00:00
  timestamp: 2026-02-18T22:25:40.018652


2026-02-19 00:25:40 UTC - cron_service - INFO - [api_endpoints.py:call_backend_endpoint:28] -
Arrr! Attempting to call backend endpoint: http://backend:8000/cron/generate-weekly-combinations-optimized (attempt 1/3)


2026-02-19 00:25:40 UTC - cron_service - INFO - [api_endpoints.py:call_backend_endpoint:35] -
Arrr! Backend health check successful!


2026-02-19 00:25:40 UTC - cron_service - INFO - [api_endpoints.py:call_backend_endpoint:61] -
Arrr! Sending POST request to: http://backend:8000/cron/generate-weekly-combinations-optimized


2026-02-19 00:25:40 UTC - cron_service - INFO - [api_endpoints.py:call_backend_endpoint:114] -
Arrr! Successfully called /cron/generate-weekly-combinations-optimized: {'status': 'success', 'message': 'OPTIMIZED Weekly combinations generated successfully using grid search', 'num_combinations': 3, 'prediction_id': 3898, 'total_time': '0.57s', 'email_sent': False, 'email_error': 'HTTPConnectionPool(host=\'localhost\', port=8001): Max retries exceeded with url: /send-best-model-tables (Caused by NewConnectionError("HTTPConnection(host=\'localhost\', port=8001): Failed to establish a new connection: [Errno 111] Connection refused"))', 'optimized_parameters': {'top_n': 2, 'num_to_recommend': 3, 'test_count': 8, 'main_algo': 'top_6_overall_frequent_v1', 'strong_algo': 'most_common', 'expected_roi': -0.5535714285714285, 'grid_search_metadata': {'total_combinations_tested': 500, 'execution_time': 48.051202058792114, 'cache_key': 'grid_search:8ff42765015808da1f95c7fde21eeef9', 'draws_used': 1811, 'quick_mode': False}}, 'performance_breakdown': {'draws_load': '0.04s', 'grid_search': '0.06s', 'generation': '0.10s', 'database': '0.07s'}}


2026-02-19 00:25:40 UTC - cron_service - INFO - [scheduler.py:_run_job_with_error_handling:128] -
Arrr! Job 'generate-weekly-combinations-optimized' completed successfully!
Context:
  job_name: generate-weekly-combinations-optimized
  completed_at_utc: 2026-02-18T22:25:40.666319+00:00
  timestamp: 2026-02-18T22:25:40.667695


